<ImportExportXml version="9.2.24122.178" SolutionPackageVersion="9.2" languagecode="1033" generatedBy="CrmLive" xmlns:xsi="http://www.w3.org/2001/XMLSchema-instance" OrganizationVersion="9.2.24122.178" OrganizationSchemaType="Standard" CRMServerServiceabilityVersion="9.2.24122.00178">
  <SolutionManifest>
    <UniqueName>ExpensesSolution</UniqueName>
    <LocalizedNames>
      <LocalizedName description="Expenses Solution" languagecode="1033" />
    </LocalizedNames>
    <Descriptions />
    <Version>1.0.0.3</Version>
    <Managed>1</Managed>
    <Publisher>
      <UniqueName>AlexWithers</UniqueName>
      <LocalizedNames>
        <LocalizedName description="Alex Withers" languagecode="1033" />
      </LocalizedNames>
      <Descriptions />
      <EMailAddress xsi:nil="true"></EMailAddress>
      <SupportingWebsiteUrl xsi:nil="true"></SupportingWebsiteUrl>
      <CustomizationPrefix>aw</CustomizationPrefix>
      <CustomizationOptionValuePrefix>10000</CustomizationOptionValuePrefix>
      <Addresses>
        <Address>
          <AddressNumber>1</AddressNumber>
          <AddressTypeCode>1</AddressTypeCode>
          <City xsi:nil="true"></City>
          <County xsi:nil="true"></County>
          <Country xsi:nil="true"></Country>
          <Fax xsi:nil="true"></Fax>
          <FreightTermsCode xsi:nil="true"></FreightTermsCode>
          <ImportSequenceNumber xsi:nil="true"></ImportSequenceNumber>
          <Latitude xsi:nil="true"></Latitude>
          <Line1 xsi:nil="true"></Line1>
          <Line2 xsi:nil="true"></Line2>
          <Line3 xsi:nil="true"></Line3>
          <Longitude xsi:nil="true"></Longitude>
          <Name xsi:nil="true"></Name>
          <PostalCode xsi:nil="true"></PostalCode>
          <PostOfficeBox xsi:nil="true"></PostOfficeBox>
          <PrimaryContactName xsi:nil="true"></PrimaryContactName>
          <ShippingMethodCode>1</ShippingMethodCode>
          <StateOrProvince xsi:nil="true"></StateOrProvince>
          <Telephone1 xsi:nil="true"></Telephone1>
          <Telephone2 xsi:nil="true"></Telephone2>
          <Telephone3 xsi:nil="true"></Telephone3>
          <TimeZoneRuleVersionNumber xsi:nil="true"></TimeZoneRuleVersionNumber>
          <UPSZone xsi:nil="true"></UPSZone>
          <UTCOffset xsi:nil="true"></UTCOffset>
          <UTCConversionTimeZoneCode xsi:nil="true"></UTCConversionTimeZoneCode>
        </Address>
        <Address>
          <AddressNumber>2</AddressNumber>
          <AddressTypeCode>1</AddressTypeCode>
          <City xsi:nil="true"></City>
          <County xsi:nil="true"></County>
          <Country xsi:nil="true"></Country>
          <Fax xsi:nil="true"></Fax>
          <FreightTermsCode xsi:nil="true"></FreightTermsCode>
          <ImportSequenceNumber xsi:nil="true"></ImportSequenceNumber>
          <Latitude xsi:nil="true"></Latitude>
          <Line1 xsi:nil="true"></Line1>
          <Line2 xsi:nil="true"></Line2>
          <Line3 xsi:nil="true"></Line3>
          <Longitude xsi:nil="true"></Longitude>
          <Name xsi:nil="true"></Name>
          <PostalCode xsi:nil="true"></PostalCode>
          <PostOfficeBox xsi:nil="true"></PostOfficeBox>
          <PrimaryContactName xsi:nil="true"></PrimaryContactName>
          <ShippingMethodCode>1</ShippingMethodCode>
          <StateOrProvince xsi:nil="true"></StateOrProvince>
          <Telephone1 xsi:nil="true"></Telephone1>
          <Telephone2 xsi:nil="true"></Telephone2>
          <Telephone3 xsi:nil="true"></Telephone3>
          <TimeZoneRuleVersionNumber xsi:nil="true"></TimeZoneRuleVersionNumber>
          <UPSZone xsi:nil="true"></UPSZone>
          <UTCOffset xsi:nil="true"></UTCOffset>
          <UTCConversionTimeZoneCode xsi:nil="true"></UTCConversionTimeZoneCode>
        </Address>
      </Addresses>
    </Publisher>
    <RootComponents>
      <RootComponent type="29" id="{74d61828-f6d7-ef11-a72f-6045bdf2b6b1}" behavior="0" />
      <RootComponent type="29" id="{b2e953a3-c592-ee11-be37-000d3a475ad5}" behavior="0" />
      <RootComponent type="29" id="{d47b5f1f-576f-ee11-9ae7-000d3a475ad5}" behavior="0" />
      <RootComponent type="29" id="{d67b5f1f-576f-ee11-9ae7-000d3a475ad5}" behavior="0" />
      <RootComponent type="29" id="{d77b5f1f-576f-ee11-9ae7-000d3a475ad5}" behavior="0" />
      <RootComponent type="300" schemaName="aw_expensesapp_8e1b9" behavior="0" />
    </RootComponents>
    <MissingDependencies>
      <MissingDependency>
        <Required type="connectionreference" displayName="aw_sharedapprovals_eae67" solution="Active" id.connectionreferencelogicalname="aw_sharedapprovals_eae67" />
        <Dependent type="29" displayName="Office Support -Expenses - Pending Approval Alert" id="{74d61828-f6d7-ef11-a72f-6045bdf2b6b1}" />
      </MissingDependency>
      <MissingDependency>
        <Required type="connectionreference" displayName="aw_sharedonedriveforbusiness_d2ecb" solution="Active" id.connectionreferencelogicalname="aw_sharedonedriveforbusiness_d2ecb" />
        <Dependent type="29" displayName="Office Support -Expenses - Pending Approval Alert" id="{74d61828-f6d7-ef11-a72f-6045bdf2b6b1}" />
      </MissingDependency>
      <MissingDependency>
        <Required type="connectionreference" displayName="aw_sharedsharepointonline_3c66d" solution="Active" id.connectionreferencelogicalname="aw_sharedsharepointonline_3c66d" />
        <Dependent type="29" displayName="Office Support -Expenses - Pending Approval Alert" id="{74d61828-f6d7-ef11-a72f-6045bdf2b6b1}" />
      </MissingDependency>
      <MissingDependency>
        <Required type="connectionreference" displayName="aw_sharedsharepointonline_3c66d" solution="Active" id.connectionreferencelogicalname="aw_sharedsharepointonline_3c66d" />
        <Dependent type="29" displayName="Office Support - Copy Mileage Total Amount to Total Amount Claimed Expense Line Item " id="{b2e953a3-c592-ee11-be37-000d3a475ad5}" />
      </MissingDependency>
      <MissingDependency>
        <Required type="connectionreference" displayName="aw_sharedsharepointonline_3c66d" solution="Active" id.connectionreferencelogicalname="aw_sharedsharepointonline_3c66d" />
        <Dependent type="29" displayName="Office Support - Expense Line Item Child List adding to Parent List Expenses Report" id="{d47b5f1f-576f-ee11-9ae7-000d3a475ad5}" />
      </MissingDependency>
      <MissingDependency>
        <Required type="connectionreference" displayName="aw_sharedteams_b1a33" solution="Active" id.connectionreferencelogicalname="aw_sharedteams_b1a33" />
        <Dependent type="29" displayName="Office Support -Expenses - Pending Approval Alert" id="{74d61828-f6d7-ef11-a72f-6045bdf2b6b1}" />
      </MissingDependency>
      <MissingDependency>
        <Required type="connectionreference" displayName="new_sharedapprovals_b3116" solution="Active" id.connectionreferencelogicalname="new_sharedapprovals_b3116" />
        <Dependent type="29" displayName="Office Support -Expenses - Pending Approval Alert" id="{74d61828-f6d7-ef11-a72f-6045bdf2b6b1}" />
      </MissingDependency>
      <MissingDependency>
        <Required type="connectionreference" displayName="new_sharedonedriveforbusiness_f31d8" solution="Active" id.connectionreferencelogicalname="new_sharedonedriveforbusiness_f31d8" />
        <Dependent type="29" displayName="Office Support -Expenses - Pending Approval Alert" id="{74d61828-f6d7-ef11-a72f-6045bdf2b6b1}" />
      </MissingDependency>
      <MissingDependency>
        <Required type="connectionreference" displayName="new_sharedsharepointonline_a2c15" solution="Active" id.connectionreferencelogicalname="new_sharedsharepointonline_a2c15" />
        <Dependent type="29" displayName="Office Support -Expenses - Pending Approval Alert" id="{74d61828-f6d7-ef11-a72f-6045bdf2b6b1}" />
      </MissingDependency>
    </MissingDependencies>
  </SolutionManifest>
</ImportExportXml>