{"name":"bf8a7fb5-8ae9-459c-8893-8042a662a000","id":"/providers/Microsoft.Flow/flows/bf8a7fb5-8ae9-459c-8893-8042a662a000","type":"Microsoft.Flow/flows","properties":{"apiId":"/providers/Microsoft.PowerApps/apis/shared_logicflows","displayName":"HR - Create Document for PPE Record Record","definition":{"metadata":{"workflowEntityId":null,"processAdvisorMetadata":null,"flowChargedByPaygo":null,"flowclientsuspensionreason":"None","flowclientsuspensiontime":null,"flowclientsuspensionreasondetails":null,"creator":{"id":"15563203-5c19-42b6-bb6e-bae52ebc4c29","type":"User","tenantId":"6827a2de-92bb-421b-9f69-90ae9935ec0b"},"provisioningMethod":"FromDefinition","failureAlertSubscription":true,"clientLastModifiedTime":"2023-07-27T21:02:22.6868653Z"},"$schema":"https://schema.management.azure.com/providers/Microsoft.Logic/schemas/2016-06-01/workflowdefinition.json#","contentVersion":"1.0.0.0","parameters":{"$connections":{"defaultValue":{},"type":"Object"},"$authentication":{"defaultValue":{},"type":"SecureObject"}},"triggers":{"manual":{"splitOn":"@triggerBody()['rows']","metadata":{"operationMetadataId":"b763f0c3-0ff8-4843-9f39-fce4020a2808"},"type":"Request","kind":"ApiConnection","inputs":{"schema":{"type":"object","properties":{"rows":{"type":"array","items":{"type":"object","properties":{"entity":{"type":"object","properties":{"ID":{"title":"ID","type":"integer","format":"int64"}},"required":["ID"]}},"required":["entity"]}}},"required":["rows"]},"host":{"connection":{"name":"@parameters('$connections')['shared_sharepointonline']['connectionId']"},"api":{"runtimeUrl":"https://flow-apim-europe-001-northeurope-01.azure-apim.net/apim/sharepointonline"}},"operationId":"GetItemHybridTriggerSchema","parameters":{"dataset":"https://mcadamlloyd.sharepoint.com/sites/HR","table":"bad42de2-20f5-4541-ab9c-29ace4b045f1"}}}},"actions":{"Populate_a_Microsoft_Word_template":{"runAfter":{"Search_for_users_(V2)":["Succeeded"]},"metadata":{"01GEQ2M2JIXYMBKVCMH5FJW7O3G5FH6NQY":"/PDM-TPT-006 PPE Record.docx","operationMetadataId":"45d75242-a12a-4ea9-b582-ada4784bb291"},"type":"OpenApiConnection","inputs":{"host":{"apiId":"/providers/Microsoft.PowerApps/apis/shared_wordonlinebusiness","connectionName":"shared_wordonlinebusiness","operationId":"CreateFileItem"},"parameters":{"source":"sites/mcadamlloyd.sharepoint.com,9c7dc291-2d0b-4919-8662-b23d491b7d5a,881c1b0a-4a2d-49f3-ad5c-e459f936077c","drive":"b!kcJ9nAstGUmGYrI9SRt9WgobHIgtSvNJrVzkWfk2B3yBHcMRXKDSS52X1gXQKKsS","file":"01GEQ2M2JIXYMBKVCMH5FJW7O3G5FH6NQY","dynamicFileSchema/240451359":"@outputs('Get_item')?['body/SteelToeCap_x002f_RubberBoots/Value']","dynamicFileSchema/415598436":"@outputs('Get_item')?['body/DateIssued_x003a_FaceMask']","dynamicFileSchema/754940448":"@outputs('Get_item')?['body/BaseballBumpCap_x2013_lightweigh/Value']","dynamicFileSchema/1048025820":"@outputs('Get_item')?['body/DateIssued_x003a_Goggles']","dynamicFileSchema/1225259049":"@outputs('Get_item')?['body/DateIssued_x003a_DisposableGlove']","dynamicFileSchema/1230272321":"@outputs('Get_item')?['body/ChemicalResistantSleeves/Value']","dynamicFileSchema/1246610102":"@outputs('Get_item')?['body/DateIssued_x003a_Overalls']","dynamicFileSchema/1403248722":"@outputs('Get_item')?['body/DateIssued_x003a_SafetyTrainer_x']","dynamicFileSchema/1494761889":"@outputs('Get_item')?['body/DateIssued_x003a_EarDefenders']","dynamicFileSchema/1556891108":"@outputs('Get_item')?['body/SafetyTrainer_x2013_nonslip/Value']","dynamicFileSchema/1569842543":"@outputs('Get_item')?['body/Overalls/Value']","dynamicFileSchema/1771815600":"@outputs('Get_item')?['body/AcidApron/Value']","dynamicFileSchema/1917133458":"@outputs('Get_item')?['body/DateIssued_x003a_GasFilterFaceMa']","dynamicFileSchema/-450091266":"@outputs('Get_item')?['body/Title']","dynamicFileSchema/-1901435722":"@outputs('Get_item')?['body/Goggles/Value']","dynamicFileSchema/-1494953348":"@outputs('Get_item')?['body/DisposableGloves/Value']","dynamicFileSchema/-1585528699":"@outputs('Get_item')?['body/ChemicalResistantGloves/Value']","dynamicFileSchema/-87243474":"@outputs('Get_item')?['body/DateIssued_x003a_ChemicalResista']","dynamicFileSchema/-322277416":"@outputs('Get_item')?['body/FaceMask/Value']","dynamicFileSchema/-1593076928":"@outputs('Get_item')?['body/GasFilterFaceMask/Value']","dynamicFileSchema/-910686804":"@outputs('Get_item')?['body/DateIssued_x003a_SteelToeCap_x00']","dynamicFileSchema/-858423645":"@outputs('Get_item')?['body/EarDefenders/Value']","dynamicFileSchema/-330064160":"@outputs('Get_item')?['body/DateIssued_x003a_AcidApron']","dynamicFileSchema/-341402412":"@outputs('Get_item')?['body/DisposableAprons/Value']","dynamicFileSchema/-1791509861":"@outputs('Get_item')?['body/DateIssued_x003a_DisposableApron']","dynamicFileSchema/-1405294754":"@outputs('Get_item')?['body/ChemicalProtectiveJacketandTrous/Value']","dynamicFileSchema/-379479741":"@outputs('Get_item')?['body/DateIssued_x003a_ChemicalProtect']","dynamicFileSchema/-49773351":"@outputs('Get_item')?['body/DateIssued_x003a_ChemicalResista0']","dynamicFileSchema/-189228647":"@outputs('Get_item')?['body/DateIssued_x003a_BaseballBumpCap']"},"authentication":"@parameters('$authentication')"}},"Search_for_users_(V2)":{"runAfter":{"Get_item":["Succeeded"]},"metadata":{"operationMetadataId":"230cb9e6-d49b-437f-acf4-139d9da7e39a"},"type":"OpenApiConnection","inputs":{"host":{"apiId":"/providers/Microsoft.PowerApps/apis/shared_office365users","connectionName":"shared_office365users","operationId":"SearchUserV2"},"parameters":{"searchTerm":"@outputs('Get_item')?['body/Title']","isSearchTermRequired":true},"authentication":"@parameters('$authentication')"}},"Get_item":{"runAfter":{},"metadata":{"operationMetadataId":"f49ab64e-d236-4344-96a8-dc418c351718"},"type":"OpenApiConnection","inputs":{"host":{"apiId":"/providers/Microsoft.PowerApps/apis/shared_sharepointonline","connectionName":"shared_sharepointonline","operationId":"GetItem"},"parameters":{"dataset":"https://mcadamlloyd.sharepoint.com/sites/HR","table":"bad42de2-20f5-4541-ab9c-29ace4b045f1","id":"@triggerBody()?['entity']?['ID']"},"authentication":"@parameters('$authentication')"}},"Apply_to_each_2":{"foreach":"@outputs('Search_for_users_(V2)')?['body/value']","actions":{"Get_files_(properties_only)":{"runAfter":{},"metadata":{"operationMetadataId":"2930bd56-d96d-4189-bb34-0daf2f2e4536"},"type":"OpenApiConnection","inputs":{"host":{"apiId":"/providers/Microsoft.PowerApps/apis/shared_sharepointonline","connectionName":"shared_sharepointonline","operationId":"GetFileItems"},"parameters":{"dataset":"https://mcadamlloyd.sharepoint.com/sites/HR","table":"ad28754c-eb5d-4450-9c2b-6852e69b3263","folderPath":"/Shared Documents/Employee Files","viewScopeOption":"RecursiveAll"},"authentication":"@parameters('$authentication')"}},"Apply_to_each_3":{"foreach":"@outputs('Get_files_(properties_only)')?['body/value']","actions":{"Condition":{"actions":{"Create_file_2":{"runAfter":{},"metadata":{"operationMetadataId":"dd8f69a7-bb66-4a6c-8a2e-70e6f25c2e43"},"type":"OpenApiConnection","inputs":{"host":{"apiId":"/providers/Microsoft.PowerApps/apis/shared_sharepointonline","connectionName":"shared_sharepointonline","operationId":"CreateFile"},"parameters":{"dataset":"https://mcadamlloyd.sharepoint.com/sites/HR","folderPath":"Shared Documents/Employee Files/PDM Employees/@{items('Apply_to_each_2')?['DisplayName']}/Employee Confidential/","name":"PPE Record - @{items('Apply_to_each_2')?['DisplayName']}.docx","body":"@body('Populate_a_Microsoft_Word_template')"},"authentication":"@parameters('$authentication')"},"runtimeConfiguration":{"contentTransfer":{"transferMode":"Chunked"}}}},"runAfter":{},"else":{"actions":{"Create_file_3":{"runAfter":{},"metadata":{"operationMetadataId":"cc6f89b3-ad59-4d47-b0d7-e141dc75d8cf"},"type":"OpenApiConnection","inputs":{"host":{"apiId":"/providers/Microsoft.PowerApps/apis/shared_sharepointonline","connectionName":"shared_sharepointonline","operationId":"CreateFile"},"parameters":{"dataset":"https://mcadamlloyd.sharepoint.com/sites/HR","folderPath":"Shared Documents/Employee Files/Peak Temporary Workers/@{items('Apply_to_each_2')?['DisplayName']}/Employee Confidential/","name":"PPE Record - @{items('Apply_to_each_2')?['DisplayName']}.docx","body":"@body('Populate_a_Microsoft_Word_template')"},"authentication":"@parameters('$authentication')"},"runtimeConfiguration":{"contentTransfer":{"transferMode":"Chunked"}}}}},"expression":{"equals":["@items('Apply_to_each_3')?['CompanyTag/Value']","PDM"]},"metadata":{"operationMetadataId":"64b87de4-a08e-4b2d-ba2f-497cc5cbbb78"},"type":"If"}},"runAfter":{"Get_files_(properties_only)":["Succeeded"]},"metadata":{"operationMetadataId":"84f161c7-a38f-49b9-9648-6ccf9d3edb17"},"type":"Foreach"}},"runAfter":{"Populate_a_Microsoft_Word_template":["Succeeded"]},"metadata":{"operationMetadataId":"3676b817-29eb-4f06-b964-9ed56dcf2388"},"type":"Foreach"}}},"connectionReferences":{"shared_sharepointonline":{"connectionName":"6b8841c510124e29929ca4cbf098ca2e","source":"Embedded","id":"/providers/Microsoft.PowerApps/apis/shared_sharepointonline","tier":"NotSpecified"},"shared_wordonlinebusiness":{"connectionName":"8fba4252686849e288c2e794cefb4991","source":"Embedded","id":"/providers/Microsoft.PowerApps/apis/shared_wordonlinebusiness","tier":"NotSpecified"},"shared_office365users":{"connectionName":"shared-office365user-ee1936c8-109b-439a-8bea-e074ae10b833","source":"Embedded","id":"/providers/Microsoft.PowerApps/apis/shared_office365users","tier":"NotSpecified"}},"flowFailureAlertSubscribed":false,"isManaged":false}}