{"name":"d7879179-48a8-4455-beda-73ff62431c4d","id":"/providers/Microsoft.Flow/flows/d7879179-48a8-4455-beda-73ff62431c4d","type":"Microsoft.Flow/flows","properties":{"apiId":"/providers/Microsoft.PowerApps/apis/shared_logicflows","displayName":"IS & Compliance - Next Review Date Reminder","definition":{"metadata":{"workflowEntityId":null,"processAdvisorMetadata":null,"flowChargedByPaygo":null,"flowclientsuspensionreason":"None","flowclientsuspensiontime":null,"flowclientsuspensionreasondetails":null,"creator":{"id":"d80946cf-9971-4e62-a505-94a91fdf95b2","type":"User","tenantId":"eebf42f0-fb5a-460f-a80a-1b6593988a6e"},"provisioningMethod":"FromDefinition","failureAlertSubscription":true,"clientLastModifiedTime":"2023-05-02T04:35:30.3693852Z"},"$schema":"https://schema.management.azure.com/providers/Microsoft.Logic/schemas/2016-06-01/workflowdefinition.json#","contentVersion":"1.0.0.0","parameters":{"$connections":{"defaultValue":{},"type":"Object"},"$authentication":{"defaultValue":{},"type":"SecureObject"},"sharepoint.site":{"defaultValue":"","type":"String"},"sharepoint.list":{"defaultValue":"","type":"String"},"sharepoint.remindMeIn":{"defaultValue":1,"type":"Int"},"sharepoint.columnName":{"defaultValue":"","type":"String"},"sharepoint.listName":{"defaultValue":"","type":"String"},"sharepoint.emailSubject":{"defaultValue":"","type":"String"},"sharepoint.emailBodyTitle":{"defaultValue":"","type":"String"},"sharepoint.emailFlowLinkTitle":{"defaultValue":"","type":"String"}},"triggers":{"Recurrence":{"recurrence":{"frequency":"Day","interval":1,"timeZone":"Pacific Standard Time","schedule":{"hours":["15"]}},"metadata":{"operationMetadataId":"1b6e9e7b-9377-4c6c-af88-eedcdfa048cd"},"type":"Recurrence"}},"actions":{"Scope_to_get_items_due_in_1_day":{"actions":{"Today_+_x_days":{"runAfter":{},"metadata":{"operationMetadataId":"6358d14f-a8b5-404d-bef6-278db391879c"},"type":"Compose","inputs":"@addDays(utcnow(), int(outputs('Days_to_remind_me_in')), 'yyyy-MM-dd')"},"x_Days_+_1":{"runAfter":{"Today_+_x_days":["Succeeded"]},"metadata":{"operationMetadataId":"608440d4-5506-481e-909e-dd5a27d638cc"},"type":"Compose","inputs":" @{addDays(outputs('Today_+_x_days'),1,'yyyy-MM-dd')}"},"Get_items":{"runAfter":{"Get_list_name_by_HTTP_request":["Succeeded"]},"metadata":{"flowSystemMetadata":{"swaggerOperationId":"GetItems"},"operationMetadataId":"288cf52b-acbd-4529-a067-400e6f1f5f01"},"type":"ApiConnection","inputs":{"host":{"connection":{"name":"@parameters('$connections')['shared_sharepointonline']['connectionId']"},"api":{"runtimeUrl":"https://uk-001.azure-apim.net/apim/sharepointonline"}},"method":"get","path":"/datasets/@{encodeURIComponent(encodeURIComponent('https://assureddt.sharepoint.com/sites/ISCompliance'))}/tables/@{encodeURIComponent(encodeURIComponent('119edc4b-aeae-4feb-8d22-890887d6c895'))}/items","queries":{"$filter":"@concat(concat('Next_x0020_Review_x0020_Date',' ge ', '''',outputs('Today_+_x_days')),'''',' and ', concat('Next_x0020_Review_x0020_Date',' lt ','''', outputs('x_Days_+_1'),''''))"},"authentication":"@parameters('$authentication')"}},"Condition":{"actions":{},"runAfter":{"Get_items":["Succeeded"]},"else":{"actions":{"Apply_to_each":{"foreach":"@body('Get_items')?['value']","actions":{"Send_an_email_(V2)":{"runAfter":{},"metadata":{"operationMetadataId":"f6023e89-89db-432c-9170-09cdc7dbf801","flowSystemMetadata":{"swaggerOperationId":"SendEmailV2"}},"type":"ApiConnection","inputs":{"host":{"connection":{"name":"@parameters('$connections')['shared_office365']['connectionId']"},"api":{"runtimeUrl":"https://uk-001.azure-apim.net/apim/office365"}},"method":"post","body":{"To":"@items('Apply_to_each')?['Document_x0020_Owner']?['Email']","Subject":"Reminder for @{items('Apply_to_each')?['{Name}']}: @{outputs('Days_to_remind_me_in')} day(s) before Next Review Date","Body":"<!DOCTYPE html>\n<html>\n  <head>\n    <meta charset=\"UTF-8\">\n    <title>Document Review Reminder</title>\n    <style>\n      /* Custom styles */\n      body {\n        font-family: Arial, sans-serif;\n        font-size: 14px;\n        line-height: 1.5;\n        color: #333333;\n        background-color: #f2f2f2;\n      }\n      .container {\n        max-width: 600px;\n        margin: 0 auto;\n        padding: 20px;\n        background-color: #ffffff;\n        border: 1px solid #2B2147;\n      }\n      h1, h2 {\n        color: #2B2147;\n      }\n      p {\n        margin-bottom: 10px;\n      }\n      .btn {\n        display: inline-block;\n        padding: 10px 20px;\n        background-color: #2B2147;\n        color: #ffffff;\n        text-decoration: none;\n        border-radius: 4px;\n      }\n      .btn:hover {\n        background-color: #2B2147;\n      }\n        table {\n      border: 1px solid #2B2147;\n      background-color: #FFFFFF;\n      width: 100%;\n      text-align: left;\n      border-collapse: collapse;\n    }\n    table td, table th {\n      border: 1px solid #FFFFFF;\n      padding: 3px 2px;\n    }\n    table tbody td {\n      font-size: 13px;\n    }\n    table thead {\n      background: #2B2147;\n      border-bottom: 2px solid #FFFFFF;\n    }\n    table thead th {\n      font-size: 15px;\n      font-weight: bold;\n      color: #FFFFFF;\n      border-left: 2px solid #0088CE;\n    }\n    table thead th:first-child {\n      border-left: none;\n    }\n    </style>\n    </style>\n  </head>\n  <body>\n    <div class=\"container\">\n      <center><img src=\"https://assets.assureddigitaltech.com/images/Assured-Digital-Technologies-blue-logo-navy-text.png\"\n            width=\"450\" \n            height=\"125\"> </center>\n      <center><h1>Document Review Reminder</h1></center>\n      <p>Hi@{items('Apply_to_each')?['Document_x0020_Owner']?['DisplayName']},</p>\n      <p>This is a friendly reminder that the following documents are due to be reviewed:</p>\n      <table>\n        <thead>\n          <tr>\n            <th>Document Name</th>\n            <th>Link to Document</th>\n          </tr>\n        </thead>\n        <tbody>\n          <tr>\n            <td>@{items('Apply_to_each')?['{Name}']}</td>\n            <td><a href=\"@{items('Apply_to_each')?['{Link}']}\"><button class=\"btn\">View Document</button></a></td>\n          </tr>\n          </tr>\n        </tbody>\n      </table>\n      <p>Thank you,</p>\n      <p>Assured Digital Technologies</p>\n    </div>\n  </body>\n</html>","From":"no.reply@assureddigitaltech.com","Cc":"Andrew.Strachan@assureddigitaltech.com","Bcc":"Administrator@assureddigitaltech.com","Importance":"High"},"path":"/v2/Mail","authentication":"@parameters('$authentication')"}}},"runAfter":{},"metadata":{"operationMetadataId":"702adb71-d0df-47ce-a23c-fa7587c934b3"},"type":"Foreach"}}},"expression":"@empty(body('Get_items')?['value'])","metadata":{"operationMetadataId":"d0d91372-cf1e-4e67-8126-344857031e2d"},"type":"If"},"Get_list_name_by_HTTP_request":{"runAfter":{"x_Days_+_1":["Succeeded"]},"metadata":{"flowSystemMetadata":{"swaggerOperationId":"HttpRequest"},"operationMetadataId":"310c39bc-ac34-4984-8e6f-de168b7bb6ea"},"type":"ApiConnection","inputs":{"host":{"connection":{"name":"@parameters('$connections')['shared_sharepointonline']['connectionId']"},"api":{"runtimeUrl":"https://uk-001.azure-apim.net/apim/sharepointonline"}},"method":"post","body":{"method":"GET","uri":"_api/web/lists/getById('@{encodeURIComponent(encodeURIComponent('119edc4b-aeae-4feb-8d22-890887d6c895'))}')?$select=Title","headers":{"Accept":"application/json;odata=nometadata"}},"path":"/datasets/@{encodeURIComponent(encodeURIComponent('https://assureddt.sharepoint.com/sites/ISCompliance'))}/httprequest","authentication":"@parameters('$authentication')"}}},"runAfter":{"Days_to_remind_me_in":["Succeeded"]},"metadata":{"operationMetadataId":"73984434-b04c-4e15-a6c0-dce24b234e27"},"type":"Scope"},"Days_to_remind_me_in":{"runAfter":{"Build_Table_Rows":["Succeeded"]},"metadata":{"operationMetadataId":"08537cf6-ce54-412b-9a46-419e4c4f0dad"},"type":"Compose","inputs":30},"Build_Table_Rows":{"runAfter":{},"metadata":{"operationMetadataId":"b43e7ddf-1ea6-4b96-b9fa-ae0ab0d21ccc"},"type":"InitializeVariable","inputs":{"variables":[{"name":"TableRows","type":"String"}]}}},"outputs":{},"description":"Remind me a number of days in advance of the date in the column"},"connectionReferences":{"shared_sharepointonline":{"connectionName":"shared-sharepointonl-eceac7d4-dffb-4774-a969-6deeb960fa0d","source":"Embedded","id":"/providers/Microsoft.PowerApps/apis/shared_sharepointonline","tier":"NotSpecified"},"shared_office365":{"connectionName":"shared-office365-76285799-5653-47ae-a89e-a73f309d6b6d","source":"Embedded","id":"/providers/Microsoft.PowerApps/apis/shared_office365","tier":"NotSpecified"}},"flowFailureAlertSubscribed":false,"isManaged":false}}