{"name":"07d3085a-a682-4a81-bd12-4a9465581f46","id":"/providers/Microsoft.Flow/flows/07d3085a-a682-4a81-bd12-4a9465581f46","type":"Microsoft.Flow/flows","properties":{"apiId":"/providers/Microsoft.PowerApps/apis/shared_logicflows","displayName":"Request Reviewer [IS & Compliance]","definition":{"metadata":{"workflowEntityId":null,"processAdvisorMetadata":null,"flowclientsuspensionreason":"None","flowclientsuspensiontime":null,"creator":{"id":"d80946cf-9971-4e62-a505-94a91fdf95b2","type":"User","tenantId":"eebf42f0-fb5a-460f-a80a-1b6593988a6e"},"provisioningMethod":"FromDefinition","failureAlertSubscription":true,"clientLastModifiedTime":"2021-05-04T14:36:24.9633383Z"},"$schema":"https://schema.management.azure.com/providers/Microsoft.Logic/schemas/2016-06-01/workflowdefinition.json#","contentVersion":"1.0.0.0","parameters":{"$connections":{"defaultValue":{},"type":"Object"},"$authentication":{"defaultValue":{},"type":"SecureObject"},"sharepoint.site":{"defaultValue":"","type":"String"},"sharepoint.list":{"defaultValue":"","type":"String"}},"triggers":{"manual":{"splitOn":"@triggerBody()['rows']","type":"Request","kind":"ApiConnection","inputs":{"schema":{"type":"object","properties":{"rows":{"type":"array","items":{"type":"object","properties":{"text":{"title":"Request","type":"string","x-ms-dynamically-added":true,"description":"Please enter your message sent to the reviewers","x-ms-content-hint":"TEXT"},"entity":{"type":"object","properties":{"ID":{"title":"ID","type":"integer","format":"int64"}},"required":["ID"]}},"required":["text","entity"]}}},"required":["rows"]},"host":{"connection":{"name":"@parameters('$connections')['shared_sharepointonline']['connectionId']"},"api":{"runtimeUrl":"https://uk-001.azure-apim.net/apim/sharepointonline"}},"operationId":"ForASelectedFileHybridTrigger","parameters":{"dataset":"https://assureddt.sharepoint.com/sites/ISCompliance","table":"119edc4b-aeae-4feb-8d22-890887d6c895"}}}},"actions":{"Initialize_approval_done_variable":{"runAfter":{"Get_file_properties":["Succeeded"]},"type":"InitializeVariable","inputs":{"variables":[{"name":"approvalDone","type":"boolean","value":"@false"}]}},"Set_variable":{"runAfter":{"Wait_for_an_approval":["Succeeded"]},"type":"SetVariable","inputs":{"name":"approvalDone","value":"@true"}},"Initialize_approvers_list_variable":{"runAfter":{"Initialize_approval_done_variable":["Succeeded"]},"type":"InitializeVariable","inputs":{"variables":[{"name":"approversList","type":"string"}]}},"Initialize_approval_respond_link_variable":{"runAfter":{"Initialize_approvers_list_variable":["Succeeded"]},"type":"InitializeVariable","inputs":{"variables":[{"name":"approvalRespondLink","type":"string"}]}},"Set_respond_to_approval_link":{"runAfter":{"Apply_to_each":["Succeeded"]},"type":"SetVariable","inputs":{"name":"approvalRespondLink","value":"@body('Create_an_approval')?['respondLink']"}},"Wait_for_an_approval":{"runAfter":{"Set_respond_to_approval_link":["Succeeded"]},"metadata":{"flowSystemMetadata":{"swaggerOperationId":"WaitForAnApproval"}},"type":"ApiConnectionWebhook","inputs":{"host":{"connection":{"name":"@json(decodeBase64(triggerOutputs().headers['X-MS-APIM-Tokens']))['$connections']['shared_approvals']['connectionId']"},"api":{"runtimeUrl":"https://uk-001.azure-apim.net/apim/approvals"}},"body":{"notificationUrl":"@{listCallbackUrl()}"},"path":"/approvals/@{encodeURIComponent(body('Create_an_approval')?['name'])}/subscriptions","authentication":{"type":"Raw","value":"@json(decodeBase64(triggerOutputs().headers['X-MS-APIM-Tokens']))['$ConnectionKey']"}}},"Select":{"runAfter":{"Set_variable":["Succeeded"]},"type":"Select","inputs":{"from":"@body('Wait_for_an_approval')?['responses']","select":{"Approver":"@item()?['responder']?['displayName']","Comments":"@if(empty(item()?['comments']),'No comments',item()['comments'])","Response":"@item()?['approverResponse']"}}},"Create_HTML_table":{"runAfter":{"Select":["Succeeded"]},"type":"Table","inputs":{"from":"@body('Select')","format":"HTML"}},"HTML_Table_with_Styles":{"runAfter":{"Create_HTML_table":["Succeeded"]},"type":"Compose","inputs":"<style>\ntable {\n  width: 100%;\n  background-color: #FFFFFF;\n  border-collapse: collapse;\n  border-width: 2px;\n  border-color: #7EA8F8;\n  border-style: solid;\n  color: #000000;\n  text-align: left;\n}\n\ntable td, table th {\n  border-width: 2px;\n  border-color: #7EA8F8;\n  border-style: solid;\n  padding: 5px;\n}\n\ntable thead {\n  background-color: #DEDEDE;\n}\n</style>\n@{body('Create_HTML_table')}"},"Check_if_request_is_approved":{"actions":{"Item_approved":{"runAfter":{},"metadata":{"flowSystemMetadata":{"swaggerOperationId":"SendEmailV2"}},"type":"ApiConnection","inputs":{"host":{"connection":{"name":"@json(decodeBase64(triggerOutputs().headers['X-MS-APIM-Tokens']))['$connections']['shared_office365']['connectionId']"},"api":{"runtimeUrl":"https://uk-001.azure-apim.net/apim/office365"}},"method":"post","body":{"To":"@body('Get_file_properties')?['Document_x0020_Owner']?['Email']","Subject":"File Review Complete","Body":"<p>Your request for '@{body('Get_file_properties')?['{Name}']}' has been reviewed.<br>\n<br>\nReviewer details below:<br>\n<br>\n@{outputs('HTML_Table_with_Styles')}</p>","Importance":"Normal"},"path":"/v2/Mail","authentication":{"type":"Raw","value":"@json(decodeBase64(triggerOutputs().headers['X-MS-APIM-Tokens']))['$ConnectionKey']"}}}},"runAfter":{"HTML_Table_with_Styles":["Succeeded"]},"else":{"actions":{"Terminate":{"runAfter":{},"type":"Terminate","inputs":{"runStatus":"Succeeded"}}}},"expression":"@equals(body('Wait_for_an_approval')?['outcome'], 'Approve')","type":"If"},"Get_file_properties":{"runAfter":{},"metadata":{"flowSystemMetadata":{"swaggerOperationId":"GetFileItem"}},"type":"ApiConnection","inputs":{"host":{"connection":{"name":"@json(decodeBase64(triggerOutputs().headers['X-MS-APIM-Tokens']))['$connections']['shared_sharepointonline']['connectionId']"},"api":{"runtimeUrl":"https://uk-001.azure-apim.net/apim/sharepointonline"}},"method":"get","path":"/datasets/@{encodeURIComponent(encodeURIComponent('https://assureddt.sharepoint.com/sites/ISCompliance'))}/tables/@{encodeURIComponent(encodeURIComponent('119edc4b-aeae-4feb-8d22-890887d6c895'))}/items/@{encodeURIComponent(triggerBody()?['entity']?['ID'])}/getfileitem","authentication":{"type":"Raw","value":"@json(decodeBase64(triggerOutputs().headers['X-MS-APIM-Tokens']))['$ConnectionKey']"}}},"Apply_to_each":{"foreach":"@body('Get_file_properties')?['Document_x0020_Reviewer_x0028_s_x0029_']","actions":{"Create_an_approval":{"runAfter":{},"metadata":{"flowSystemMetadata":{"swaggerOperationId":"CreateAnApproval"}},"type":"ApiConnection","inputs":{"host":{"connection":{"name":"@json(decodeBase64(triggerOutputs().headers['X-MS-APIM-Tokens']))['$connections']['shared_approvals']['connectionId']"},"api":{"runtimeUrl":"https://uk-001.azure-apim.net/apim/approvals"}},"method":"post","body":{"title":"Please review: @{body('Get_file_properties')?['Title']}","assignedTo":"@{items('Apply_to_each')?['Email']};","details":"The item '@{body('Get_file_properties')?['{Name}']}' is submitted for review by \n\nThe message with the request:\n\n\nPlease review, and then approve once you've reviewed successfully","itemLink":"@body('Get_file_properties')?['{Link}']","itemLinkDescription":"@body('Get_file_properties')?['{Name}']","enableNotifications":true,"enableReassignment":true},"path":"/types/@{encodeURIComponent('Basic')}","authentication":{"type":"Raw","value":"@json(decodeBase64(triggerOutputs().headers['X-MS-APIM-Tokens']))['$ConnectionKey']"}}}},"runAfter":{"Initialize_approval_respond_link_variable":["Succeeded"]},"type":"Foreach"}},"description":"Request approval (first to respond) for a selected file in a SharePoint library, along with approval reminder options."},"connectionReferences":{"shared_approvals":{"connectionName":"shared-approvals-67695f6a-1267-4ac7-9b81-97ff17564ba8","source":"Invoker","id":"/providers/Microsoft.PowerApps/apis/shared_approvals","tier":"NotSpecified"},"shared_office365":{"connectionName":"shared-office365-9d2e5c99-c849-4336-98c7-9fae1d132a43","source":"Embedded","id":"/providers/Microsoft.PowerApps/apis/shared_office365","tier":"NotSpecified"},"shared_sharepointonline":{"connectionName":"shared-sharepointonl-eceac7d4-dffb-4774-a969-6deeb960fa0d","source":"Embedded","id":"/providers/Microsoft.PowerApps/apis/shared_sharepointonline","tier":"NotSpecified"}},"flowFailureAlertSubscribed":false,"isManaged":false}}