{"name":"48b33e16-bea6-46eb-a2ce-27be03994696","id":"/providers/Microsoft.Flow/flows/48b33e16-bea6-46eb-a2ce-27be03994696","type":"Microsoft.Flow/flows","properties":{"apiId":"/providers/Microsoft.PowerApps/apis/shared_logicflows","displayName":"IS & Compliance - Create ADT Policy","definition":{"metadata":{"workflowEntityId":null,"processAdvisorMetadata":null,"flowclientsuspensionreason":"None","flowclientsuspensiontime":null,"creator":{"id":"d80946cf-9971-4e62-a505-94a91fdf95b2","type":"User","tenantId":"eebf42f0-fb5a-460f-a80a-1b6593988a6e"},"provisioningMethod":"FromDefinition","failureAlertSubscription":true,"clientLastModifiedTime":"2021-12-11T15:11:45.7464607Z","flowclientsuspensionreasondetails":null,"flowChargedByPaygo":null},"$schema":"https://schema.management.azure.com/providers/Microsoft.Logic/schemas/2016-06-01/workflowdefinition.json#","contentVersion":"1.0.0.0","parameters":{"$connections":{"defaultValue":{},"type":"Object"},"$authentication":{"defaultValue":{},"type":"SecureObject"}},"triggers":{"When_an_item_is_created":{"recurrence":{"frequency":"Minute","interval":1},"splitOn":"@triggerOutputs()?['body/value']","metadata":{"operationMetadataId":"b3b267ea-4ca7-4679-a019-5354b15c6c38"},"type":"OpenApiConnection","inputs":{"host":{"apiId":"/providers/Microsoft.PowerApps/apis/shared_sharepointonline","connectionName":"shared_sharepointonline","operationId":"GetOnNewItems"},"parameters":{"dataset":"https://assureddt.sharepoint.com/sites/ISCompliance","table":"19473548-da20-4d60-81e4-77ca033f1391"},"authentication":"@parameters('$authentication')"}}},"actions":{"Condition":{"actions":{},"runAfter":{},"else":{"actions":{"Terminate":{"runAfter":{},"metadata":{"operationMetadataId":"f09c75b1-5ed6-45fd-a8da-27450a1c4117"},"type":"Terminate","inputs":{"runStatus":"Succeeded"}}}},"expression":{"equals":["@triggerOutputs()?['body/Document_x0020_Type/Value']","Policy"]},"metadata":{"operationMetadataId":"b0d8211c-ad31-4648-a870-88b7720bddbc"},"type":"If"},"Get_item_-_Create_ADT_Compliance_Document":{"runAfter":{"Condition":["Succeeded"]},"metadata":{"operationMetadataId":"bf9812aa-7da4-4fd3-8908-4c7151768778"},"type":"OpenApiConnection","inputs":{"host":{"apiId":"/providers/Microsoft.PowerApps/apis/shared_sharepointonline","connectionName":"shared_sharepointonline","operationId":"GetItem"},"parameters":{"dataset":"https://assureddt.sharepoint.com/sites/ISCompliance","table":"19473548-da20-4d60-81e4-77ca033f1391","id":"@triggerOutputs()?['body/ID']"},"authentication":"@parameters('$authentication')"}},"Get_item_-_ADT_Core_Document_Types":{"runAfter":{"Get_item_-_Create_ADT_Compliance_Document":["Succeeded"]},"metadata":{"operationMetadataId":"4a94dadc-bacd-439d-b860-336837a6bd2e"},"type":"OpenApiConnection","inputs":{"host":{"apiId":"/providers/Microsoft.PowerApps/apis/shared_sharepointonline","connectionName":"shared_sharepointonline","operationId":"GetItem"},"parameters":{"dataset":"https://assureddt.sharepoint.com/sites/ISCompliance","table":"fb0e8929-f220-4051-9780-5af8e0cb46b4","id":7},"authentication":"@parameters('$authentication')"}},"Initialize_variable":{"runAfter":{"Get_item_-_ADT_Core_Document_Types":["Succeeded"]},"metadata":{"operationMetadataId":"f02105d9-1511-424e-a75b-f27e9296a3f7"},"type":"InitializeVariable","inputs":{"variables":[{"name":"CounterIncrement","type":"float","value":"@outputs('Get_item_-_ADT_Core_Document_Types')?['body/LastNumber']"}]}},"Increment_variable":{"runAfter":{"Initialize_variable":["Succeeded"]},"metadata":{"operationMetadataId":"30a76a15-a725-4c1c-a8a2-8867db1b6bec"},"type":"IncrementVariable","inputs":{"name":"CounterIncrement","value":1}},"Last_Reviewed_Add_to_Time_For_Next_Review_Date":{"runAfter":{"Increment_variable":["Succeeded"]},"metadata":{"operationMetadataId":"b716eb2b-d029-4073-8d1c-84e70918b6b9"},"type":"Expression","kind":"AddToTime","inputs":{"baseTime":"@outputs('Get_item_-_Create_ADT_Compliance_Document')?['body/Last_x0020_Reviewed_x0020_Date']","interval":12,"timeUnit":"Month"}},"Last_Reviewed_Date_Convert_Time_Zone":{"runAfter":{"Next_Review_Date_Calculated_Time_Convert_time_zone":["Succeeded"]},"metadata":{"operationMetadataId":"3d762347-6953-4db6-bfe1-5f14243498a1"},"type":"Expression","kind":"ConvertTimeZone","inputs":{"baseTime":"@outputs('Get_item_-_Create_ADT_Compliance_Document')?['body/Last_x0020_Reviewed_x0020_Date']","formatString":"dd/MM/yyyy","sourceTimeZone":"UTC-11","destinationTimeZone":"GMT Standard Time"}},"Apply_to_each":{"foreach":"@triggerOutputs()?['body/Document_x0020_Reviewer_x0028_s_']","actions":{"Populate_a_Microsoft_Word_template":{"runAfter":{},"metadata":{"operationMetadataId":"193598e5-2fb8-4cfa-bdaa-dfa347c71396"},"type":"OpenApiConnection","inputs":{"host":{"apiId":"/providers/Microsoft.PowerApps/apis/shared_wordonlinebusiness","connectionName":"shared_wordonlinebusiness","operationId":"CreateFileItem"},"parameters":{"source":"sites/assureddt.sharepoint.com,0e6762da-30a7-4b2a-aada-37eab1e16305,50b4359d-4c92-4182-bcdb-6d29736116bf","drive":"b!2mJnDqcwKkuq2jfqseFjBZ01tFCSTIJBvNttKXNhFr9kG0uSdNNhSJIpdYWxB22K","file":"/templates/ADT Small Document Template.docx","dynamicFileSchema/511423314":"@outputs('Get_item_-_ADT_Core_Document_Types')?['body/NextRef']","dynamicFileSchema/586358178":"@outputs('Get_item_-_Create_ADT_Compliance_Document')?['body/Document_x0020_Type/Value']","dynamicFileSchema/1262649192":"@outputs('Get_item_-_ADT_Core_Document_Types')?['body/NextRef']","dynamicFileSchema/1412884534":"@triggerOutputs()?['body/Title']","dynamicFileSchema/1693191932":"@triggerOutputs()?['body/Document_x0020_Classification/Value']","dynamicFileSchema/1759183204":"@triggerOutputs()?['body/Document_x0020_Classification/Value']","dynamicFileSchema/1804727909":"@body('Next_Review_Date_Calculated_Time_Convert_time_zone')","dynamicFileSchema/2004543460":"@triggerOutputs()?['body/Document_x0020_Type/Value']","dynamicFileSchema/-117072064":"@{outputs('Get_item_-_ADT_Core_Document_Types')?['body/NextRef']}-@{triggerOutputs()?['body/Title']}","dynamicFileSchema/-1995242226":"@body('Last_Reviewed_Date_Convert_Time_Zone')","dynamicFileSchema/-523787386":"@triggerOutputs()?['body/Document_x0020_Owner/DisplayName']","dynamicFileSchema/-2144261841":"@items('Apply_to_each')?['DisplayName']","dynamicFileSchema/-1371447125":"@triggerOutputs()?['body/Document_x0020_Approver/DisplayName']"},"authentication":"@parameters('$authentication')"}},"Create_file":{"runAfter":{"Populate_a_Microsoft_Word_template":["Succeeded"]},"metadata":{"operationMetadataId":"73b738c9-547b-43f5-ad19-aa8322bbcd05"},"type":"OpenApiConnection","inputs":{"host":{"apiId":"/providers/Microsoft.PowerApps/apis/shared_sharepointonline","connectionName":"shared_sharepointonline","operationId":"CreateFile"},"parameters":{"dataset":"https://assureddt.sharepoint.com/sites/ISCompliance","folderPath":"/ADT Compliance Documents","name":"@{outputs('Get_item_-_ADT_Core_Document_Types')?['body/NextRef']} @{triggerOutputs()?['body/Title']}.docx","body":"@outputs('Populate_a_Microsoft_Word_template')?['body']"},"authentication":"@parameters('$authentication')"},"runtimeConfiguration":{"contentTransfer":{"transferMode":"Chunked"}}},"Update_file_properties":{"runAfter":{"Create_file":["Succeeded"]},"metadata":{"operationMetadataId":"1142207c-de4e-472e-8bb9-2fd6e1bf3d78"},"type":"OpenApiConnection","inputs":{"host":{"apiId":"/providers/Microsoft.PowerApps/apis/shared_sharepointonline","connectionName":"shared_sharepointonline","operationId":"PatchFileItem"},"parameters":{"dataset":"https://assureddt.sharepoint.com/sites/ISCompliance","table":"119edc4b-aeae-4feb-8d22-890887d6c895","id":"@outputs('Create_file')?['body/ItemId']","item/Title":"@triggerOutputs()?['body/Title']","item/Document_x0020_Reference":"@outputs('Get_item_-_ADT_Core_Document_Types')?['body/NextRef']","item/Document_x0020_Type/Id":7,"item/Document_x0020_Owner/Claims":"@triggerOutputs()?['body/Document_x0020_Owner/DisplayName']","item/Last_x0020_Reviewed_x0020_Date":"@triggerOutputs()?['body/Last_x0020_Reviewed_x0020_Date']","item/Next_x0020_Review_x0020_Date":"@variables('NextReviewSharePointFormat')","item/Document_x0020_Classification/Value":"@triggerOutputs()?['body/Document_x0020_Classification/Value']","item/Document_x0020_Approver/Claims":"@triggerOutputs()?['body/Document_x0020_Approver/DisplayName']","item/Document_x0020_Reviewer_x0028_s_x0029_":[{"Claims":"@items('Apply_to_each')?['DisplayName']"}],"item/{ContentType}/Id":"0x010100BAA3E5C7B812A14AA8C2045B5A0FBB30010009930A040C614D4F933051FE27278CC2"},"authentication":"@parameters('$authentication')"}}},"runAfter":{"Last_Reviewed_Date_Convert_Time_Zone":["Succeeded"]},"metadata":{"operationMetadataId":"3af63c09-a13c-4c3c-9906-2b8e96c9e622"},"type":"Foreach"},"Update_item":{"runAfter":{"Apply_to_each":["Succeeded"]},"metadata":{"operationMetadataId":"7c8d7c8a-4279-4e33-b3ba-442b8478a685"},"type":"OpenApiConnection","inputs":{"host":{"apiId":"/providers/Microsoft.PowerApps/apis/shared_sharepointonline","connectionName":"shared_sharepointonline","operationId":"PatchItem"},"parameters":{"dataset":"https://assureddt.sharepoint.com/sites/ISCompliance","table":"fb0e8929-f220-4051-9780-5af8e0cb46b4","id":7,"item/Title":"@outputs('Get_item_-_ADT_Core_Document_Types')?['body/Title']","item/Counter":"@outputs('Get_item_-_ADT_Core_Document_Types')?['body/Counter']","item/LastNumber":"@variables('CounterIncrement')","item/Format":"@outputs('Get_item_-_ADT_Core_Document_Types')?['body/Format']"},"authentication":"@parameters('$authentication')"}},"Next_Review_Date_Calculated_Time_Convert_time_zone":{"runAfter":{"NextReviewSharePointFormat":["Succeeded"]},"metadata":{"operationMetadataId":"7e5c5797-1f79-4221-a4b6-1fbd2b71867b"},"type":"Expression","kind":"ConvertTimeZone","inputs":{"baseTime":"@body('Last_Reviewed_Add_to_Time_For_Next_Review_Date')","formatString":"dd/MM/yyyy","sourceTimeZone":"UTC-11","destinationTimeZone":"GMT Standard Time"}},"NextReviewSharePointFormat":{"runAfter":{"Last_Reviewed_Add_to_Time_For_Next_Review_Date":["Succeeded"]},"metadata":{"operationMetadataId":"ba7786e4-a8c6-4252-ad26-d4a8b014be0a"},"type":"InitializeVariable","inputs":{"variables":[{"name":"NextReviewSharePointFormat","type":"string","value":"@body('Last_Reviewed_Add_to_Time_For_Next_Review_Date')"}]}}}},"connectionReferences":{"shared_sharepointonline":{"connectionName":"shared-sharepointonl-eceac7d4-dffb-4774-a969-6deeb960fa0d","source":"Embedded","id":"/providers/Microsoft.PowerApps/apis/shared_sharepointonline","tier":"NotSpecified"},"shared_wordonlinebusiness":{"connectionName":"shared-wordonlinebus-647bf5cf-4bfa-4030-a6bd-a744244f0e75","source":"Embedded","id":"/providers/Microsoft.PowerApps/apis/shared_wordonlinebusiness","tier":"NotSpecified"}},"flowFailureAlertSubscribed":false,"isManaged":false}}