{"schemaVersion":"1.0","appDefinitionTemplate":{"id":"/providers/Microsoft.PowerApps/apps/","type":"Microsoft.PowerApps/apps","tags":{"primaryDeviceWidth":"1366","primaryDeviceHeight":"768","supportsPortrait":"true","supportsLandscape":"true","primaryFormFactor":"Tablet","publisherVersion":"3.23041.11","minimumRequiredApiVersion":"2.2.0","hasComponent":"false","hasUnlockedComponent":"false","isUnifiedRootApp":"false","sienaVersion":"20230413T162859Z-3.23041.11.0"},"properties":{"appVersion":"2023-04-13T16:28:59Z","lifeCycleId":"Published","createdByClientVersion":{"major":3,"minor":23041,"build":11,"revision":0,"majorRevision":0,"minorRevision":0},"minClientVersion":{"major":3,"minor":23041,"build":11,"revision":0,"majorRevision":0,"minorRevision":0},"backgroundColor":"RGBA(0,176,240,1)","backgroundImageUri":"/16825956963972849780/N64292cb0-1d9a-4a4a-94d4-8847dfbfbddf-logoSmallFile","displayName":"Suppliers","description":"","commitMessage":"","appUris":{"documentUri":{"value":"/16825956963972849780/N989ee3d6-55a4-41b4-a85e-9cb7b2cccff3-document.msapp"},"imageUris":[],"additionalUris":[]},"createdTime":"0001-01-01T00:00:00Z","lastModifiedTime":"0001-01-01T00:00:00Z","sharedGroupsCount":0,"sharedUsersCount":0,"connectionReferences":{},"databaseReferences":{},"almMode":"Environment","performanceOptimizationEnabled":true,"canConsumeAppPass":true,"enableModernRuntimeMode":false,"executionRestrictions":{"isTeamsOnly":false,"dataLossPreventionEvaluationResult":{"status":"Compliant","lastEvaluationDate":"2023-04-13T16:29:04.6364212Z","violations":[],"violationsByPolicy":[],"violationErrorMessage":"The app uses the following connectors: ."}}},"appType":"ClassicCanvasApp","appComponents":[]}}