{"name":"03fdbc7e-260f-4638-ab19-03f2c4220cbd","id":"/providers/Microsoft.Flow/flows/03fdbc7e-260f-4638-ab19-03f2c4220cbd","type":"Microsoft.Flow/flows","properties":{"apiId":"/providers/Microsoft.PowerApps/apis/shared_logicflows","displayName":"Clients - Create ADT Strategy","definition":{"metadata":{"workflowEntityId":null,"processAdvisorMetadata":null,"flowclientsuspensionreason":"None","flowclientsuspensiontime":null,"creator":{"id":"d80946cf-9971-4e62-a505-94a91fdf95b2","type":"User","tenantId":"eebf42f0-fb5a-460f-a80a-1b6593988a6e"},"provisioningMethod":"FromDefinition","failureAlertSubscription":true,"clientLastModifiedTime":"2022-05-22T12:50:11.5276417Z","flowclientsuspensionreasondetails":null,"flowChargedByPaygo":null},"$schema":"https://schema.management.azure.com/providers/Microsoft.Logic/schemas/2016-06-01/workflowdefinition.json#","contentVersion":"1.0.0.0","parameters":{"$connections":{"defaultValue":{},"type":"Object"},"$authentication":{"defaultValue":{},"type":"SecureObject"}},"triggers":{"When_an_item_is_created":{"recurrence":{"frequency":"Minute","interval":1},"splitOn":"@triggerOutputs()?['body/value']","metadata":{"operationMetadataId":"402ec5ab-e7b7-4b26-a6de-305016cd35a4"},"type":"OpenApiConnection","inputs":{"host":{"apiId":"/providers/Microsoft.PowerApps/apis/shared_sharepointonline","connectionName":"shared_sharepointonline","operationId":"GetOnNewItems"},"parameters":{"dataset":"https://assureddt.sharepoint.com/sites/Clients","table":"29dd177f-e187-4cf3-ae64-541be54059e2"},"authentication":"@parameters('$authentication')"}}},"actions":{"Get_item_-_IT_Strategy":{"runAfter":{},"metadata":{"operationMetadataId":"a0ea68aa-ca18-4e53-8fb6-ada85fb9b159"},"type":"OpenApiConnection","inputs":{"host":{"apiId":"/providers/Microsoft.PowerApps/apis/shared_sharepointonline","connectionName":"shared_sharepointonline","operationId":"GetItem"},"parameters":{"dataset":"https://assureddt.sharepoint.com/sites/Clients","table":"29dd177f-e187-4cf3-ae64-541be54059e2","id":"@triggerOutputs()?['body/ID']"},"authentication":"@parameters('$authentication')"}},"Get_item_-_ADT_Core_Document_Types":{"runAfter":{"Get_item_-_IT_Strategy":["Succeeded"]},"metadata":{"operationMetadataId":"d0f1ca41-b78b-4313-bfc4-9fd055c50b9d"},"type":"OpenApiConnection","inputs":{"host":{"apiId":"/providers/Microsoft.PowerApps/apis/shared_sharepointonline","connectionName":"shared_sharepointonline","operationId":"GetItem"},"parameters":{"dataset":"https://assureddt.sharepoint.com/sites/Clients","table":"b4ea5ce3-38d8-46b2-a13f-469f169c48bb","id":2},"authentication":"@parameters('$authentication')"}},"Initialize_variable":{"runAfter":{"Get_item_-_ADT_Core_Document_Types":["Succeeded"]},"metadata":{"operationMetadataId":"94c1d173-2fd7-4ea3-87e2-ca50b0ad44b1"},"type":"InitializeVariable","inputs":{"variables":[{"name":"CounterIncrement","type":"float","value":"@outputs('Get_item_-_ADT_Core_Document_Types')?['body/LastNumber']"}]}},"Increment_variable":{"runAfter":{"Initialize_variable":["Succeeded"]},"metadata":{"operationMetadataId":"0f8758ec-49c7-4292-a549-b3f16c3a943a"},"type":"IncrementVariable","inputs":{"name":"CounterIncrement","value":1}},"Update_item_-_Core_Document_Types":{"runAfter":{"Update_item":["Succeeded"]},"metadata":{"operationMetadataId":"f8ce9619-1b83-45a5-851e-4fd0b4507542"},"type":"OpenApiConnection","inputs":{"host":{"apiId":"/providers/Microsoft.PowerApps/apis/shared_sharepointonline","connectionName":"shared_sharepointonline","operationId":"PatchItem"},"parameters":{"dataset":"https://assureddt.sharepoint.com/sites/Clients","table":"b4ea5ce3-38d8-46b2-a13f-469f169c48bb","id":2,"item/Title":"@outputs('Get_item_-_ADT_Core_Document_Types')?['body/Title']","item/Counter":"@outputs('Get_item_-_ADT_Core_Document_Types')?['body/Counter']","item/LastNumber":"@variables('CounterIncrement')","item/Format":"@outputs('Get_item_-_ADT_Core_Document_Types')?['body/Format']"},"authentication":"@parameters('$authentication')"}},"Populate_a_Microsoft_Word_template_-_IT_Strategy":{"runAfter":{"Increment_variable":["Succeeded"]},"metadata":{"0132MKOWO6DPMLALGW4JC2AHEQHMRLSJQO":"/Templates/TESTING ADT Services Order Form - V1.0 TEMPLATE.docx","operationMetadataId":"55132e0e-38d9-443e-8cf8-24eae2d53d86","01YPYYLRNSKCH4TEWTTRFIYZ5JTTCQV4YT":"/Marketing/Templates/ADT (Tri-branded) Templates - WIP/ADT-BITC-MDS IT Strategy Document.docx"},"type":"OpenApiConnection","inputs":{"host":{"apiId":"/providers/Microsoft.PowerApps/apis/shared_wordonlinebusiness","connectionName":"shared_wordonlinebusiness","operationId":"CreateFileItem"},"parameters":{"source":"sites/assureddt.sharepoint.com,5db84167-ae08-4695-b8b2-e9fca0cd0b58,50b4359d-4c92-4182-bcdb-6d29736116bf","drive":"b!Z0G4XQiulUa4sun8oM0LWJ01tFCSTIJBvNttKXNhFr9kG0uSdNNhSJIpdYWxB22K","file":"01YPYYLRNSKCH4TEWTTRFIYZ5JTTCQV4YT","dynamicFileSchema/-2077196801":"@outputs('Get_item_-_IT_Strategy')?['body/CustomerName']","dynamicFileSchema/-2001960370":"Assured Digital Technologies","dynamicFileSchema/-618220662":"@outputs('Get_item_-_IT_Strategy')?['body/CustomerName']"},"authentication":"@parameters('$authentication')"}},"Update_item":{"runAfter":{"Get_file_properties":["Succeeded"]},"metadata":{"operationMetadataId":"29e370e3-e1de-411d-9f12-2a8e4c2afacc"},"type":"OpenApiConnection","inputs":{"host":{"apiId":"/providers/Microsoft.PowerApps/apis/shared_sharepointonline","connectionName":"shared_sharepointonline","operationId":"PatchItem"},"parameters":{"dataset":"https://assureddt.sharepoint.com/sites/Clients","table":"29dd177f-e187-4cf3-ae64-541be54059e2","id":"@triggerOutputs()?['body/ID']","item/Title":"@outputs('Get_item_-_ADT_Core_Document_Types')?['body/NextRef']","item/LinktoContractFolder":"@outputs('Get_file_properties')?['body/{Link}']","item/Status/Value":"In Progress"},"authentication":"@parameters('$authentication')"}},"Create_file":{"runAfter":{"Populate_a_Microsoft_Word_template_-_IT_Strategy":["Succeeded"]},"metadata":{"operationMetadataId":"e0561fdd-4088-4381-8685-817d8d4b5d9b"},"type":"OpenApiConnection","inputs":{"host":{"apiId":"/providers/Microsoft.PowerApps/apis/shared_sharepointonline","connectionName":"shared_sharepointonline","operationId":"CreateFile"},"parameters":{"dataset":"https://assureddt.sharepoint.com/sites/Clients","folderPath":"/Shared Documents/@{outputs('Get_item_-_IT_Strategy')?['body/CustomerName']}/IT Strategies","name":"@{outputs('Get_item_-_ADT_Core_Document_Types')?['body/NextRef']} - Technology Strategy - @{outputs('Get_item_-_IT_Strategy')?['body/CustomerName']}.docx","body":"@body('Populate_a_Microsoft_Word_template_-_IT_Strategy')"},"authentication":"@parameters('$authentication')"},"runtimeConfiguration":{"contentTransfer":{"transferMode":"Chunked"}}},"Get_file_properties":{"runAfter":{"Create_file":["Succeeded"]},"metadata":{"operationMetadataId":"129f908c-cb5a-40b8-854d-f8cfc19eb066"},"type":"OpenApiConnection","inputs":{"host":{"apiId":"/providers/Microsoft.PowerApps/apis/shared_sharepointonline","connectionName":"shared_sharepointonline","operationId":"GetFileItem"},"parameters":{"dataset":"https://assureddt.sharepoint.com/sites/Clients","table":"272e06a2-ebab-419b-b585-78c7b1e9f318","id":"@outputs('Create_file')?['body/ItemId']"},"authentication":"@parameters('$authentication')"}}}},"connectionReferences":{"shared_sharepointonline":{"connectionName":"shared-sharepointonl-eceac7d4-dffb-4774-a969-6deeb960fa0d","source":"Embedded","id":"/providers/Microsoft.PowerApps/apis/shared_sharepointonline","tier":"NotSpecified"},"shared_wordonlinebusiness":{"connectionName":"shared-wordonlinebus-647bf5cf-4bfa-4030-a6bd-a744244f0e75","source":"Embedded","id":"/providers/Microsoft.PowerApps/apis/shared_wordonlinebusiness","tier":"NotSpecified"}},"flowFailureAlertSubscribed":false,"isManaged":false}}