{"__Version":"0.1","App":"00d820fe-018b-4c26-96d5-31bebed7e0fa","Test_7F478737223C4B69":"558c02bd-8358-4c0d-8fde-0a0946603d57","Host":"a55e2759-4f0b-46e3-9e96-06e5adee6364","Level1DirectMeetingFormScreen":"41225566-e650-47e4-9824-b027e35ec236","ScreenContainer_2":"9ea37f39-9ba2-4862-a23c-55a62ec5836d","HeaderContainer_2":"552a7264-46a1-40ec-bee4-bca09bb184ef","Container2_4":"635e31eb-995b-4bb5-934d-5e69b9e439c4","BackButtonImage2_1":"a147c5b5-0950-4195-81c5-48bb9a0d1437","Container2_5":"b80c6106-27bf-4b45-9c63-5d42aa62d9f8","Label5_2":"625fbdf2-45fe-4c34-9f88-aecc3b6f2ae7","Container2_6":"a667b93d-4f24-44f9-b20a-3397180e3b8d","SaveImage2_2":"53eee12f-2595-40ba-b051-4233f2d13d17","ValuesContainer":"f772065d-ae10-45c3-8c30-21f341d63ef2","ShineValuesImage":"51c6b977-59ff-4e6b-9e72-f1513d5a0e40","MainContainer_2":"675fe085-0e60-4bcd-915a-51f9e31b97e5","Level1DirectedMeetingForm":"56632196-2979-478f-8718-e530a14b344e","General Information_DataCard2":"ae61b089-48f9-45c7-ba4c-385067625f00","DataCardKey9":"09017aaa-403b-40ed-9120-16ed6eeb9b9d","DataCardValue9":"4c41e653-6384-4edc-b72a-ff776f28278b","Employee Name_DataCard1":"510e109f-4be8-4846-b6af-bef9be6e9848","StarVisible2":"c2bce6ed-e9ee-4099-9329-d869841ae855","DataCardKey2":"1bdd71c4-c816-4740-a75b-4c22bc60f7fe","DataCardValue2":"2355f62f-57f0-488b-9ce8-70e2dd271c33","ErrorMessage2":"c9552ed3-7207-43a1-8f89-07980b46eeff","Level_DataCard1":"ed5b9086-0d81-4726-ba9a-48dc0b001d87","StarVisible3":"f3b0a4ab-6103-4bf0-8769-e84f8a993034","DataCardKey3":"4405b392-38ae-4330-a8ab-d46009de58e6","DataCardValue3":"aea88797-cfae-4561-bc94-ed6e4da85897","ErrorMessage3":"3e9b4537-17fc-4a23-9528-8c48c22bc54a","Date_DataCard1":"035b9d40-f83e-424e-899c-fa2a6ce19e06","StarVisible4":"ab06b895-d102-43ec-ab3c-6f0fcd62c215","DataCardKey4":"8d99f197-4827-4f19-a2b2-e719d7ab6153","DataCardValue4":"cbed1a50-acd7-4554-bf64-ddfcb4ee8392","ErrorMessage4":"ebdf75a6-f8ba-42f1-b5ac-71433d7c2d39","Line Manager Name_DataCard1":"85fe1408-36b7-4b54-b395-e398efd519cf","StarVisible9":"4be1eed4-550c-472f-8c31-9da4b79664d1","DataCardKey10":"d4ccb08e-c9ed-4412-a464-87cd3ad6044d","DataCardValue10":"ed1052c9-62af-4d5c-984a-ca808f1815a8","ErrorMessage9":"f6f97bd8-59ee-485c-b9c5-511926d196cc","Job Satisfaction_DataCard1":"5254ca35-86bb-406b-91de-6e2e284bf052","StarVisible5":"e0a08c4d-31c4-4d40-8171-4be84599c9d4","StarVisible69_6":"c2183d39-634c-4d92-bb88-877ecc8ca152","DataCardKey5":"cdb7fccf-0984-4e0c-87e6-3fc40eb2cfda","DataCardValue5":"e3822965-b309-4b53-af98-8d2c7efe2d9a","ErrorMessage5":"b5565fed-28bc-4b67-ac6c-893fff07693f","Supervised Meeting_DataCard2":"4035df2c-20af-467c-a913-a54aabda5a57","DataCardKey61":"79d9cd0a-0813-4adb-acff-c4bc2b147a98","DataCardValue61":"61a1c67b-09aa-4a01-86aa-13bfdb3630f4","Is there anything mentioned from supervision meetings that you would like to bring up at this meeting? _DataCard1":"8c3de773-5614-42e5-bd16-3b3f50e1e1e4","StarVisible6":"9b0c5dc7-d750-4e05-9362-53978c5928c0","StarVisible69_1":"5dc7eaf4-3ad0-4d2e-b1a5-21b7cebdf5f5","DataCardKey6":"e567fb31-3a13-4ae9-a58a-ac8735e23abc","DataCardValue6":"4967ee2f-3900-4dd0-a43a-2175927161a1","ErrorMessage6":"c6fddc7e-4053-46d4-a77b-0c56f4884c49","Progress from previous Directed Meeting_DataCard2":"7bdc415a-31e1-4a4c-b302-ecbf897c536d","DataCardKey12":"62671df5-cce5-47ee-80d2-8f555f363687","DataCardValue12":"2536fb15-0110-4101-a8be-2696dcee1b4d","Please provide more specific details regarding the supervision meeting_DataCard1":"8296cc67-32eb-4479-87d5-d61192c3e609","StarVisible8":"e10e514b-b4dc-4055-91b6-0981f354a506","StarVisible69_7":"359bd499-d601-49f1-ab1f-fa53408e9c29","DataCardKey8":"ec110f1e-b30a-414e-826f-bceafabf7614","DataCardValue8":"35315cd0-32a9-4318-962d-c28733f1452d","ErrorMessage8":"5cc3fad1-ced5-41af-919c-24049029dea6","If yes, then what does it relate to?_DataCard1":"a3adb01c-4017-4700-acdd-bb87235bdf6e","StarVisible7":"cdb3fbfc-feae-46e4-b79a-efdb2dbbcedd","StarVisible69_8":"93d13264-49dd-40f5-aba8-0b475d61541d","DataCardKey7":"626bb3e2-55d5-4431-b708-14b9f67c4c98","DataCardValue7":"5dc57878-6d3c-4b68-8edb-b196477f303c","ErrorMessage7":"db3bf3eb-5745-470a-af39-5833a188b39f","Previous Company Target_DataCard2":"9fb3424b-f327-4c59-9bc2-c95d08ce3693","DataCardKey62":"f85939f2-b75b-4bf3-bd04-da434c98f213","DataCardValue62":"d0c07bcd-5df1-4e1d-92dd-8acff82b694d","Previous Company target set_DataCard2":"21d34e80-5a06-4e5d-82dd-91ad047e4db5","StarVisible69":"dc6de1f6-25d6-44d1-b7b2-682d57903609","DataCardKey79":"db821165-fda8-4bfc-8458-a2ae8c1bb933","DataCardValue79":"8721b53c-830f-4f79-a96c-517782411027","ErrorMessage69":"3445e154-bea4-4579-8d5a-0e58c2c48339","Any specific details around the previous company target?_DataCard1":"0e55ae40-cfb5-489c-b2e1-cf26c2bbc2c2","StarVisible14":"cfc84513-4ee1-4f42-a4ee-560edc280205","DataCardKey15":"d63f0276-1b9e-4c9b-89ce-3a229ce3751e","DataCardValue15":"ef40cfa6-b529-4a9f-a644-9912fe0821e3","ErrorMessage14":"3677f412-d843-471b-a215-bae592fd93f5","What progress have you made towards this company target?_DataCard1":"35e0fe32-beea-47fc-8d2a-3417a8a0780e","StarVisible15":"4160d80e-33c7-41e4-a26f-1d071adb294f","DataCardKey16":"08c5d95f-5f79-49b1-9c37-f4b641c0c349","DataCardValue16":"7dfc6cbb-c2dc-4273-b232-feae16f46c57","ErrorMessage15":"cac31193-c7ce-4b6d-b775-a255e2149ace","Employee Comments/ progress/ explanations regarding company target_DataCard1":"224d7cb1-ef3e-4c13-aabc-dbc7c73ef38d","StarVisible16":"77dfc1df-3d24-4b4a-8d22-ecc9944534c2","StarVisible69_2":"fd21626d-88f8-447d-a8b7-13c3c25dd164","DataCardKey17":"55364f12-7224-4071-8d5d-59ba59c0429d","DataCardValue17":"9ae1680d-a9c2-4af7-8757-2cae790cf6bd","ErrorMessage16":"00de8726-d48b-48cc-b37e-f6b3f75e932f","Manager Comments/ progress/ explanations regarding company target_DataCard1":"767e225b-40eb-4ffb-bd34-d375771cabcd","StarVisible17":"261e7803-bdcb-4d4d-8f7e-1b0ecaf8438b","DataCardKey18":"f22294f5-dc15-441a-a074-1ea93009a852","DataCardValue18":"7920c6e2-abeb-499d-ad3c-7fd4827ac841","ErrorMessage17":"fd896388-f42c-49ac-8cca-582863bbeb29","Previous Line Manager Target_DataCard2":"bab2cec9-0f4f-4a34-955f-513c00c54468","DataCardKey63":"fc3f4649-5554-4daa-ae49-239f89adda31","DataCardValue63":"2d7925ac-fa1f-4915-a773-0274d7d4a772","Previous Line manager target set_DataCard3":"6181bf49-a7e9-4f11-8156-ae3ed32d0547","StarVisible68":"138ed0ef-1558-48ef-be91-6060ebf97d76","DataCardKey78":"8968e697-8898-40d0-b87c-416758db2832","DataCardValue78":"ce37eed7-1018-4643-b1d9-a9c373b4a237","ErrorMessage68":"c492defd-2d9e-4e20-936c-2d6e31892b6c","Any specific details around the previous line manager target?_DataCard1":"8ea2ca46-7b76-43e5-a096-43fc70f89512","StarVisible20":"0f5e8017-f967-4bfe-80d1-8ea9c71d94fb","DataCardKey21":"cad1865a-5b99-4812-a4cb-897afe9141ec","DataCardValue21":"acc57cc2-c9a7-4756-90e5-502f7e7f8075","ErrorMessage20":"3a3b74c5-3122-4bf8-8d78-7ce3e4e17c5b","What progress have you made towards this line manager target?_DataCard1":"c4b311ba-52f4-46e5-90d6-d22ac692e6a4","StarVisible21":"c787bccc-fcdb-4069-bd69-e8e8bc590da9","DataCardKey22":"772396b0-16d6-4437-ac57-f5cf5536368a","DataCardValue22":"9540341a-aec2-4cfb-a786-556ce4108645","ErrorMessage21":"faf40e9b-83ca-44dd-844e-36ae3317fd4d","Employee Comments/ progress/ explanations regarding line manager target_DataCard1":"840aa7e9-051e-47a4-8d6c-3ba1bd48582b","StarVisible22":"c1dfc43f-5a88-4dea-aace-53e2608630c4","StarVisible69_3":"3cbd7a77-877d-4734-a643-22914c080bd5","DataCardKey23":"f1278196-089f-49f3-aed5-8b93da9237ff","DataCardValue23":"8c8ec919-b05c-4b77-8176-fbfd63767269","ErrorMessage22":"e85947f8-5812-488a-8a0c-f54b6f64217a","Manager Comments/ progress/ explanations regarding line manager target_DataCard1":"5456e8f1-6638-4725-97d9-17febe6ff019","StarVisible23":"23f4a145-d43f-41db-a800-ed79e775c1c0","DataCardKey24":"08655a12-42c3-4336-97cc-885d42df0a54","DataCardValue24":"ed370e25-06ec-41b5-8f4f-5b89b0d611aa","ErrorMessage23":"32854294-b145-4d43-8d82-95fcb1a5da9a","Previous Self-directed target_DataCard2":"f1f97be8-9b4c-419c-a564-c24735111164","DataCardKey64":"9b9ab0e4-b924-4f21-924e-f45b641478e0","DataCardValue64":"69d8a8fa-de5b-4027-ba50-4286e0c3dda3","Previous Self-directed target set_DataCard3":"4edd4289-7ce4-461f-ad50-a11908a7153b","StarVisible67":"2928b65a-a277-42c4-aa74-36f042632c66","DataCardKey77":"9bfb4c0a-3cef-4919-8d7c-0db20162e5b4","DataCardValue77":"392337dd-f128-4373-a74c-e71cbb48f81d","ErrorMessage67":"f3f6aea0-5eef-411c-bc38-7658fccaf78c","Any specific details around the the previous self-directed target?_DataCard1":"6f34e318-b43d-425e-8f67-8206697b0459","StarVisible26":"463bc300-8cd9-4ca9-bd69-c9eb9386b5ec","DataCardKey27":"f8ffeddd-57a0-4fe5-911f-8c9894365756","DataCardValue27":"d40971ce-1713-4a2a-8d04-fd012a488594","ErrorMessage26":"0f26be94-8d85-4452-97df-c82e2099950b","What progress have you made towards this self directed target?_DataCard1":"2317b136-0a6f-41a4-b654-5696896e2684","StarVisible27":"7a126a00-19fe-4415-824f-9cfd296f4a45","DataCardKey28":"77c577ee-c33a-457a-94d3-7945f2b3596d","DataCardValue28":"68cbaf9c-cf31-47f3-b074-14113df4fa98","ErrorMessage27":"c6e8310a-886d-4bf0-8696-dcd1eb9fb5df","Employee Comments/ progress/ explanations regarding self-directed target_DataCard1":"5a1e0fa8-a143-4acb-9550-6574df7c356a","StarVisible28":"8eab91d9-78ce-4735-b983-28590b5e83c5","StarVisible69_4":"37fcbf4c-f44e-455c-8ee5-8c9cbc46accb","DataCardKey29":"4899ee91-4609-4d18-a2a5-ac8011be0ed6","DataCardValue29":"14cef712-245c-40b9-aad4-bfb4c161a7d1","ErrorMessage28":"dd0deb4a-6e49-41cd-b2c5-0f172f302ee0","Manager Comments/ progress/ explanations regarding self-directed target_DataCard1":"d935c891-1694-4f0d-92c5-0185823cce9c","StarVisible29":"94652b8f-6d08-4864-8f8c-2b1e60d5e33e","DataCardKey30":"b3edccf3-e921-411c-a214-06ee47c1095d","DataCardValue30":"f70e1ab2-4993-4b79-9e80-cac71b0f93e6","ErrorMessage29":"202cf567-f564-41f8-b562-904b0b514cf1","New Targets_DataCard2":"1fe4a15b-df15-46ac-89e4-292ebcb33754","DataCardKey65":"de55995d-6b85-4026-b933-9ce27f63ad3e","DataCardValue65":"ee1a7279-4a34-43b9-a730-dd057c5dfd53","New Company Target_DataCard2":"65d22518-c340-400f-953e-737af176b7b9","DataCardKey19":"b2eda1f6-9c0f-4a38-9f28-dfde809ab97d","DataCardValue19":"cf56f18b-31e2-427f-a981-ad2e7ff3fdba","New company target set_DataCard3":"0542cc58-d860-41c1-ad8b-0044f2b0576c","StarVisible72":"eeb18974-6bfb-4f02-8d77-6d2627a07e02","DataCardKey82":"420cb1f1-c6dd-4c90-ab1d-b6fb59ab15cc","DataCardValue82":"62b60885-c32c-4bcc-8ca8-0941f15397ee","ErrorMessage72":"37d94ac2-c728-4301-b4d6-5a54dcfecc22","Any specific details around the the new company target?_DataCard1":"279a211c-4135-447e-be1b-bbc95a26423c","StarVisible33":"f7a92a4c-f064-4309-ad9e-589b72e5a9a0","DataCardKey34":"ec3413c8-a0e3-4333-aba8-e55648c55c11","DataCardValue34":"108e3f6d-1bf1-4fe9-8eba-6c600f04606e","ErrorMessage33":"a08c474f-a34b-4dc7-a314-96ce9d0bbc70","New Line Management Target_DataCard2":"2dcb2e66-0677-41fb-af8b-408cce80dac4","DataCardKey66":"d198c8a4-ca23-49f9-b247-1e727980a842","DataCardValue66":"2c56277d-adba-422a-9cc3-645d01496561","New line management target set_DataCard3":"8267cf45-c077-426a-9b1c-bcd8501226cf","StarVisible71":"347b8fbf-b2cd-4e7d-ba2a-dbecdc231ad3","DataCardKey81":"5e100b05-3518-48d7-96b5-163bc6c76bf4","DataCardValue81":"9efa4faf-7781-4d10-a371-07905e6fa7a5","ErrorMessage71":"2a7fe937-ba16-416e-a0a2-8a2be216a47e","Any specific details around the the new line management target?_DataCard1":"f64e62da-14b3-4351-b0c4-9e7b892706ae","StarVisible36":"091cebac-c457-4bd6-8a2d-7013ed8d2554","DataCardKey37":"238a34c7-9ac7-4fcf-9b72-df6417a5b4f0","DataCardValue37":"3613ba66-b842-4184-837e-85b062f7bb12","ErrorMessage36":"64d40b40-96ff-4535-8da8-2055696c8f87","How do you plan on achieving the new agreed target?_DataCard1":"6e048681-a5ad-4f40-9f27-e9a6b1483648","StarVisible1":"98fcb115-acd1-43af-beae-4d326bace967","DataCardKey1":"454bee63-81e4-40f9-9508-6b812e0a5b19","DataCardValue1":"2e2cf3ec-1a58-4e73-a72b-18399ca52965","ErrorMessage1":"e955e51c-4117-423d-a79e-aec52b937158","Provide additional details regarding how you are going to achieve the new agreed target_DataCard1":"ed175260-6e31-428b-aaac-a599d33ab5ee","StarVisible10":"66064a13-c174-42e0-b7f1-af74839f2db1","DataCardKey11":"dcee0c13-d16d-4c75-b2ef-4fd0ccc3be53","DataCardValue11":"85bc4eaa-d9e2-4e9e-96f9-1225b90a0411","ErrorMessage10":"aa7a6f25-4a74-44e2-b432-12c0b73f8ec7","New Self-directed Target_DataCard2":"c7fa757a-76f7-4803-b8a3-c8dc45e4fbc7","DataCardKey67":"a9a5e4c1-be3b-4dec-aac6-2863a8d9cfbc","DataCardValue67":"30a7a660-c2ef-449d-af0f-8779fb471b4a","New self-directed target set_DataCard3":"4fa4f008-2f46-4e91-b5a8-21c80b63834c","StarVisible70":"ad722321-5c9b-4472-b4bf-65cf927e2078","StarVisible69_5":"c5097fd6-f721-49d7-972f-bf685cd709a1","DataCardKey80":"432bd14b-3770-4de1-a3b8-5298818e473e","DataCardValue80":"e18f2648-c6c2-4d08-b9ee-7cccb9de6141","ErrorMessage70":"977b99d7-f549-4d6b-955e-c36547bf7e61","Any specific details around the the new self-directed target?_DataCard1":"21086283-8f78-4338-9d7b-f685b936d91a","StarVisible44":"0f61fcd9-f7df-467a-8db0-2a8efa52d3cc","DataCardKey45":"9482095c-35c5-475c-b729-5a0594b6f329","DataCardValue45":"ad4a4d27-a951-46a7-8d53-339c21e119a1","ErrorMessage44":"115a37a9-1afe-4dd9-994d-5938c65afe70","How do you plan on achieving the new self-directed target?_DataCard2":"aab1b654-2bd9-46f4-8e3f-cc2485d8aa11","StarVisible12":"f291fd31-1579-4189-a641-1ab1aadb63d5","DataCardKey20":"ba474b51-6885-4de3-8445-ed485ad88f8a","DataCardValue20":"9069c9e0-11fe-4037-8037-ec8677450493","ErrorMessage12":"d705d986-3665-45e2-9651-d9ce7409131c","Provide additional details regarding how you are going to achieve the new self-directed target_DataCard1":"7a08f63a-c312-4c38-976d-e3928f20e60c","StarVisible13":"7f7b76a7-8422-4460-870b-b4a49eb59369","DataCardKey14":"930d2983-c34c-4de9-903f-14d49328f6c5","DataCardValue14":"0d1ceadc-6cfc-4e39-a2ce-3932c92076f1","ErrorMessage13":"32fdca87-5f8a-407b-b210-de272ceaa9d4","Additional Targets_DataCard2":"c946c263-944b-4075-ade6-b00743e49ef6","DataCardKey69":"98b41037-e314-41bb-a84b-4079b87a91a9","DataCardValue69":"835697a8-f2ff-4f9f-81f7-2287ce539f89","Would you like to set any further targets?_DataCard1":"8fdaa4b9-9c4a-4314-8d7b-6e66a0777ed0","StarVisible51":"1958c442-c414-48f5-ab54-2ae980339626","DataCardKey52":"6f7b05be-2f55-4a05-9269-e6cffa9cb1d6","DataCardValue52":"0d856d9a-81d0-4cd5-ac53-2f4882d1e447","ErrorMessage51":"ac414e21-0a3e-4d3a-9e0a-05e518663005","If yes, what type of target?_DataCard1":"e5c4c2ea-945e-482e-b41b-c1188da235e6","StarVisible52":"04638101-261c-4f3c-9668-fdb324c3883a","DataCardKey53":"1760b27c-11f1-49e8-9839-a669715298cb","DataCardValue53":"0c5f7b51-5fec-4045-8925-7c1fee387c96","ErrorMessage52":"a1acdd83-21a3-41db-b7be-13b3ec9d7e26","Choose target from drop down list_DataCard3":"fc74fb9a-ecaa-4a8a-9443-61eae0cdc011","StarVisible73":"8960826a-c912-44c4-8b95-4e098b378f9e","DataCardKey83":"faf06aec-6a97-434e-82a8-2c096ca4c39f","DataCardValue83":"10dd5d78-b629-4c4a-ab82-84c202208da4","ErrorMessage73":"8aec1a35-3cd6-4054-8698-79645a38ca33","Add specific details around target_DataCard1":"566d6002-b581-4f76-98eb-1de94d83d1ea","StarVisible54":"7508966a-79b1-4fa8-a6eb-86953ee116ef","DataCardKey55":"b21a00f9-4ca5-4902-a152-fc6b885058bc","DataCardValue55":"f7573443-d242-489b-921d-0b14929a1e15","ErrorMessage54":"a2a4ba4e-06c3-4085-934a-16d86f9089d9","Miscellaneous_DataCard2":"ed1ceab3-ab63-438f-bcc0-ffcd00b2be18","DataCardKey68":"2ea56420-72de-4516-ae07-de7d735a743d","DataCardValue68":"5d7fd50f-8a55-4588-8faf-4ce20b887987","Is there anything else you would like to mention at this meeting?_DataCard1":"a8db0ace-c890-43cf-8fba-5b7813266371","StarVisible56":"9e4756e9-b317-444c-a318-8f649174708a","DataCardKey57":"106b48c2-d11e-42ea-857a-c7035238ddd4","DataCardValue57":"cf05fa04-9153-4ecf-9f6d-a23994f59b10","ErrorMessage56":"54280a5c-59cc-412c-9a81-0ec9713ed92c","If yes, what is it associated with?_DataCard1":"0cd588c3-0b89-4af2-b916-822355e56ef0","StarVisible57":"22f146e7-2166-47a3-aff2-0fa8f1ff8d89","DataCardKey58":"e64898fb-18c3-43dd-a4da-8adbff7d169f","DataCardValue58":"d2745600-bb3b-41aa-9dcb-3ffccdffea85","ErrorMessage57":"b0af4a83-e16a-4edc-9187-b4ed0a8b615f","Please provide more specific details_DataCard1":"17a8a311-ce0c-4412-ac37-1471726c3f85","StarVisible58":"c94dab2b-aaa7-44ea-83ca-bdeb787f8748","DataCardKey59":"9e5fc5aa-b39c-4e22-a941-d0522050d74f","DataCardValue59":"57c87b1b-1ecc-47c0-8d06-5f96c8bafe27","ErrorMessage58":"6a837f24-cacb-4a77-b151-ae651e23d574","Directed meeting Complete_DataCard1":"d1097a02-dcf4-4392-b7a4-a1081517e3fe","StarVisible59":"aa6362f9-9011-463d-b1ad-dbfb89dd6ff6","DataCardKey60":"7bfc2a06-912e-4e57-ade4-797dc23c0342","DataCardValue60":"97cc4b45-11f7-438f-9da8-4665d800d647","ErrorMessage59":"2572fbf3-20e3-434b-b5ec-d0bbf62521f5","Level3DirectMeetingFormScreen":"beb0b81b-645b-4577-9f0c-d698fc63ab8a","ScreenContainer_4":"e0d98f63-0c95-401a-b9dd-a11c9b16fb23","HeaderContainer_4":"7ca1f587-4801-432b-9eea-7117561c7f50","Container2_10":"f18b8903-2501-4b93-8c5c-aaf58e438589","BackButtonImage2_3":"3dbdbb34-5307-4a69-b62e-12a1837a608f","Container2_11":"87a19782-d351-4a95-b4ee-04f82e4c3287","Label5_4":"1da13dca-1596-4dab-a61a-7aac0eff4e53","Container2_12":"0bdb6b51-ea8c-4ec5-8848-86af54ae2afd","SaveImage2_4":"89fa1533-5312-4649-980d-1d82f64c6ef4","ValuesContainer_2":"b8777b30-9c0d-4172-8fda-80e47722efa6","ShineValuesImage_2":"57cd6ecf-70e8-416e-b1ec-67edcc106024","MainContainer_4":"305b6b56-46a7-4e3f-b3e1-8a13236fcedd","Level3DirectedMeetingForm":"49c3c896-c32a-48e2-a131-5400bd0d35fd","General Information_DataCard3":"b0f503e6-f1d2-429f-87bf-804c6368cb5e","DataCardKey39":"687220b7-5aaf-4cc3-baac-d9f697b98c55","DataCardValue39":"ff2dd492-3bfb-48b0-9e57-30006f469de8","Employee Name_DataCard2":"95a4669e-a4b6-4068-953d-4e0cd699cd35","StarVisible19":"2b241c5d-c168-46c1-b252-6fa8ddab6002","DataCardKey26":"a5e21770-9c75-42a4-8bbc-544b44e594fa","DataCardValue26":"d9cc6e3f-b6bf-4a01-a672-e32fe059debf","ErrorMessage19":"0503eee2-0c74-4c0c-b918-5125fac0f334","Level_DataCard2":"d0fe35e6-0fcf-4d10-b8be-301f4412ca84","StarVisible24":"ca58f11e-93e3-4b5f-946a-63077064365c","DataCardKey31":"e4bbee1a-a16b-4196-93c6-bc2cedb9fbb3","DataCardValue31":"090f28a7-1b5e-4d14-b83c-73fefc1888be","ErrorMessage24":"b60dd1cd-a9ba-42b3-b739-b6a3a2135b10","Date of Directed Meeting_DataCard1":"352b4285-512c-4f37-ab4a-d0182e68115a","StarVisible25":"6f4d6dd3-d73d-4d9b-9642-f5ba9a4d65f3","DataCardKey32":"7525864b-9672-4473-9d76-46e909733f40","DataCardValue32":"71b19076-8358-452b-96e6-6ed3e85f2ef7","ErrorMessage25":"b2b99628-358b-41ad-a7b2-997e3ab28fa4","Line Manager Name_DataCard3":"1a5d1d2b-a27b-4e81-b099-ba0b13b0085a","StarVisible35":"94d333c6-b3a1-444e-9b10-a847adf20210","DataCardKey40":"b39010d5-0a38-4f2b-9808-71448b60ce48","DataCardValue40":"d1b53915-2157-4469-ad18-be36ae86ef99","ErrorMessage35":"b4643299-815b-4882-b3ea-68470f1e50cd","Job Satisfaction_DataCard2":"994195b4-3766-4dc1-8d0f-2e6aa718b8cf","StarVisible30":"a2fd5509-f76d-429a-88a0-2dd980817600","StarVisible80_8":"d35ee29d-62d3-4b31-b37c-22990356ffd6","DataCardKey33":"2608cf7b-7cb6-47f7-9595-2603848811fc","DataCardValue33":"2875599c-303b-47ec-8654-2c35f515106c","ErrorMessage30":"36481468-fac7-4d0b-90bc-6b67504bfbaa","Supervised Meeting_DataCard4":"12b43263-4702-49ca-85d4-b507c1f8264d","DataCardKey49":"50794f4f-73dc-482c-afa0-37d59e971a9d","DataCardValue49":"dc9e5c80-63d4-4ef9-9003-e961c06d0184","Is there anything mentioned from supervision meetings that you would like to bring up at this meeting? _DataCard2":"898d1fc8-0ec0-4821-90c5-b28ad3ddd827","StarVisible31":"a7ef41ca-cf28-43f1-8795-623197bd5b92","StarVisible80_9":"6a5e7683-07e3-4e4b-8173-0769d28ebfa0","DataCardKey35":"a6be55d4-c613-43c0-b28e-90c2b8447f7c","DataCardValue35":"ea9263a7-17e6-4e45-8e43-28faaae5714a","ErrorMessage31":"dd62872f-66b0-46c9-a2c4-f8d6fc1635f4","If yes, then what does it relate to?_DataCard2":"bbcede66-3386-40ac-99e3-944e71656dbe","StarVisible32":"1905acc5-9769-498f-87bd-63cbe56e8880","StarVisible80_10":"18c6ad66-042c-4581-9185-9ae7430ac023","DataCardKey36":"91348a2f-bbf5-4fd0-b582-465093f2303d","DataCardValue36":"0e7f9a57-9c64-4c14-b8f0-b06a4a0a2621","ErrorMessage32":"a3334fc3-2c9e-44e8-aa32-f9b07eb0ec71","Please provide more specific details regarding the supervision meeting_DataCard3":"47d1f048-ce96-4f65-b7f6-b867d1f0787c","StarVisible45":"3fabe284-a325-4778-a7b5-e05ef0bdbdbe","StarVisible80_11":"32aff13f-1e86-4d6a-af7b-cdc19bfe07bd","DataCardKey51":"66690425-d607-4d52-a1dc-794946735b5e","DataCardValue51":"7e3697a3-4df5-4458-aba9-9846b53cc734","ErrorMessage45":"7811605c-6022-4639-bc2d-96ad7c315ea8","Progress from previous Directed Meeting_DataCard4":"7a4255ba-406e-4ae6-aef0-e1dc67fa62c8","DataCardKey75":"c664cb75-d9bb-412a-b24c-d3df4a187e8e","DataCardValue75":"e6313fb0-88d3-4c1b-b3c1-82e6d1026e3d","Previous Company Target_DataCard4":"c7d97010-b944-4b5a-ab78-bebf3e79ef13","DataCardKey76":"15c42d54-d123-431c-a0fb-a8b6a0e386f1","DataCardValue76":"43392865-0822-4bbf-ae7c-08f7f8440c3b","Previous Company target set_DataCard3":"cf24909b-820e-4935-bb64-3f5db7094497","StarVisible50":"ea306b2b-d60c-4c3d-a418-850e9506b5ba","DataCardKey71":"662e870d-9e6e-4c2d-8e12-975031f469bb","DataCardValue71":"8760e670-c6ea-4d29-abf7-67158b238eaa","ErrorMessage50":"b4760e80-7025-43a8-b418-c8a1a77689d1","Any specific details around the previous company target?_DataCard4":"646019c6-0fba-4dd4-b05d-b28e2e1c0d38","StarVisible55":"49c572b5-4a10-4962-9f20-de6cbddcbf9f","DataCardKey91":"1102c73b-f891-4dd8-89a6-5b5b6963fe1b","DataCardValue91":"3e966194-35e8-42e9-96ab-61ca5a661ab0","ErrorMessage55":"8afcff44-3ecd-4f8d-a3e2-d3cf2a0189f7","What progress have you made towards this company target?_DataCard3":"0d921924-d2c6-4634-84f7-3c2fec656cf8","StarVisible61":"29556a08-3281-456c-9128-fc4d17a74e73","DataCardKey93":"5005d6f9-249c-45fb-81e7-7868e61c19d4","DataCardValue93":"c9da6c70-87ff-422f-8421-1d1e8d3e766f","ErrorMessage61":"c2e8e4c8-abe4-4e44-ac83-d6f9da29b513","Employee Comments/ progress/ explanations regarding company target_DataCard4":"adf58d13-08ca-439a-8e70-3467558391b9","StarVisible79":"4818ebcd-a157-4797-adbe-3f649cef522b","StarVisible80_12":"94531944-de8f-4f7c-9ea7-50195dcba2ac","DataCardKey104":"f1dc80ea-3c48-46bc-9878-daed3317db2a","DataCardValue104":"68a17635-315f-4644-8bb8-b14e755e9e11","ErrorMessage79":"e98c403d-40d0-4d7d-bc71-9c0f8f82a5d3","Manager Comments/ progress/ explanations regarding company target_DataCard4":"2f1839f0-04a8-441d-8c99-0bbae0400952","StarVisible81":"a0d38225-d904-473e-a180-98dc013db915","DataCardKey106":"17318cb2-c262-42c9-86ea-f954ce7a5441","DataCardValue106":"236cfff6-fdd7-4773-a8a6-f067d9c03f28","ErrorMessage81":"85ed3942-07f9-47dc-8769-fc0ca08845ef","Previous Agreed Target_DataCard3":"c6ea4645-d720-4dac-b1aa-0568befd379d","DataCardKey115":"63557c78-4173-4380-aa91-31b2ca32a501","DataCardValue115":"70971bc6-84c9-4538-9527-88e7235889da","Previous agreed target set_DataCard2":"e768fdc2-09cf-4682-a95e-10262454b362","StarVisible84":"8d35a638-d729-4d86-9c4b-30763a1eb4da","DataCardKey111":"73eabc68-6d02-4bf8-8cc1-92d20aef3175","DataCardValue111":"211a2fb8-01bb-4f1b-b724-35e19fc383e6","ErrorMessage84":"f6cb58ec-d73d-4555-a7e0-983e845c5d7c","Any specific details around the previously agreed target?_DataCard3":"32652951-a267-4d3f-8c29-29765d1f3ecf","StarVisible89":"0bddd989-0527-4774-9f65-8d5d640baa67","DataCardKey119":"638caf5c-8164-4a2d-a94d-faf9b9dbfed4","DataCardValue119":"aa20276f-d63d-406e-9814-73ce6ac41202","ErrorMessage89":"aca80ae5-52b0-4d1d-aff8-e84a75e1aa5c","What progress have you made towards this agreed target?_DataCard2":"4f577ad1-04f8-477a-b08e-e5add7dabb26","StarVisible91":"cc6f7ebe-99ac-47ba-8d4d-80cb991bb794","DataCardKey121":"000ff308-39f1-4c37-b312-291c19c49a57","DataCardValue121":"465b28d6-6a03-48ea-89e4-6dc4f8e9c0f0","ErrorMessage91":"cee25b7d-1f19-4dd4-aefc-cbf24bf68e14","Employee Comments/ progress/ explanations regarding the agreed target_DataCard3":"52f82120-2dfd-47bf-bfe5-53ea206bbbe2","StarVisible97":"8e3af43a-0660-469f-a2ae-a41710611cae","StarVisible80_13":"2e96cfc7-e845-4be7-bfef-15d530aa7c01","DataCardKey132":"88048382-b9c0-4869-955c-61cb072aaf07","DataCardValue132":"189bc47f-49d1-49e1-9e56-abd5a021f9df","ErrorMessage97":"e6675eff-54f0-4419-a615-5e946c0fd331","Manager Comments/ progress/ explanations regarding agreed target_DataCard3":"b2f4df26-3a61-4572-9cff-b0aef73bb2c4","StarVisible100":"ae23f7c9-962e-48a1-a80d-aabb1fc16607","DataCardKey134":"be03e1a8-d9f2-4e04-a4b2-d323f1b09c1a","DataCardValue134":"ccadccca-8aa5-43af-9790-b4e0d26e4fb4","ErrorMessage100":"5bdb04fd-4d5e-4496-afd1-f3672b702089","Previous Self-directed target_DataCard4":"ce8ba5e9-2dae-494e-9b9c-07e270a642b6","DataCardKey147":"75a0ee24-ea6a-412f-bf6d-83afca5c6c57","DataCardValue147":"b48685e4-eafe-40c1-94c2-714fefbb7089","Previous Self-directed target set_DataCard2":"0045095e-6e66-4cf6-a8bd-64dc37d62b2e","StarVisible104":"d9cc8733-f869-4938-bf2b-8dcb86a61b8b","DataCardKey141":"00cb2fe4-16d5-403d-aac5-d1437dd5ad5f","DataCardValue141":"7927642e-d4b7-49f2-bbab-6865b4ab2878","ErrorMessage104":"39ac2278-6d87-4960-a1ac-1dce4f54d5f9","Any specific details around the the previous self-directed target?_DataCard4":"1127d83f-fd42-4b28-a4cc-06d04ef1df33","StarVisible119":"075b077f-de60-4880-a129-a721933ad514","DataCardKey148":"0c00fd54-2ac4-429d-8ebc-3bf220722ec6","DataCardValue148":"b909b1c5-bb17-45a6-9e8e-2f6222e14ebe","ErrorMessage119":"b4781672-d8ae-459b-8650-f10a48d63881","What progress have you made towards this self directed target?_DataCard3":"0a6842a5-f9db-4eca-ac86-5def54c2361c","StarVisible111":"9df5c117-92ae-43e1-89c0-6813a4fcbf41","DataCardKey144":"f4cf7232-ac2b-42f5-9f42-ddccda6b030b","DataCardValue144":"c8849fd3-1482-48c7-88b4-3ab34196af44","ErrorMessage111":"67b284f7-a909-48c3-8e9c-c2f391cc9907","Employee Comments/ progress/ explanations regarding self-directed target_DataCard4":"d9ce7953-94b5-40fc-a405-a045e4cba7eb","StarVisible121":"7681a674-7965-42ce-8d45-e3aafb71c936","StarVisible80_14":"c973eb67-748f-47ef-b78e-b1a39711dcb7","DataCardKey150":"e12e2ef9-d8b3-48ef-8ee1-ae517bb19621","DataCardValue150":"fcfa7672-e497-4aa2-b68e-0b3490ec2445","ErrorMessage121":"6cfd3e3d-32b1-42de-8ba4-d0cf87b1a121","Manager Comments/ progress/ explanations regarding self-directed target_DataCard4":"cbfc2c8b-81aa-4076-ab3a-1469bf0d4ff0","StarVisible120":"cb6c3e22-18c4-49b2-9f46-36404aefb40a","DataCardKey149":"4ab495ba-8007-4abf-9ad5-d6898f0811f1","DataCardValue149":"c5280583-a7fe-400e-9b52-8a22045296df","ErrorMessage120":"5c9fe6dc-2115-484f-b160-db7c5dc588e2","New Targets_DataCard3":"d6125527-4fb9-4cf9-b25a-57d73a79db0f","DataCardKey152":"5fc920b7-9cfd-4505-a846-bc3f0d32504f","DataCardValue152":"70709484-506d-495a-8a53-c97a81fb4234","New Company Target_DataCard4":"b9983787-30d4-4e4d-8de2-f01fe19f3284","DataCardKey156":"ff0c8da5-f3cd-49bf-9ccc-18ce2f7e6340","DataCardValue156":"4d750219-9a11-41de-b91e-f651a9439095","New company target set_DataCard2":"37b3cd97-ea9b-41e5-a609-15c4a661e3e8","StarVisible124":"d9571b65-da25-4fb1-bbbf-87e51baf36de","DataCardKey154":"9a8c1ce1-9ed2-4b81-81f2-acf458f18c39","DataCardValue154":"297b33bc-0f7c-447d-9e0f-0978bc08784d","ErrorMessage124":"1ee033cb-2d1f-4c94-9a65-c98f92980b4c","Provide specific details around the new company target?_DataCard3":"08db2e5a-8ffc-435e-9c86-7743599a5987","StarVisible126":"24b5c62e-62ed-4ffb-a03b-6f38d9a37355","DataCardKey157":"83d64465-6d68-42fa-80f8-89f43a7daac6","DataCardValue157":"631a1dc1-17c8-44ff-9cc7-4d25eb23de1f","ErrorMessage126":"06114888-c12d-4b92-a763-e2966124d474","New Agreed Target_DataCard3":"4c6983c1-b048-4c21-b5c4-782153f973a4","DataCardKey163":"f4972b14-6da7-4c79-90d2-eb2786b75c0c","DataCardValue163":"5e526dc8-6b72-4b18-8ce1-e6967a971f4f","New agreed target set_DataCard2":"a4d48ceb-4f36-443e-8b15-a359f6dc6d08","StarVisible128":"15ece083-5086-4689-88b0-05b23a0e6f77","DataCardKey159":"8bfba5cb-a522-469e-9e82-77225c3fb9cb","DataCardValue159":"7bee6d10-7094-41b8-b820-df6e37369f09","ErrorMessage128":"644fd009-4214-4a2a-a6f9-5c5d0e57a902","Provide specific details around the new agreed target?_DataCard3":"9eb20d7c-6eb2-4ef3-847d-c7b7ea8f10b3","StarVisible132":"7b46dcc8-cbd3-4ade-845e-c9082fe4efd9","DataCardKey164":"5eb1aa74-a009-46ad-ad39-50376732903f","DataCardValue164":"84b61c41-1004-427a-9a70-1f6ef4451442","ErrorMessage132":"d92fe407-940a-472e-9b69-f36e6046b86d","How do you plan on achieving the new agreed target?_DataCard3":"4edd7736-14e4-4227-ab08-c886adb15fd5","StarVisible130":"e74a22de-fae8-4a04-9f51-6a5232d696d3","DataCardKey161":"9e911306-33a1-4fa3-8c0a-be85466f763b","DataCardValue161":"ad083bab-322c-425f-9da4-9dae008f2ad7","ErrorMessage130":"6866ee18-4219-483d-b12a-4f39cbe7b2ce","Provide additional details regarding how you are going to achieve the new agreed target_DataCard4":"26458b0b-bf02-4e5e-b0df-0aea8429626d","StarVisible133":"bb646767-ca52-4073-93ac-fad985f5aa14","DataCardKey165":"c1fce9b3-91af-4e96-a135-3990922fdc4b","DataCardValue165":"db86f97b-a433-4b89-a72e-fef2b831df91","ErrorMessage133":"71104c22-354a-49f2-9f37-337a3d159a1b","New Self-directed Target_DataCard4":"ca38ff1a-8e7a-4623-9340-5f4b34dd3c25","DataCardKey171":"a288a8aa-f50b-4d27-894e-701a7be50c9e","DataCardValue171":"803f4641-657c-42fe-9e34-b3bf2212d1d6","New self-directed target set_DataCard2":"a1edacd9-647a-4cdb-80ff-4cdbc0e5f007","StarVisible135":"04b28a36-4711-490b-a47f-a626f81e3490","StarVisible80_15":"35b77347-ef3b-42a4-81eb-409ea6554df0","DataCardKey167":"ae36fd4a-3c8f-4918-af08-2b16f86ac1f4","DataCardValue167":"dec9ceb7-d06b-4a74-9641-84cbe8e390be","ErrorMessage135":"23d2db88-6e82-49a4-a73c-fcaa0c384cf2","Provide specific details around the new self-directed target?_DataCard3":"377d2b59-1a2a-458b-a54c-0f10ca86929c","StarVisible139":"37ae8b8f-fa45-4cce-b33f-2cf4f2592c7c","DataCardKey172":"fd9e3b68-c2a3-4192-ac77-94b8613ac591","DataCardValue172":"935df90b-1366-4030-8bdd-c47ce869d255","ErrorMessage139":"5f516f93-6420-434d-96d8-18f9f3779257","How do you plan on achieving the new self-directed target?_DataCard3":"cb705035-1402-4235-acd1-a35909ee5feb","StarVisible137":"ddfcd217-5b45-4401-952c-4966a09640b5","DataCardKey169":"5da7f00c-cb21-48c9-8e01-381158a79262","DataCardValue169":"e335333c-4d08-40e4-b1ec-4ab889bf0ff8","ErrorMessage137":"b24d4670-91fe-4059-9485-f144daa8dde1","Provide additional details regarding how you are going to achieve the new self-directed target_DataCard4":"c012f104-0fb5-4192-aecd-adc408ab2da8","StarVisible140":"1881861b-6a2d-407e-8266-4c849994727b","DataCardKey173":"331d6d47-f9f3-4f68-89b6-4c511ab74ec0","DataCardValue173":"3a24ad0a-a076-4a81-b197-d77b5aaf4be0","ErrorMessage140":"58adb126-79c3-4901-a74d-323f0889ff12","Additional Targets_DataCard4":"ccc2e97b-32a2-48ad-86ca-4678db6ddebd","DataCardKey179":"ffaecc8a-65aa-408b-b598-9821c90485c0","DataCardValue179":"64adf353-5e01-47e6-8af7-d50796504e4a","Would you like to set any further targets?_DataCard3":"b756a3f0-5027-4d4d-a433-e735e5e0d1d1","StarVisible142":"e22ab9e0-f3d1-4c0f-96e9-51e775b9cd0c","DataCardKey175":"5b499245-ac90-4d5d-8225-2f929401d745","DataCardValue175":"3b1fb4dc-2b8f-41b0-bd77-ac66a561730f","ErrorMessage142":"b9616c64-bfa1-4dfa-b4e1-d7d43fb225b7","If yes, what type of target?_DataCard3":"0227a30f-c6d7-4b93-b681-700d2e24867a","StarVisible143":"2ed59e30-26f0-43b3-a639-25ca646468aa","DataCardKey176":"1db797c3-2b8a-4b9e-957b-170de70517ae","DataCardValue176":"7a774f87-8b1b-4a9a-b564-e9e52089ca02","ErrorMessage143":"4cd59a91-c5c0-4ac7-848d-8a680d9005c2","Choose target from drop down list_DataCard2":"c2206b4a-7f91-4f9d-9340-a6416ec72a01","StarVisible144":"1308bc99-16e7-4ddd-a3ae-3fa9f4655509","DataCardKey177":"e75e152c-a01e-4d70-a97e-c19d0023c28d","DataCardValue177":"a11c4046-3b6b-4089-a4bc-91397ed78a9f","ErrorMessage144":"8fc7108c-582a-4bb4-bb47-cf2335475d76","Add specific details around target_DataCard4":"438efc44-9546-4b61-8a0d-e69fd9317883","StarVisible146":"3ae73af0-6f07-4ec6-b8d3-8f559f904b06","DataCardKey180":"85ba472d-5c66-4f04-8c7b-b1dd2afa867d","DataCardValue180":"6ec64c67-e9f4-443b-b8b8-b7eede79c35f","ErrorMessage146":"beb35c18-f516-4a10-89d3-609e36af226e","Additional Information_DataCard3":"f48c96d4-3340-4c5f-a477-6a7f33a1bbf4","DataCardKey182":"60c44bcb-4547-487c-a150-ed2bcddd4e05","DataCardValue182":"6beaf835-2059-4899-b7f1-158b4b50a474","Is there anything else you would like to mention at this meeting?_DataCard3":"640728a8-ec8a-4d75-a49a-e13cf42d772b","StarVisible148":"b553416f-88d6-4cc3-b283-dba70893e90d","DataCardKey183":"a423def7-2309-440d-92e1-36eff22b339f","DataCardValue183":"10928dc6-f5ea-4668-9755-5ea2eb63d203","ErrorMessage148":"e250ba91-b357-4a87-b319-642a21f4ad84","If yes, what is it associated with?_DataCard3":"425fb307-b528-4d2b-9a56-8c57ffa1d773","StarVisible149":"7b0f7333-2051-4277-8918-a7a3a77e05ae","DataCardKey184":"866d3d47-be8a-4083-8d3a-d6ce5ba211d8","DataCardValue184":"a85d162b-7e69-4dde-83a0-64bcea813674","ErrorMessage149":"8b59adfd-adfc-4eac-8aae-99d07d323ec5","Please provide more specific details_DataCard4":"9fe99775-5ab4-46c0-ace4-8f5742401757","StarVisible152":"dc9b3dd9-0a13-43a8-b353-cc07a0666b0b","DataCardKey187":"9a5d96b3-264b-4641-babe-6d673f35a932","DataCardValue187":"36adfef0-a2ea-42ba-9108-918d7e177d6d","ErrorMessage152":"b51f126a-3322-465b-956d-524e21c0659e","Directed meeting Complete_DataCard3":"3b09c0bd-c470-4745-9d66-d3dff96374d1","StarVisible151":"3b253824-2a80-4a1a-8aee-5fe25aa0314f","DataCardKey186":"9b5634f1-f65f-461f-b8ad-c8cf524408c5","DataCardValue186":"b2220fda-cd15-403a-aa00-5d905964e2f0","ErrorMessage151":"ee33c140-506d-4068-9d78-204843d81760","EmployeeHomeScreen":"51ec2feb-61ec-4d9d-8c7d-cd271ec6b6bc","ScreenContainer":"8b91b374-2071-43c8-b32c-7ccc80cc6bfa","FooterContainer":"81aab2da-437f-43b8-a120-a8dbd393241d","ManagerLogin":"e7e12f67-de70-4613-b3db-f0a9fcc60fde","HeaderContainer":"2afdecbe-55d9-43f3-ba28-d1aee184bc9f","Container2":"4e73a9b7-cdd2-442c-b215-ac3dca7ad015","CloseButtonImage_5":"3a970d61-e5e5-4bcf-8d25-5abbcb68839c","Container2_1":"85975a3e-53ad-4cef-9092-bee4ce0095c9","Label5":"4ecfc3ba-b42e-4644-8e8d-53a58437bc0d","MainContainer":"36cd79f0-f1f2-473d-b9a0-1debd8063160","ImageContainer":"0bad6198-c649-40e7-82f7-eade415c25c4","Image2":"655f262d-009b-4a9c-950f-1894f02b2074","EmployeeDirectedMeetingGalleryContainer":"4999e3fb-b76f-4a05-9f64-994c0df2f1a9","Level1EmployeeDirectedMeetingsGallery":"2bc161e9-1127-45d8-a39b-27f5373b7790","galleryTemplate1_1":"62429c41-18b7-49a2-9052-3cb80deef700","HtmlText1_1":"a4a50003-127a-47aa-a8ea-4839cd1ab44a","Rectangle1_1":"2632537b-8a09-4ce7-a569-e347906a855c","Image1_1":"58044e6f-0e38-47df-a41c-2c0275d6e2c6","DateofMeetingLabel_8":"601f3b54-6777-4c55-bc96-a036873542fa","DateofMeetingValue_8":"160a7bc5-8c35-4d72-9e5f-58fe5d119e1f","Level2EmployeeDirectedMeetingsGallery":"bd13f247-0c3b-4421-b824-211d6cfe578a","HtmlText1_9":"143ef4af-2f43-40ba-9192-f1613da3306b","Rectangle1_9":"cde3ed11-12f0-497a-8669-e789f2209f18","galleryTemplate1_9":"5621175e-bf2f-49ab-8849-37107732820d","Image1_9":"cc5b7857-d89a-4b44-a8d3-ee39da7fcccb","DateofMeetingLabel_9":"b6ae16ad-083a-4852-a2e9-7aa9580f85f4","DateofMeetingValue_9":"40294e98-a211-4206-a8cb-cbf82cb826ba","Level3EmployeeDirectedMeetingsGallery":"7cc5c4f1-6b7e-4fd7-9987-c687e2046be7","HtmlText1_10":"33945934-b39d-42ea-bfc7-5ecf25a42d0d","Rectangle1_10":"0d08e84a-9b26-47b6-a436-6c8fdfa462a2","galleryTemplate1_10":"cfe587c6-1326-4aec-bad0-2d7fbb258c76","Image1_10":"1c9fcbcd-efb1-4279-9f9d-35633b8ec2ac","DateofMeetingLabel_10":"373ed0a9-7fa0-4896-a245-c233828f81f5","DateofMeetingValue_10":"c3b33c4c-f6aa-475b-9ace-184a295b729b","Level4EmployeeDirectedMeetingsGallery":"fdb6b657-3c19-4c10-a63f-d5e71a195d6f","HtmlText1_11":"79cf8f27-d1d0-4524-be51-7fd43695451f","Rectangle1_11":"59173cd9-181f-4419-8318-827a42314c9a","galleryTemplate1_11":"d4167443-b1a2-43fd-a687-bb31f1e1fa08","Image1_11":"52543450-7f25-429c-9b57-5bbd085955b4","DateofMeetingLabel_11":"19796132-79c7-4bc3-8ceb-81af08512f87","DateofMeetingValue_11":"927679a1-ff44-4222-b7d4-037faeb5a039","ManagerHomeScreen":"477be545-ec81-45c2-801a-8faf8dd22025","ScreenContainer_1":"9df1883c-710a-4748-814f-b371aa9ec776","HeaderContainer_1":"b0ae8a09-2200-420f-84cd-6621b8b59831","Container2_2":"84b4518e-dfeb-413b-8bfc-cbff9c76b904","BackButtonImage2":"9bd28ea4-6c86-42b6-a886-93538fcf96a6","Container2_3":"a0b7de20-f27d-498a-9b8a-f609d8de22ec","Label5_1":"ff0e04ed-07b5-4b97-b4d8-20dedb1b2a8d","MainContainer_1":"a1678b8a-a0ba-4ee0-b1b6-1b03280a05d9","Container3":"1bf99d07-c55e-4fe0-b7f2-2677d0d16a5a","Label6":"7a7947b2-cbd4-4839-9b1f-3287e3fb2268","Container5":"85a7b92c-99bb-4c37-b563-f767a13c0ff7","Level1":"e6cb65d7-3702-4233-b762-98d50d79ceb6","Level2":"152802a6-c0c8-469e-bf0c-f466d0a870ab","Level3":"5067505b-91d1-4669-80cd-022918d5ec96","Level4":"c8ee1d1d-873a-46c9-b390-0c324a3ee73a","Container4":"6dd38296-3b01-46f6-bc33-66fee59813a9","Container6":"ba38da65-58bb-4251-970e-492b0d907ef1","Level1ManagerDirectedMeetingsGallery1":"fece8461-73a2-47b8-a37e-1bac667494d7","HtmlText1_12":"2abcfac0-9275-451e-ade7-3fe6134c76ae","Rectangle1_12":"2db60b04-a5a6-4a9f-8cd4-353d6be99237","galleryTemplate1_12":"737446ce-003e-48ec-a3f7-b4277bc680ef","EmployeeNameLabel_13":"8bcae5a5-c15f-44e9-a4fc-8f6010595300","EmployeeNameValue_13":"68696c2b-3842-46fe-97cf-f814ba9cc87e","DateofMeetingLabel_12":"7e1e9e38-8242-4a89-9e8a-998fa412f61a","DateofMeetingValue_12":"87ace923-7a5d-4236-b1c8-8abfcec84376","Container7":"e953627f-9f07-43dc-8570-df1d7eea0fa4","Level2ManagerDirectedMeetingsGallery1_1":"c950615e-e99c-4a3e-9b95-39b0e972407d","galleryTemplate1_13":"5cce07a0-6989-41c7-85f4-afb59f25c0e5","HtmlText1_13":"be23b4ec-828a-4cfc-b3b2-7fb8d3b2ae86","Rectangle1_13":"5198e059-23d5-4c5d-a180-cc20c7e8d10c","EmployeeNameLabel_14":"21d27603-cc0e-4840-818a-0482ef8e0906","EmployeeNameValue_14":"1bc08f28-d6ef-4e38-8fb0-3eaa6edbc08e","DateofMeetingLabel_13":"43cddc69-654f-43ba-a15e-d86ad40ab374","DateofMeetingValue_13":"545a0d53-0ade-4cca-985a-74113b0307f1","Container8":"8efbf93a-c506-4706-b93a-5f3d29bc4aa5","Level3ManagerDirectedMeetingsGallery1_2":"0a0d4f5e-ee67-493f-bcc6-98697b7cfe88","galleryTemplate1_14":"c63c504b-88da-4d15-a9a9-cbc2cfdfd503","HtmlText1_14":"55ac5fea-faef-4e6d-a2ab-8248a63eb07b","Rectangle1_14":"2db2992a-1875-4aa7-9701-5478e4012f6f","EmployeeNameLabel_15":"1b5e030e-696e-4448-805a-64442051600e","EmployeeNameValue_15":"0ce6c27d-d7ff-4a72-91bc-17126e0756b0","DateofMeetingLabel_14":"9d68187b-eeff-49e3-a131-b65b8b00ef32","DateofMeetingValue_14":"0e1814ce-c0ad-470d-a745-85aea0edc72e","Container9":"d7a32ee6-0139-4cea-836a-71049ae88a22","Level4ManagerDirectedMeetingsGallery1_3":"e45c1cc2-357b-4606-abbb-fe3987b81e47","galleryTemplate1_15":"357748e8-2c8c-49bb-b5bb-ed3cf0d3c5da","HtmlText1_15":"b7591404-3e28-4d57-9b36-10b8f489b284","Rectangle1_15":"8c22bcfc-6ccb-479e-86e2-22f8146b3931","EmployeeNameLabel_16":"481bdaf6-ffa6-42a9-bd8a-0811bc7bf096","EmployeeNameValue_16":"252dd513-7b97-44d7-9449-f51a9afa13e1","DateofMeetingLabel_15":"4e48b743-af10-4b39-88b1-a17aa365d8b5","DateofMeetingValue_15":"d444e80c-af9c-42d4-aa96-7b8de3ac757f","Level2DirectMeetingFormScreen":"71ffa178-7a61-4061-a902-62e2cfcd66fa","ScreenContainer_3":"216fb63d-3730-4b4c-905c-66570f4d66dd","HeaderContainer_3":"5f47385a-6262-43f9-a733-c442e9fdec28","Container2_7":"2c5cea7b-517d-4a8b-88f2-de47417a49bf","BackButtonImage2_2":"46e6e739-55e0-4c91-b0b7-696041081480","Container2_8":"9f420457-832b-45bf-9d29-15242ce54f69","Label5_3":"b27615d3-0dd4-431f-b0dc-2b52e56a7616","Container2_9":"aa0f1056-7c23-44f9-a73e-326d58bd34e7","SaveImage2_3":"dae32141-0074-45ba-984f-4ae2c53936de","ValuesContainer_1":"50cce148-cdd2-4826-aadd-dad299887f11","ShineValuesImage_1":"c0c2c073-1ad1-4d15-a18c-aa86b1accdfe","MainContainer_3":"231f0758-e4d8-4f9b-b3e8-d083656c774e","Level2DirectedMeetingForm":"83a045f8-4d06-419d-84c0-9c0298e2909f","General Information_DataCard4":"a9d33b52-7dd4-4332-944e-0a8ab5c12a4b","DataCardKey101":"d925e17a-c0ea-40b4-89e6-8679c547f7ae","DataCardValue101":"c8562d22-ca3c-4eb0-9746-ff17caea7f84","Employee Name_DataCard3":"bf471d1b-f466-4473-bcca-04edcaa96ece","StarVisible38":"46ed74f2-ea60-421e-9cc9-6681a3e087d1","DataCardKey41":"978596e8-1f68-4cfe-8175-5351ee18771f","DataCardValue41":"7127dc22-d710-40ac-9394-93845fab4d35","ErrorMessage38":"ffb7db1a-71db-47ca-9610-cc85d2d0fcff","Level_DataCard3":"8f4de836-2fb7-47a2-86d3-aaea49e35abe","StarVisible39":"80ad95ce-36ac-41c8-b102-776eb7935c81","DataCardKey42":"d6731980-8829-475d-a67a-86aa2056c836","DataCardValue42":"3b1712b9-55ec-4e2f-857f-c4a64e6b4c85","ErrorMessage39":"5b587c97-8d3a-4b51-b6f9-0bf1ebc48cee","Date of Directed Meeting_DataCard2":"61da3ada-4cf5-4adf-bf71-f5ee47874434","StarVisible40":"d0934307-dc43-427c-b396-93906954bdbd","DataCardKey43":"823b0087-5247-4106-9e2a-17988fe24ffb","DataCardValue43":"c08f3d10-743c-4918-bfb2-c2a3643ab877","ErrorMessage40":"8f7b1bfd-0869-4912-86b4-cdcd7391607e","Line Manager Name_DataCard2":"e9cfb4d9-aae5-45d0-9c29-5872a1e133d7","StarVisible11":"6bcb0bfe-3a7e-4211-9c4c-247554bdd185","DataCardKey13":"4b705828-b02c-4b9e-9adc-4ceb3c3d5c85","DataCardValue13":"0917c313-1578-4913-a62f-c0ee30341ce4","ErrorMessage11":"1082e37e-8dc3-4f47-ab84-0f77364a298d","Job Satisfaction_DataCard3":"46774b62-98ed-4152-952c-c5dc5c908c52","StarVisible41":"68eb9c0d-227f-4379-99cd-112d7b9ab124","StarVisible80_1":"cf4704dd-355b-41a5-8f29-d768b192a8e4","DataCardKey44":"1084bc2f-9796-41a6-be77-b686333f8444","DataCardValue44":"e04722e0-c5d8-482a-a9f5-c6abfcd87e7c","ErrorMessage41":"e52b394c-90d7-448e-922b-f029b2a9b272","Supervised Meeting_DataCard3":"2af6d5ba-13a0-47f5-9542-83a9197ed778","DataCardKey105":"7d592f9f-3027-4140-a404-9502b1772703","DataCardValue105":"71bc8488-7092-403b-9c36-ed3644d0fafc","Is there anything mentioned from supervision meetings that you would like to bring up at this meeting? _DataCard3":"2b61f481-1aff-4bc6-81ab-f7d230e27e6c","StarVisible42":"61246f0f-4e0e-4816-8663-89e5be3baab8","StarVisible80_2":"3d7def20-1a1e-43b3-a57e-277c990c1100","DataCardKey46":"805017bc-8ad5-486f-b163-2272a2b44cc5","DataCardValue46":"f768c40b-fb77-40bb-b8bb-d80495cfd814","ErrorMessage42":"e424e42f-a7f2-4672-9e07-1bab3ecb6bc5","Please provide more specific details regarding the supervision meeting_DataCard4":"fe1b5062-05b9-4613-b18a-138738377959","StarVisible65":"bec2c1ac-6315-40b2-8989-adf2427f165b","DataCardKey84":"3aae0ec5-6aaa-48f2-a112-170b8403b2c0","DataCardValue84":"c38713f4-873b-4332-8ee6-cdeed8c4333f","ErrorMessage65":"de4dade8-0ed3-40e6-8f3c-9ccb1a08e3ff","Progress from previous Directed Meeting_DataCard3":"a78d7cf4-e1e2-48a3-971a-a3549395d126","DataCardKey142":"526f0740-820c-4080-b6bf-bdcfd100a787","DataCardValue142":"6abebba6-b61f-4418-8fe9-2004b70a92c6","If yes, then what does it relate to?_DataCard3":"cf1beb96-a312-41c3-951e-74cf8856a555","StarVisible43":"d8d7cb40-5611-4fe2-b56d-9a22c61389b3","StarVisible80_3":"98d54353-7bf5-48f1-9302-abb832b332d0","DataCardKey47":"13c23cfb-0eb2-4ed3-84bc-9ed17340188e","DataCardValue47":"c90ed04d-293c-4d54-aa2c-a910dbe1aa9c","ErrorMessage43":"1c7d4b22-623c-46cd-a3b9-02ab38c96cad","Previous Company Target_DataCard3":"b1c92783-04e6-4662-815b-fc382f5a87a5","DataCardKey102":"66fb269f-234b-4599-8a5a-2c6842777252","DataCardValue102":"6a06366b-cfcd-4011-ac66-b4ebb8d22255","Previous Company target set_DataCard1":"56e1a36a-155e-43a7-8641-9384eb216a4d","StarVisible47":"349bc104-3080-4b82-b06c-b6971ad7faf3","DataCardKey50":"6e62bd50-4b0e-4852-a464-a49286e08202","DataCardValue50":"d41a3e41-9ebc-46cf-a57d-114c378c9438","ErrorMessage47":"f99cad2e-05c7-4a51-bb55-0238a47acccd","Any specific details around the previous company target?_DataCard3":"7776e897-a42a-4793-b3d9-aba8aa91149f","StarVisible66":"f506f25b-93c6-437b-a8d6-3396d67c3d37","DataCardKey85":"770bd4c5-a034-415d-9b26-74159e76235f","DataCardValue85":"4b3f9696-2440-4d69-bd62-198140e63bab","ErrorMessage66":"8d7292ea-b7a5-4bcd-8ba4-e0e5290384a8","What progress have you made towards this company target?_DataCard2":"129a73f3-8c91-4ed9-8dee-0882fa91231f","StarVisible49":"f507c4ae-e027-46f6-b199-9dba8677f4eb","DataCardKey54":"5b1c7205-9f4d-4381-88b1-af35c62bf4d4","DataCardValue54":"222f5efe-8a50-4822-9100-0d7b3b702f00","ErrorMessage49":"cbea483a-554c-4db0-8d3f-7d84a044c953","Employee Comments/ progress/ explanations regarding company target_DataCard3":"7fa99120-dc24-4e29-8752-d4496dfd2b0d","StarVisible74":"2e86c4c7-6591-47e0-b09c-6e5b68a8107c","StarVisible80_4":"4146a27a-0621-4af4-b6f0-c8558760a6a9","DataCardKey86":"a89ff05f-b6cf-4096-b3af-56711c81a6bb","DataCardValue86":"8c9b1a5c-0996-4280-9a18-5c3fb15142c8","ErrorMessage74":"77725422-a7ae-4af6-b6a1-34031bb5584e","Manager Comments/ progress/ explanations regarding company target_DataCard3":"9a205437-f075-4e9b-9e27-7a774e59645d","StarVisible75":"72005aa2-706d-41f3-8536-0e3c645eeea6","DataCardKey87":"a6eeb104-7af7-4b64-afbe-3851631446c7","DataCardValue87":"5f55a1e5-8bd9-4b26-9076-4b1cf6e02faf","ErrorMessage75":"24779230-8031-416f-9d91-7c1c66ddd982","Previous Agreed Target_DataCard2":"0b8e82a8-4492-4a17-a193-47f90a2b66df","DataCardKey103":"5b51f2a3-fc55-4827-ac05-9f0ccaee402b","DataCardValue103":"7db85645-ae01-41d5-803e-e90344be8871","Previous agreed target set_DataCard1":"1b28c442-ad77-463e-a7fa-698d2ca2688b","StarVisible60":"1b239cfc-c54e-4237-97d8-ff78185353c0","DataCardKey72":"601694c0-00f6-48ee-894f-9a6b343efe4c","DataCardValue72":"593435ee-714e-4f16-8299-dd3e0748c0b0","ErrorMessage60":"ad73b9cb-4eab-49e9-978a-2e52a351bc67","Any specific details around the previously agreed target?_DataCard2":"2abd2ab0-37d2-42ad-bcc5-42415236c622","StarVisible76":"9636dc42-14fc-4aa8-9d20-b1ad94dc8b1f","DataCardKey88":"5ed9ca6a-b6f3-4156-8db2-f7845045f353","DataCardValue88":"a80e0e26-24f3-4b8a-9fe1-13871fd95fe3","ErrorMessage76":"a852556a-09d3-4941-919f-10042afbed50","What progress have you made towards this agreed target?_DataCard1":"5157a191-a322-426e-8bac-26c8773949c4","StarVisible62":"35860c70-7864-46e3-893d-b884e587a963","DataCardKey74":"f9589852-51bb-49df-a8f8-e60d44212236","DataCardValue74":"40a6fe9a-78a4-45c7-a38c-2dd7680f5aef","ErrorMessage62":"436d2bbc-25f9-42bb-8782-d2ff426bb8e1","Employee Comments/ progress/ explanations regarding the agreed target_DataCard2":"da242d27-62f6-4208-b4d8-2f2ea0fd8320","StarVisible77":"ab407ac7-9482-4633-8449-5f8cbed262a9","StarVisible80_5":"ce52c60f-98e2-4304-ae01-038c8cfd9635","DataCardKey89":"ba79e143-fd9d-40b3-a5b4-a5c88e14c557","DataCardValue89":"25a6c754-a393-40e8-bd66-c7e04b3966d3","ErrorMessage77":"408d3644-ddae-4712-8a74-c03ad483e873","Manager Comments/ progress/ explanations regarding agreed target_DataCard2":"a3b1fd7d-190b-4b66-8f3b-db3f54b69635","StarVisible78":"7ac0e5e1-1894-4ba1-9221-223b0ebe8e70","DataCardKey90":"ddea786d-f432-4407-b512-a9ab29499d16","DataCardValue90":"38b5081b-56ad-4d5d-b84a-97c3cd2e86bb","ErrorMessage78":"f11b7988-b464-4d2e-b005-098eeadb4c32","Previous Self-directed target_DataCard3":"0d2d19bf-9551-4161-a589-e2e86c34f9d8","DataCardKey100":"4bcd30b0-fb30-4237-ba2b-70c0006197fb","DataCardValue100":"a2eda7ee-1e7b-4eec-b322-112cb5cff259","Previous Self-directed target set_DataCard1":"09f2dc13-d3f4-4484-88ce-18600b03626a","StarVisible80":"bf903947-3c40-431d-8828-eed3a90a7334","DataCardKey92":"8fb084ed-ad12-4afb-abc4-f81a320fd6ae","DataCardValue92":"2359f6b8-b701-4b2d-a189-579d30cde11f","ErrorMessage80":"2a73b4f6-9e83-4395-8d04-19846600f83b","Any specific details around the the previous self-directed target?_DataCard3":"3c2e22d9-7179-4761-b69c-900a6f15584f","StarVisible87":"7ed1c3af-e17a-4237-b0da-73e079d59080","DataCardKey99":"a31d1816-d0a8-48ca-8c7d-ea0bc18805d4","DataCardValue99":"5baf9240-e9a4-479c-9ae4-599e1421d206","ErrorMessage87":"e2723efd-bdf9-4214-a2ca-3d253ab33ceb","What progress have you made towards this self directed target?_DataCard2":"024570ba-ee18-41ea-9513-831420f5c579","StarVisible82":"2d1ddb49-88af-40a7-8d3c-45b74b24b5cc","DataCardKey94":"c3cbe5e8-6946-407d-a5a3-20177e155d13","DataCardValue94":"c5bd7633-f61a-4745-acea-1037ee208023","ErrorMessage82":"9db65fcf-44f0-4e19-a310-776bbc203a39","Manager Comments/ progress/ explanations regarding self-directed target_DataCard3":"1b8a4f21-32b7-4a79-ba1f-1f75b5f17bd5","StarVisible85":"de7acfc1-cac9-412c-8b1b-bbed067ce013","DataCardKey97":"8db8ca81-8c56-4678-be25-0dd8d11e9150","DataCardValue97":"225b379b-a53b-4539-a91f-3df205dc719c","ErrorMessage85":"b770486f-e696-4470-b14e-79f4b8ed6398","Employee Comments/ progress/ explanations regarding self-directed target_DataCard3":"091eb190-16f4-4be6-9953-d4d07dfc220e","StarVisible86":"b1cc8be2-0996-4471-8597-ec42ec99c909","StarVisible80_6":"5211b3f4-a6af-409c-8871-b260fd2eb9cc","DataCardKey98":"776019cf-0654-4f27-8f90-abde906b5ddc","DataCardValue98":"18254fec-20a6-4879-bb25-148e68b7a9d5","ErrorMessage86":"025d4511-00c3-4367-9967-ae8a2836e8d1","New Company Target_DataCard3":"9d54a77e-f4a3-42bf-b816-e5615b326b23","DataCardKey109":"17dbbc60-ec0a-4b15-9e5b-805893c51873","DataCardValue109":"c265d200-19d8-4865-a4dd-7598a3e36886","New company target set_DataCard1":"53d59cd1-8684-4c5a-85ec-c65813a85466","StarVisible90":"39f053a3-ebd7-43d6-99d9-b7a6739ae4c7","DataCardKey107":"ad9630a6-73c5-425c-9444-55f4bea627b4","DataCardValue107":"16f79a6a-662e-4397-848c-b6d6f7250717","ErrorMessage90":"705025ca-f570-449b-948a-9a79848b4fbb","Provide specific details around the new company target?_DataCard2":"4e13360e-714f-4c5d-951a-bda89f30996f","StarVisible92":"4adbe3e1-59d6-4b05-8622-d5d8b59a64d9","DataCardKey110":"d3e24001-dd8a-4657-9cd4-ec00bfde2fd2","DataCardValue110":"0fc4790d-345c-436c-87ea-dad75df2668c","ErrorMessage92":"106dc3ff-d08c-4e1c-8feb-60bc6b76c41f","New Agreed Target_DataCard2":"3ef6acdd-fa7f-4f70-916b-976fb9df6a81","DataCardKey116":"9c6f05f1-35f2-4563-a1c0-f1f3656e0b3f","DataCardValue116":"1b4fcd7b-7f5a-4465-a738-ed011bffdf21","New agreed target set_DataCard1":"ec9d9ce2-e2f5-4c4a-93c5-858a296387dd","StarVisible94":"0f5398bd-fd04-4448-a029-4440ad46d774","DataCardKey112":"9fe7659f-4d98-4907-b224-96bd25187216","DataCardValue112":"cc7875be-e88f-4c59-9c0d-9a9455ca8b1f","ErrorMessage94":"758f5a05-6005-44e2-8de3-04d841cd31f5","Provide specific details around the new agreed target?_DataCard2":"da7ef717-c3be-4a24-b4c4-3a0d64fe9f2e","StarVisible98":"65eca6c7-9389-48dc-92c3-e3f794db9285","DataCardKey117":"d687810b-34a4-41cd-840c-5135efbd0ad5","DataCardValue117":"c3008829-f8fd-4b34-ba8e-f1b33783b4ce","ErrorMessage98":"738d06b7-5398-40b1-b40d-a38782504b89","How do you plan on achieving the new agreed target?_DataCard2":"22f5b3d0-3e71-4c33-8cee-6bd9b1a0da61","StarVisible96":"3e5e3aa7-9e74-48e0-b586-1ba24eae29d9","DataCardKey114":"8b5cc97b-d96d-4248-b636-8c04503eebf5","DataCardValue114":"ac8a1eeb-3c45-4d21-9de0-f129efa7274c","ErrorMessage96":"2d9b08a3-231b-4c45-bef7-642410f8faf7","Provide additional details regarding how you are going to achieve the new agreed target_DataCard3":"de83a946-df25-402c-8c0f-f26e4bfddcf7","StarVisible99":"bfc349b4-f3ab-4e07-9415-4cf72638336e","DataCardKey118":"c3e26f40-bcf4-41eb-8b1f-16b4c79667f3","DataCardValue118":"408979b1-0336-4f32-a093-7e0e7bcaa492","ErrorMessage99":"8a16bd56-3072-4669-a6c1-cbc5f8054832","New Self-directed Target_DataCard3":"ceb193e7-419d-47be-b603-60b44c2daeba","DataCardKey124":"d4915363-2dad-4347-8e5b-bf3d2ec3f6b1","DataCardValue124":"5f08e308-e0f7-4310-b055-d6bc10f0d058","New self-directed target set_DataCard1":"cd0ae1be-2dee-44a9-93ea-eb9ccdee0b38","StarVisible101":"82008d4e-212f-4742-9bbb-0d0d9f90fb04","StarVisible80_7":"d66609cc-782e-4f6c-a5df-a38fefecc1c2","DataCardKey120":"3024a565-25f7-4336-becd-baef19453757","DataCardValue120":"1668167a-54ae-4e2d-821e-6224fb38492e","ErrorMessage101":"79f58c66-8fcd-4ba9-afc4-ab44a3202529","Provide specific details around the new self-directed target?_DataCard2":"2318cf5e-32ae-41b2-828d-1bf6bef6f21b","StarVisible105":"ae304b80-ea48-4f17-85ba-7e21e3942cc1","DataCardKey125":"41399e4a-4661-41ac-a670-07dbd7168d8a","DataCardValue125":"31f0a49a-bc0f-4746-a95d-119f897a2e15","ErrorMessage105":"45153a1b-a780-4e7c-af67-1003e666680e","How do you plan on achieving the new self-directed target?_DataCard1":"65863051-cfe5-4fbc-8cdb-d5d25fc8e967","StarVisible103":"d62e21d7-a68d-4657-a74f-dfa92f221e2e","DataCardKey122":"72da1a16-f99b-491a-995f-d07a01a6f6ae","DataCardValue122":"ea4f9bc9-f57a-4278-b882-9c0293b2f558","ErrorMessage103":"36c6a65c-901c-48cf-91ef-dc2bc4b434ae","Provide additional details regarding how you are going to achieve the new self-directed target_DataCard3":"5ac645bc-b4c3-4730-8f06-de4c41611288","StarVisible106":"766fe08d-91e6-4a73-b999-7b839a6040a4","DataCardKey126":"0763f12b-b009-4711-bc36-e45dddca646d","DataCardValue126":"6ebdcd2b-de5c-4aca-bc0c-ac0ec023d8a4","ErrorMessage106":"e5e7a902-5303-4d55-b3ff-36c7e85fb0c9","Additional Targets_DataCard3":"a81e7ca4-92df-4171-aacc-040e237fbc39","DataCardKey130":"6c377b85-26c0-4cf9-bfda-701e05a7c080","DataCardValue130":"4fc8d5c7-1e7a-43d6-87c7-0022e08990ed","Would you like to set any further targets?_DataCard2":"df42cad0-6428-4479-9996-9960cd0ce8e8","StarVisible107":"0b8d01c5-17a7-44a5-8298-39fd809236a3","DataCardKey127":"4365d787-1bf4-4ce8-b3ea-8ef3e138976d","DataCardValue127":"abcf6691-1092-4943-aaa6-861b30a7dd3f","ErrorMessage107":"7c693d6d-f450-41db-a36d-2c4eb9218f10","If yes, what type of target?_DataCard2":"bca2ac36-7fe0-4be4-8f24-2a619e3aabd1","StarVisible108":"947b5b82-0418-40a7-8afc-79a33a13a87c","DataCardKey128":"95e474df-e0dc-4ee5-8a15-596807dfd4e6","DataCardValue128":"d39f8ef0-7f4b-42ef-a1ad-046c99cb37a3","ErrorMessage108":"67f619f8-6cae-417b-87d1-cf47423ee353","Choose target from drop down list_DataCard1":"80f2960f-35a1-45f3-85c0-434c968c5b07","StarVisible110":"d4dfcb1a-9840-4a7c-9eac-9a8ced113944","DataCardKey131":"2a77e07c-eada-44c0-9821-d2759d432256","DataCardValue131":"ed52b099-f209-45d9-970a-1e8a9be9ba01","ErrorMessage110":"92b8ce03-d51b-4313-a35f-4e5310198fba","Add specific details around target_DataCard3":"787f2a05-d0b1-454a-bc2e-6cb3ea00b8f8","StarVisible113":"31688cba-ced8-4066-bec7-284012891cd3","DataCardKey135":"56679c29-db9a-4819-b140-5d9b65aad05b","DataCardValue135":"17fa4a76-8f86-4216-be07-949fdebdd3d2","ErrorMessage113":"79290cc1-46b8-4f7d-84e5-512dbea16c36","Additional Information_DataCard2":"61f0f020-95b4-44db-8a40-d5b070b4e507","DataCardKey133":"ea5ecaa1-69dc-46d5-9326-c4ca62ce3800","DataCardValue133":"e6d37cbc-0b94-44e2-8d5e-d9bc93949c64","Is there anything else you would like to mention at this meeting?_DataCard2":"88487a6f-ba2e-45d7-93ce-63c7d095f613","StarVisible114":"a6ed38e3-5951-4c23-b71f-0fff9197f3dc","DataCardKey136":"f7a19afa-1ae3-4fb7-9abb-068e45a3bec5","DataCardValue136":"438ed711-347e-4309-b319-8e2bfa3febaf","ErrorMessage114":"060d308e-2525-4b1b-aed6-17e561b91c4d","If yes, what is it associated with?_DataCard2":"db0eca3e-54a9-4613-a80c-d959d5650d47","StarVisible115":"6b01055f-ace7-46e3-8d99-a060d8fd3e3f","DataCardKey137":"703243b3-8475-478b-8484-b9326bcbbc44","DataCardValue137":"7e54b91e-d9a9-40ec-9d92-5b02d0945f37","ErrorMessage115":"d3427357-9925-46d3-a18a-dd7adb2142de","Please provide more specific details_DataCard3":"63abd39d-dd8b-42bc-bf25-9a1958076a1a","StarVisible117":"acdc7cdd-dc70-45cc-8000-7f566ab60dfb","DataCardKey139":"9b7f386e-7f86-4d0d-9a76-85e424cfdd0a","DataCardValue139":"0528d5d3-8e1b-4f13-9662-0aa1fabdcbfc","ErrorMessage117":"bc8864d5-9d72-4eef-8b70-5504b610f89e","Directed meeting Complete_DataCard2":"5917c910-b490-4dd8-bc28-e79dcd9cba5f","StarVisible118":"ffd8fa8c-8b61-474b-a95d-0f99e301365d","DataCardKey140":"67f05971-da32-45a2-b1d9-0180493a0116","DataCardValue140":"62bd8f64-baf6-43f3-aac4-c055f1543e99","ErrorMessage118":"98246d82-3a4b-4609-a9b0-0a63ae6f0af5","Level4DirectMeetingFormScreen":"6ec4401a-a765-4ada-8037-10dce895fb24","ScreenContainer_5":"72b7fbe3-48df-423b-8a40-e04f22b6f3c0","HeaderContainer_5":"fee28ea5-66a3-46b5-96ce-ce47ca135c8b","Container2_13":"a29ed61b-5299-4a62-95bb-c6617ab79d66","BackButtonImage2_4":"d31176a8-7af9-4080-8571-1cd9c33d0d4d","Container2_14":"ea236183-6190-4b79-a6fb-b3202b1622ef","Label5_5":"0bf61a3b-2b4c-4738-9eb5-413e49a1b42c","Container2_15":"d359d520-730a-468a-a709-86752e81d34e","SaveImage2_5":"3ea9de69-ba19-4dcf-ba33-a43cf875796a","ValuesContainer_3":"00c1a14b-9a5f-4f84-bbfb-3cf8521c1021","ShineValuesImage_3":"51bcaf59-c0a1-4340-825c-6ccb35ef4b9a","MainContainer_5":"f8a7e4ff-00bd-4c41-ba51-72f3c9c595c0","Level4DirectedMeetingForm":"4564d480-4b03-4cb1-b6be-4130b12b381f","General Information_DataCard5":"39709889-60d7-4c43-b061-50cc4c2427fb","DataCardKey108":"9100aba1-7d14-41cf-8c1a-a1d18358563e","DataCardValue108":"21f98804-a2b3-48ac-a5bf-6bf7892f7390","Employee Name_DataCard4":"4689b3bf-5171-4455-89a3-847fce8c42c6","StarVisible34":"0f37e13e-c482-48a8-8803-002af6daac17","DataCardKey38":"1ea83894-f987-48b5-816a-6b6928d90b0d","DataCardValue38":"e374118d-1834-48ba-b75d-97c07e887a50","ErrorMessage34":"98c7eeb6-e6b0-4154-8a8e-9b1e296c8501","Level_DataCard4":"70b89798-166d-4e24-8ada-32a9f034ac68","StarVisible37":"66c9c6af-1032-4f57-a08f-6868dba5e543","DataCardKey48":"258aad87-6d77-41c9-81b3-4b2a5e7524e0","DataCardValue48":"6138c45a-fa4a-4e09-8178-4e29b90405ca","ErrorMessage37":"993d6a37-2141-4725-b6cc-9d8fc3af31d8","Date of Directed Meeting_DataCard3":"cbce0f4b-2429-4c68-8db7-289d8c486e74","StarVisible46":"baabf813-a3d2-42f0-918d-44d759fb9d66","DataCardKey56":"bf89de53-fb36-43f7-8479-8a0fca1a68b9","DataCardValue56":"ed05defe-9b12-4072-9f5d-5ae3edc7a7d6","ErrorMessage46":"a94caf6a-f128-4f05-b882-1d0315e480a1","Line Manager Name_DataCard4":"5c9daa55-d8be-456d-bb03-8e0c8875f9e8","StarVisible83":"75df4f45-bb1f-4f9a-8772-f1bb599d3794","DataCardKey113":"017d6fc3-c54b-4154-b1bf-2ea289ea82e4","DataCardValue113":"270d6fd0-ac2a-4c0c-b84f-86b3455baf5a","ErrorMessage83":"bfb24541-2ea6-4e0f-bee3-752277631479","Job Satisfaction_DataCard4":"e5d74a8d-55de-494a-946a-934948a3ee3a","StarVisible48":"c23c73ad-0a49-4d72-9f0b-abb2f72e1043","StarVisible80_16":"d2add66f-2536-44ba-bed6-a3fc7c1af924","DataCardKey70":"79ae83ae-b50a-4dc9-81ed-ff5643e751b0","DataCardValue70":"eaba4894-931c-4057-9e60-6a0ff802c9cd","ErrorMessage48":"7535f0a8-59c1-4d9c-954c-79e725b3cae4","Supervised Meeting_DataCard5":"4272da42-48fb-44e6-8747-83fb10d62a51","DataCardKey129":"e5a5d583-0df6-4499-b453-b8c643234815","DataCardValue129":"ea4671f8-7eeb-4a95-953d-a28a5bdc3491","Is there anything mentioned from supervision meetings that you would like to bring up at this meeting? _DataCard4":"4c25df3d-9906-43b4-9908-b5914f19e36d","StarVisible53":"a8c28572-3ee4-44c3-a8e5-750c9561fb2b","StarVisible80_17":"26fd3fbe-b108-4e9e-ae52-0db7b1190faa","DataCardKey73":"44f842ed-d055-464a-86e0-941744277811","DataCardValue73":"91ee78c7-92a8-43fc-a0e4-e24d73a1cb03","ErrorMessage53":"84e59784-c475-4823-9f15-657dbdc68d9e","If yes, then what does it relate to?_DataCard4":"4e4c4b3f-3cf9-4b0d-bb43-d17d1dcd8c99","StarVisible63":"617ca85d-0ec9-465a-b826-bb200b69ccfc","StarVisible80_19":"f1fe4e5d-a70d-4306-8e29-163eaac4ecf4","DataCardKey95":"8cc8cdfd-bb0f-4668-8a58-b3ffd571d741","DataCardValue95":"51bd428d-2971-4b61-8d13-5984967e53ac","ErrorMessage63":"d1e513f9-2624-406a-adb4-411cbca1542f","Please provide more specific details regarding the supervision meeting_DataCard5":"c34c4085-9c3e-4fd5-aa66-c27a7961d520","StarVisible93":"75cfca7d-835f-438e-aaa5-7307dea65d51","StarVisible80_18":"d064c447-2259-46de-a644-2f24b03a43f1","DataCardKey138":"f40dc27c-4ba7-4e6f-8735-875de55ea9aa","DataCardValue138":"42001084-f6b5-481d-9b83-00a1843d03ed","ErrorMessage93":"79ab93b3-ecad-43f7-99bf-aa9364ac7816","Progress from previous Directed Meeting_DataCard5":"9931963c-a815-4e3c-929b-65fb9c6d08d1","DataCardKey151":"4513d648-91bc-4be7-bc11-43d43fe029ea","DataCardValue151":"22f0b1ae-d5a9-4b31-b2e2-6957e2bb4870","Previous Company Target_DataCard5":"759ede8f-f95c-4fc6-ad0b-efd45e5925df","DataCardKey153":"8e427540-9ae7-4431-8869-ecac9bf4057b","DataCardValue153":"c3e91ade-6364-46f8-a53d-7230db233f97","Previous Company target set_DataCard4":"3ad0e735-4aae-42e7-91fc-6b250ba9c675","StarVisible109":"9a090597-bf52-453f-ae53-e192b7f00acd","DataCardKey146":"ba9f1de4-e4d7-4e84-a1b6-913cf3166ba1","DataCardValue146":"d7aa4e4f-e050-4dde-b0e4-862220212394","ErrorMessage109":"d6ba3ce5-5598-46d3-9edb-df2efea6f283","Any specific details around the previous company target?_DataCard5":"4db4c9a9-65e4-4f0f-97d4-155e17f54518","StarVisible125":"f3d51cc0-5d79-4aac-94be-d42a3bd1e7cb","DataCardKey166":"5595ebad-0d9f-48ee-8670-7c8403cf3b8f","DataCardValue166":"68359105-bab7-4869-998d-e6bf0e55f747","ErrorMessage125":"f8ddaecf-4f44-4873-a452-686016f2d84a","What progress have you made towards this company target?_DataCard4":"93228b91-eba6-437a-ab1b-aaef557471ca","StarVisible116":"6911d278-13c4-4ded-a88c-eb7eeb89c0cd","DataCardKey158":"5f026cc1-7ee0-44d8-a0f3-dd1733c1aa82","DataCardValue158":"98c96ecd-93c1-495c-b7cd-328281363663","ErrorMessage116":"ccb5d50a-b310-4cff-af17-7725ca5da1b2","Employee Comments/ progress/ explanations regarding company target_DataCard5":"106d91a9-ffe2-4e88-ab77-8ffc5005bec1","StarVisible127":"cf8308ab-a385-41c9-94f5-7c4a07c8c8ec","StarVisible80_20":"f6286fa1-d062-47ba-b52b-62b9ad26fd73","DataCardKey168":"a7ce2129-fa8b-4bf0-9713-e064fb0ce755","DataCardValue168":"d1693c62-e645-4b97-ae06-24fb7bc1f4a6","ErrorMessage127":"d874a734-7fa5-4a1e-b501-0b82a0674305","Manager Comments/ progress/ explanations regarding company target_DataCard5":"e5ffecaa-59cb-4aa7-b85e-903711658ae7","StarVisible129":"c708c380-9bf5-43f6-8b5d-deb3aae3b205","DataCardKey170":"f6e88a7a-c59c-4c8e-b367-d1b700d32847","DataCardValue170":"738ff06c-04f5-4c5e-bb71-8bcac1059d84","ErrorMessage129":"ad3ee9fa-603d-4d7c-94bb-979fab3af63f","Previous Agreed Target_DataCard4":"54a90ff9-87da-4a0e-8173-9429ef729fec","DataCardKey190":"e7970842-dc4c-4db7-9269-bcc406e0ae3a","DataCardValue190":"3a537aac-09fe-433a-8f5f-3b46aa769d76","Previous agreed target set_DataCard3":"a9e30b79-058d-4fbb-b55b-ba184bd37178","StarVisible134":"016d87dc-da00-4d54-a16c-83250f52054e","DataCardKey178":"7edd6165-ddfb-4253-877b-500107364bba","DataCardValue178":"5174f4b7-269a-43a6-8c03-e56bda39b283","ErrorMessage134":"4c662c40-5f01-438c-b6fc-57a1f8eb987b","Any specific details around the previously agreed target?_DataCard4":"9774f1b6-5433-4afa-a4ae-52db61d875bd","StarVisible147":"51424995-3bd2-4c36-af0f-9a7df7de945c","DataCardKey191":"9469f224-da71-4dd4-92d5-e20612db573e","DataCardValue191":"122aab8f-a6c2-4f6c-91f0-de63faaffbf4","ErrorMessage147":"36eace79-f68e-4d4a-b78f-d058e60bc2a0","What progress have you made towards this agreed target?_DataCard3":"b6063502-d38d-46d4-93d2-4e017528610e","StarVisible138":"4b21c6aa-e030-4828-a961-3a12f9a71d10","DataCardKey185":"3d9febe7-e394-425f-9990-f357806cdea0","DataCardValue185":"046ad5ce-6b32-43d5-8d93-7b0ec8a0780f","ErrorMessage138":"01c50ff0-28b4-4a19-a673-017f1a644060","Employee Comments/ progress/ explanations regarding the agreed target_DataCard4":"67b9b4b4-567d-48b2-b0b9-22e3672bca1a","StarVisible150":"dcb9ea65-00dc-4ee0-9cbf-5bebeac355b4","StarVisible80_21":"04500280-5634-4c4c-9d65-f36b5e452913","DataCardKey192":"f9c5ed70-0f19-4889-b0cf-12ba3c296cc4","DataCardValue192":"89b5e44e-4106-4a8a-8921-8768cfdcbd5f","ErrorMessage150":"69c74afe-1aee-42e8-ab11-68a7f4e1be57","Manager Comments/ progress/ explanations regarding agreed target_DataCard4":"cb768027-eaa8-4d27-8923-931f463b6473","StarVisible153":"8ac33641-df64-42b6-b587-1e8fea38b26f","DataCardKey193":"6f7fe185-a128-431a-9aed-326326caed8e","DataCardValue193":"f26c848a-6064-4d64-b962-21f74f70b60c","ErrorMessage153":"3556d6b8-8498-4cf6-9dd0-a49f4829e623","Previous Self-directed target_DataCard5":"62dd2c9d-ed6d-43cb-86e6-4cea9e14e996","DataCardKey200":"d98a89ed-e875-4e66-9a3e-3ec170274c23","DataCardValue200":"28a9ec96-2fef-4320-a2fe-a47f76b7b934","Previous Self-directed target set_DataCard4":"1c727b26-71a2-47d8-b11e-23b287535ccb","StarVisible155":"428d57fd-be33-4fc6-a6cb-299a9fde2132","DataCardKey195":"10b0f3e4-6ef4-4651-ade9-87a7c509be42","DataCardValue195":"e203f532-5b21-4bb0-91b2-36d1dd8cf6ef","ErrorMessage155":"e8129779-3572-4bc7-88d1-706c0515cc25","Any specific details around the the previous self-directed target?_DataCard5":"a2461154-ebc1-49ba-8ef1-898e42930d05","StarVisible160":"b33cdd39-c218-449d-9cef-1280bbb14e12","DataCardKey201":"b7cd9bb5-0db5-45fb-a9e2-aafd0d9cf6c7","DataCardValue201":"960e265a-df17-42e1-8c2d-2e646778c151","ErrorMessage160":"7b349fc4-06bc-468c-949a-ccdfb5af319f","What progress have you made towards this self directed target?_DataCard4":"3210d4de-6b84-456c-b72f-006610fefdd4","StarVisible157":"8bcbc9c3-a38e-4b48-8049-0794afb2979c","DataCardKey197":"cb41ea3c-a49f-4969-a52a-d074bf46b118","DataCardValue197":"f392276e-34a9-40f3-9214-56fff6e6060c","ErrorMessage157":"64d1cbcd-281c-4bd9-8d44-091ff3276063","Employee Comments/ progress/ explanations regarding self-directed target_DataCard5":"d652d555-26a0-4c9f-b435-d58548d8e109","StarVisible161":"bcbc1b18-704e-43f1-b8ea-f0f65a278068","StarVisible80_22":"043a6b1e-041f-44af-8a02-ad3d982b24fe","DataCardKey202":"29bed5e5-877c-4a22-a003-d001e8f3f166","DataCardValue202":"3c8af4c6-3c18-45b8-b332-c07de071f881","ErrorMessage161":"3950ab0d-0a2d-4129-a4e6-6129d82d8a04","Manager Comments/ progress/ explanations regarding self-directed target_DataCard5":"762ef6d0-cb97-4deb-898d-bf2c1ba894a3","StarVisible162":"80662fc7-b161-4486-a30e-9aff529aee2c","DataCardKey203":"8d9d5e3f-a38b-45c7-aa4b-7d265db0feb1","DataCardValue203":"fa110d80-d28f-4db1-bcaa-7a0177250909","ErrorMessage162":"61079bfd-fb5e-408d-a355-ecdc970dde2d","New Targets_DataCard4":"661ab018-6ad0-4044-b173-c29fa48b9e13","DataCardKey207":"4df195a3-26b3-47c7-b13a-a7357eaeaf94","DataCardValue207":"f62d4c92-17ee-4c7a-a590-d18784943833","New Company Target_DataCard5":"4f876fa9-95bf-46d9-816b-b4933c3b97cc","DataCardKey208":"4adea8e3-a9f9-46f4-8a8c-7aa7615ef57e","DataCardValue208":"88bd2ac1-2aec-41e7-94fc-a23fa89cb077","New company target set_DataCard4":"5b0de741-1012-459f-bc3b-021cdf4d5b78","StarVisible165":"3f9b120b-ed75-4da2-81a2-e3f2216b2eaa","DataCardKey206":"620c4413-0282-49d6-b974-4ff434ce8815","DataCardValue206":"f109b837-d0dc-4588-a493-d19a4a230e09","ErrorMessage165":"0b811fff-5be4-4a86-a9e4-2db295856383","Provide specific details around the new company target?_DataCard4":"e583a92e-c9ad-4937-a0c2-f9cd76bed234","StarVisible167":"cd4126fe-5f55-4980-bab0-85df82c56e2f","DataCardKey210":"a7cf6645-eec3-4901-956b-2160898fd410","DataCardValue210":"a5b5883a-3c3c-47d2-92b2-b394bfa1a435","ErrorMessage167":"62018dda-63c5-47d9-8aa6-c4cdef05dff3","New Agreed Target_DataCard4":"4dc4353f-6871-43c3-9565-ffccfdfb8533","DataCardKey216":"277697e6-a824-4219-9a4f-1dceaa19a436","DataCardValue216":"71279649-ca14-4612-811b-ce122536d6b9","New agreed target set_DataCard3":"e3c8654b-81cb-4a56-b8e8-f836a42bd73c","StarVisible169":"e1ab2d54-18fb-4ce5-9e56-8b0703094923","DataCardKey212":"f19742cc-2f40-4408-b0dd-3f1d1fc6b2b3","DataCardValue212":"5d2d1ccc-9d6e-4580-98ba-60da46993e49","ErrorMessage169":"42d4b1f2-52eb-41b1-a674-1054bbdbe8be","Provide specific details around the new agreed target?_DataCard4":"76df398e-716c-4d44-a164-01023f8b2d1d","StarVisible173":"0d2fce51-e206-434a-9659-f3e5e9be9a34","DataCardKey217":"c589e09c-9001-4daf-8407-1f9870512fda","DataCardValue217":"60f9a587-3036-47aa-83db-aa58f52f85e3","ErrorMessage173":"1e1318c2-8644-47db-8474-b558dedc0047","How do you plan on achieving the new agreed target?_DataCard4":"33ede2ed-819a-463e-a897-d41ec2f4bb77","StarVisible171":"e86f735b-b443-45ad-a91b-43477f4eb94b","DataCardKey214":"25202f8b-16c9-41cb-a6c9-5d2db6a6d12e","DataCardValue214":"d1bd08c9-47b8-4db5-abcc-d9cb778b03ce","ErrorMessage171":"6672dad4-d25d-4849-ab17-fb110605606a","Provide additional details regarding how you are going to achieve the new agreed target_DataCard5":"b3aa431f-5801-481c-9075-b0d872bcf83f","StarVisible174":"2adead4b-203a-4067-9d99-b7fc52405e3d","DataCardKey218":"70615794-e3f5-48e9-aa7a-d09d54204846","DataCardValue218":"c18a33b4-c597-4493-82c5-96c3e553838c","ErrorMessage174":"55b68f9e-b48d-46d7-b2c3-7bbfcc0eb4fb","New Self-directed Target_DataCard5":"859bd9b6-608a-4ab4-9df7-37e6d1512eb0","DataCardKey224":"1fd3ef95-9ca9-4e27-8dc1-9381278d8022","DataCardValue224":"3d178d5b-46c3-47a6-97bf-780c37616042","New self-directed target set_DataCard4":"ef4f2fc4-a94f-4215-a255-f3bb3d916d32","StarVisible176":"b4dded90-623e-4c1e-ab4c-19f1ec7e4bfc","StarVisible80_23":"a34fc3b1-860d-4416-a05b-21f5009fbcaf","DataCardKey220":"f4b56682-99fa-489c-93d1-75561472a751","DataCardValue220":"f2e043b5-0907-4c7e-b048-8ea29caa321a","ErrorMessage176":"8bbe40b0-8580-4573-bb4c-eff09368a6e8","Provide specific details around the new self-directed target?_DataCard4":"71584bda-b873-4c43-b1fb-ee24fc32ef3c","StarVisible180":"0e8e40d0-e81e-4aae-8a26-6089a45e5447","DataCardKey225":"8909aeb2-67b7-4988-b7bd-6ea40d2458cb","DataCardValue225":"eead2185-6257-49d2-a5df-1cc911cd52e3","ErrorMessage180":"77bd3b5a-90a2-473a-b329-f552b60e0bac","How do you plan on achieving the new self-directed target?_DataCard4":"37d1c272-3024-49a7-a3f9-8222e1b1c828","StarVisible178":"bd5f94de-c69b-477a-b927-5ccdc7d588a9","DataCardKey222":"a578b6a0-a32f-4fdf-88d9-2970f284a64c","DataCardValue222":"250c7424-d8d6-4f0b-a998-375116bd4d66","ErrorMessage178":"cb6c590c-3989-4795-b180-5344a7869a8f","Provide additional details regarding how you are going to achieve the new self-directed target_DataCard5":"b46c79a7-6e5d-4f4a-baaa-63e24257ae3f","StarVisible181":"78ea1188-c64e-455b-95e8-38cd6b5f7e87","DataCardKey226":"719faea1-1032-4981-a1df-1435323b84d1","DataCardValue226":"2488d8c0-b82c-43cd-a12f-191346a651d4","ErrorMessage181":"94421381-f66a-4aa4-aa5d-d88c78b73dfe","Additional Targets_DataCard5":"616649b9-c13b-44e0-aed2-fc166708c609","DataCardKey232":"9d31289d-30f2-4fff-976b-e6b9f545d8dc","DataCardValue232":"519fc89c-0586-4a16-97a3-4c7d240dc6a5","Would you like to set any further targets?_DataCard4":"bec52d0d-6181-4131-bf97-c9ff688774d4","StarVisible183":"d6d4bace-0db2-4ef5-9b0e-07cc1e18dbe0","DataCardKey228":"a65d6b8a-0081-43c6-ad35-e9d5d3700b73","DataCardValue228":"ec5cadf2-83cb-43a4-b8c4-60c12f11e4c9","ErrorMessage183":"f0703696-5be6-4da2-9fbd-062f4c2a19eb","If yes, what type of target?_DataCard4":"46f6d525-e0c7-4a7b-ba12-aca7c4ece865","StarVisible184":"42eaaa3e-5af0-4358-b3c9-75a07bca6519","DataCardKey229":"45e5a3fe-0c41-44e5-8bd9-47a7ac5a7262","DataCardValue229":"5321ce27-6f88-40f7-ad8d-82441bcd71aa","ErrorMessage184":"7992e53d-347a-42c7-affd-4e25aa06cba8","Choose target from drop down list_DataCard4":"850dc2bc-f985-4af0-8abc-4e1b8e874e92","StarVisible185":"cc436b12-3b7f-437d-93a6-63fb59eb9637","DataCardKey230":"7ff283b1-6b92-40b8-8c9b-a8b4aca68be8","DataCardValue230":"6f3102d8-1a6d-441f-8ae0-338bd6d02400","ErrorMessage185":"52be1b52-ec48-492a-9f63-311d246886e0","Add specific details around target_DataCard5":"3a1e7b72-59ec-4df1-bfd0-01902b0617b5","StarVisible187":"7b848ced-1f3c-49c9-b466-41a3d0fd3403","DataCardKey233":"73595d47-441e-45a8-853e-807912de96cf","DataCardValue233":"251b538c-461b-4cac-a8fe-70ba65f21d94","ErrorMessage187":"b49b0ee2-24ec-46cd-83ca-822cdf84731c","Additional Information_DataCard4":"43a9d5de-3140-4c6f-8128-7a7a9b038317","DataCardKey239":"35788ca8-8c66-4dae-a36e-8d1ddb1ad4e3","DataCardValue239":"218aaa0b-241d-433c-9c74-9fbd393c3a49","Is there anything else you would like to mention at this meeting?_DataCard4":"11ec28d4-1edf-4a75-ae66-d1eef0f6a009","StarVisible189":"115a9334-ed4e-40d3-ba0e-29308953f6f6","DataCardKey235":"972f2fac-d50f-41a3-90f7-4017750b7da6","DataCardValue235":"798d9d2f-6ef5-436a-b374-ad3e44d071cf","ErrorMessage189":"df8f35d2-04a7-4642-900c-5d7ecc9ad364","If yes, what is it associated with?_DataCard4":"ed0eb723-eb07-4510-bdcb-c8ef13782828","StarVisible190":"068e6b9c-3c58-46c9-a2ee-9f679e5dc977","DataCardKey236":"22cc054f-89e4-403a-b750-e0eb02f0ef68","DataCardValue236":"4b8f0b71-c9c7-4825-9090-de454c95c5e2","ErrorMessage190":"9fe4da3b-71e7-40af-a3b5-1a7b37284640","Please provide more specific details_DataCard5":"d958fdaf-028c-45f3-a9ca-0395f1cc91f1","StarVisible193":"a1f3fb2b-2a84-4199-bc0f-8713353bed9d","DataCardKey240":"5f5d5ee7-6787-45f6-aec1-0c6a14155c32","DataCardValue240":"56778bfa-f805-40ea-9d71-05a7a399f00a","ErrorMessage193":"7820a7a8-3181-4be2-a89b-51852ebc3218","Directed meeting Complete_DataCard4":"822a93cb-d714-4cf7-bde5-1a4038e821c5","StarVisible192":"45d13af7-b15c-4e83-b33d-469e6f745985","DataCardKey238":"3e0edd78-1bda-4ad9-8958-c96796020585","DataCardValue238":"27a660a3-5f5f-48aa-95a2-ad4db8d53de9","ErrorMessage192":"7c0e84be-edd4-4725-9ee2-026be3ddc5aa","32018f15-ffc5-4916-948d-3e473ba28aa8":"3ae3e351-2610-4e31-a7eb-d94d8fe872b9","ef0b93b7-86c0-499b-be1b-15ea2d38bd9b":"0e0c5edc-0aad-4c66-8fa9-bc9e165131b4"}