{
  "properties": {
    "connectionReferences": {
      "shared_sharepointonline-1": {
        "api": {
          "name": "shared_sharepointonline"
        },
        "connection": {
          "connectionReferenceLogicalName": "new_sharedsharepointonline_a2c15"
        },
        "runtimeSource": "embedded"
      },
      "shared_approvals": {
        "api": {
          "name": "shared_approvals"
        },
        "connection": {
          "connectionReferenceLogicalName": "aw_sharedapprovals_eae67"
        },
        "runtimeSource": "embedded"
      },
      "shared_approvals-1": {
        "api": {
          "name": "shared_approvals"
        },
        "connection": {
          "connectionReferenceLogicalName": "new_sharedapprovals_b3116"
        },
        "runtimeSource": "embedded"
      },
      "shared_sharepointonline": {
        "api": {
          "name": "shared_sharepointonline"
        },
        "connection": {
          "connectionReferenceLogicalName": "aw_sharedsharepointonline_3c66d"
        },
        "runtimeSource": "embedded"
      },
      "shared_onedriveforbusiness": {
        "api": {
          "name": "shared_onedriveforbusiness"
        },
        "connection": {
          "connectionReferenceLogicalName": "aw_sharedonedriveforbusiness_d2ecb"
        },
        "runtimeSource": "embedded"
      },
      "shared_teams": {
        "api": {
          "name": "shared_teams"
        },
        "connection": {
          "connectionReferenceLogicalName": "aw_sharedteams_b1a33"
        },
        "runtimeSource": "embedded"
      },
      "shared_onedriveforbusiness-1": {
        "api": {
          "name": "shared_onedriveforbusiness"
        },
        "connection": {
          "connectionReferenceLogicalName": "new_sharedonedriveforbusiness_f31d8"
        },
        "runtimeSource": "embedded"
      }
    },
    "definition": {
      "$schema": "https://schema.management.azure.com/providers/Microsoft.Logic/schemas/2016-06-01/workflowdefinition.json#",
      "contentVersion": "1.0.0.0",
      "parameters": {
        "$authentication": {
          "defaultValue": {},
          "type": "SecureObject"
        },
        "$connections": {
          "defaultValue": {},
          "type": "Object"
        }
      },
      "triggers": {
        "When_an_item_is_created_or_modified": {
          "type": "OpenApiConnection",
          "inputs": {
            "parameters": {
              "dataset": "https://shinesportscoaching.sharepoint.com/sites/OfficeSupport",
              "table": "59a843ca-0adc-4b86-b39b-a1ec1c4a2db9"
            },
            "host": {
              "apiId": "/providers/Microsoft.PowerApps/apis/shared_sharepointonline",
              "operationId": "GetOnUpdatedItems",
              "connectionName": "shared_sharepointonline-1"
            }
          },
          "recurrence": {
            "frequency": "Minute",
            "interval": 1
          },
          "splitOn": "@triggerOutputs()?['body/value']",
          "metadata": {
            "operationMetadataId": "7eed6012-810d-45de-8ad9-e7f98d1fa258"
          }
        }
      },
      "actions": {
        "Get_item": {
          "type": "OpenApiConnection",
          "inputs": {
            "parameters": {
              "dataset": "https://shinesportscoaching.sharepoint.com/sites/OfficeSupport",
              "table": "59a843ca-0adc-4b86-b39b-a1ec1c4a2db9",
              "id": "@triggerOutputs()?['body/ID']"
            },
            "host": {
              "apiId": "/providers/Microsoft.PowerApps/apis/shared_sharepointonline",
              "operationId": "GetItem",
              "connectionName": "shared_sharepointonline-1"
            }
          },
          "runAfter": {},
          "metadata": {
            "operationMetadataId": "448d87de-d2e0-46f9-af30-629700b13ee0"
          }
        },
        "Initialize_approval_done_variable": {
          "type": "InitializeVariable",
          "inputs": {
            "variables": [
              {
                "name": "approvalDone",
                "type": "boolean",
                "value": "@false"
              }
            ]
          },
          "runAfter": {
            "Condition_2": [
              "Succeeded"
            ]
          },
          "metadata": {
            "operationMetadataId": "3380f27c-f17f-48f1-a892-59a9086bbece"
          }
        },
        "Initialize_approvers_list_variable": {
          "type": "InitializeVariable",
          "inputs": {
            "variables": [
              {
                "name": "approversList",
                "type": "string"
              }
            ]
          },
          "runAfter": {
            "Initialize_approval_done_variable": [
              "Succeeded"
            ]
          },
          "metadata": {
            "operationMetadataId": "8beb26ad-89f6-43e1-8ce7-204de2d2bb61"
          }
        },
        "Initialize_approval_respond_link_variable": {
          "type": "InitializeVariable",
          "inputs": {
            "variables": [
              {
                "name": "approvalRespondLink",
                "type": "string"
              }
            ]
          },
          "runAfter": {
            "Initialize_approvers_list_variable": [
              "Succeeded"
            ]
          },
          "metadata": {
            "operationMetadataId": "9fe8dd2f-c428-4580-9044-b37c27e9b75a"
          }
        },
        "Create_an_approval": {
          "type": "OpenApiConnection",
          "inputs": {
            "parameters": {
              "approvalType": "Basic",
              "ApprovalCreationInput/title": "Please Approve Mileage / Expense Report -@{triggerBody()?['Title']} ",
              "ApprovalCreationInput/assignedTo": "Alex.Withers@myshine.co.uk",
              "ApprovalCreationInput/itemLink": "@outputs('Get_file_properties')?['body/{Link}']",
              "ApprovalCreationInput/itemLinkDescription": "Mileage / Expense Report -@{triggerBody()?['Title']}.pdf",
              "ApprovalCreationInput/requestor": "@outputs('Get_item')?['body/Employee/Email']",
              "ApprovalCreationInput/enableNotifications": true,
              "ApprovalCreationInput/enableReassignment": true
            },
            "host": {
              "apiId": "/providers/Microsoft.PowerApps/apis/shared_approvals",
              "operationId": "CreateAnApproval",
              "connectionName": "shared_approvals"
            }
          },
          "runAfter": {
            "Get_file_properties": [
              "Succeeded"
            ]
          },
          "metadata": {
            "operationMetadataId": "96a03de7-dc85-4429-bc17-acb722ad70ba"
          }
        },
        "Set_respond_to_approval_link": {
          "type": "SetVariable",
          "inputs": {
            "name": "approvalRespondLink",
            "value": "@outputs('Create_an_approval')?['body/respondLink']"
          },
          "runAfter": {
            "Create_an_approval": [
              "Succeeded"
            ]
          },
          "metadata": {
            "operationMetadataId": "e9aa0ce7-dcc9-43e5-a2fd-8fb16101433f"
          }
        },
        "Wait_for_an_approval": {
          "type": "OpenApiConnectionWebhook",
          "inputs": {
            "parameters": {
              "approvalName": "@outputs('Create_an_approval')?['body/name']"
            },
            "host": {
              "apiId": "/providers/Microsoft.PowerApps/apis/shared_approvals",
              "operationId": "WaitForAnApproval",
              "connectionName": "shared_approvals-1"
            }
          },
          "runAfter": {
            "Set_respond_to_approval_link": [
              "Succeeded"
            ]
          },
          "metadata": {
            "operationMetadataId": "6692a2ff-9777-4221-8e70-403302589931"
          }
        },
        "Set_variable": {
          "type": "SetVariable",
          "inputs": {
            "name": "approvalDone",
            "value": "@true"
          },
          "runAfter": {
            "Wait_for_an_approval": [
              "Succeeded"
            ]
          },
          "metadata": {
            "operationMetadataId": "48249bfa-b7c8-477a-8fae-c0d3fdbeb904"
          }
        },
        "Select": {
          "type": "Select",
          "inputs": {
            "from": "@outputs('Wait_for_an_approval')?['body/responses']",
            "select": {
              "Approver": "@item()?['responder/displayName']",
              "Comments": "@if(empty(item()?['comments']),'No comments',item()['comments'])",
              "Response": "@item()?['approverResponse']"
            }
          },
          "runAfter": {
            "Set_variable": [
              "Succeeded"
            ]
          },
          "metadata": {
            "operationMetadataId": "49f9747b-80de-4101-9173-b618a051e3fa"
          }
        },
        "Create_HTML_table": {
          "type": "Table",
          "inputs": {
            "from": "@body('Select')",
            "format": "HTML"
          },
          "runAfter": {
            "Select": [
              "Succeeded"
            ]
          },
          "metadata": {
            "operationMetadataId": "9da9424e-56f8-4b63-a054-8a0d4f6ba271"
          }
        },
        "HTMl_Table_with_Styles": {
          "type": "Compose",
          "inputs": "<style>\ntable {\n  width: 100%;\n  background-color: #FFFFFF;\n  border-collapse: collapse;\n  border-width: 2px;\n  border-color: #7EA8F8;\n  border-style: solid;\n  color: #000000;\n  text-align: left;\n}\n\ntable td, table th {\n  border-width: 2px;\n  border-color: #7EA8F8;\n  border-style: solid;\n  padding: 5px;\n}\n\ntable thead {\n  background-color: #DEDEDE;\n}\n</style>\n@{body('Create_HTML_table')}",
          "runAfter": {
            "Create_HTML_table": [
              "Succeeded"
            ]
          },
          "metadata": {
            "operationMetadataId": "52fa370a-4c56-4d8a-8071-220c977c2bd0"
          }
        },
        "Condition": {
          "type": "If",
          "expression": {
            "contains": [
              "@outputs('Wait_for_an_approval')?['body/outcome']",
              "Approve"
            ]
          },
          "actions": {
            "Update_item_-_Approved": {
              "type": "OpenApiConnection",
              "inputs": {
                "parameters": {
                  "dataset": "https://shinesportscoaching.sharepoint.com/sites/OfficeSupport",
                  "table": "59a843ca-0adc-4b86-b39b-a1ec1c4a2db9",
                  "id": "@outputs('Get_item')?['body/ID']",
                  "item/Status/Value": "Approved"
                },
                "host": {
                  "apiId": "/providers/Microsoft.PowerApps/apis/shared_sharepointonline",
                  "operationId": "PatchItem",
                  "connectionName": "shared_sharepointonline-1"
                }
              }
            },
            "Delete_file": {
              "type": "OpenApiConnection",
              "inputs": {
                "parameters": {
                  "dataset": "https://shinesportscoaching.sharepoint.com/sites/OfficeSupport",
                  "id": "@outputs('Get_file_properties')?['body/{Identifier}']"
                },
                "host": {
                  "apiId": "/providers/Microsoft.PowerApps/apis/shared_sharepointonline",
                  "operationId": "DeleteFile",
                  "connectionName": "shared_sharepointonline"
                }
              },
              "runAfter": {
                "Update_item_-_Approved-copy": [
                  "Succeeded"
                ]
              }
            },
            "Delete_file_1": {
              "type": "OpenApiConnection",
              "inputs": {
                "parameters": {
                  "id": "@outputs('Create_file')?['body/Id']"
                },
                "host": {
                  "apiId": "/providers/Microsoft.PowerApps/apis/shared_onedriveforbusiness",
                  "operationId": "DeleteFile",
                  "connectionName": "shared_onedriveforbusiness"
                }
              },
              "runAfter": {
                "Delete_file": [
                  "Succeeded"
                ]
              }
            },
            "Post_adaptive_card_and_wait_for_a_response": {
              "type": "OpenApiConnectionWebhook",
              "inputs": {
                "parameters": {
                  "poster": "Flow bot",
                  "location": "Chat with Flow bot",
                  "body/body/messageBody": "{\n    \"type\": \"AdaptiveCard\",\n    \"body\": [\n        {\n            \"type\": \"TextBlock\",\n            \"size\": \"Medium\",\n            \"weight\": \"Bolder\",\n            \"text\": \"Mileage / Expense Report - Ready to be Paid\",\n            \"style\": \"heading\",\n            \"wrap\": true\n        },\n        {\n            \"type\": \"ColumnSet\",\n            \"columns\": [\n                {\n                    \"type\": \"Column\",\n                    \"items\": [\n                        {\n                            \"type\": \"Image\",\n                            \"url\": \"https://myshine.blob.core.windows.net/shine/SocialMediaIcon.png\",\n                            \"size\": \"Large\"\n                        }\n                    ],\n                    \"width\": \"auto\"\n                }\n            ]\n        },\n        {\n            \"type\": \"TextBlock\",\n            \"text\": \"Mileage / Expense Report for @{outputs('Get_item')?['body/Employee/DisplayName']} is ready to be paid.\",\n            \"wrap\": true\n        },\n        {\n            \"type\": \"TextBlock\",\n            \"text\": \"Total: @{formatNumber(item()?['Total'], 'C2', 'en-GB')}\",\n            \"wrap\": true,\n            \"weight\": \"Bolder\"\n        },\n        {\n            \"type\": \"TextBlock\",\n            \"text\": \"Click the paid button below once it has been paid\",\n            \"wrap\": true\n        },\n        {\n            \"type\": \"ActionSet\",\n            \"actions\": [\n                {\n                    \"type\": \"Action.Submit\",\n                    \"title\": \"Paid\",\n                    \"style\": \"positive\",\n                }\n            ]\n        }\n    ],\n    \"$schema\": \"http://adaptivecards.io/schemas/adaptive-card.json\",\n    \"version\": \"1.4\"\n}",
                  "body/body/updateMessage": "Thanks for your response!",
                  "body/body/recipient/to": "Alex.Withers@myshine.co.uk"
                },
                "host": {
                  "apiId": "/providers/Microsoft.PowerApps/apis/shared_teams",
                  "operationId": "PostCardAndWaitForResponse",
                  "connectionName": "shared_teams"
                }
              },
              "runAfter": {
                "Update_item_-_Approved": [
                  "Succeeded"
                ]
              }
            },
            "Update_item_-_Approved-copy": {
              "type": "OpenApiConnection",
              "inputs": {
                "parameters": {
                  "dataset": "https://shinesportscoaching.sharepoint.com/sites/OfficeSupport",
                  "table": "59a843ca-0adc-4b86-b39b-a1ec1c4a2db9",
                  "id": "@outputs('Get_item')?['body/ID']",
                  "item/Status/Value": "Paid"
                },
                "host": {
                  "apiId": "/providers/Microsoft.PowerApps/apis/shared_sharepointonline",
                  "operationId": "PatchItem",
                  "connectionName": "shared_sharepointonline-1"
                }
              },
              "runAfter": {
                "Post_adaptive_card_and_wait_for_a_response": [
                  "Succeeded"
                ]
              }
            }
          },
          "else": {
            "actions": {
              "Update_item_-_Rejected": {
                "type": "OpenApiConnection",
                "inputs": {
                  "parameters": {
                    "dataset": "https://shinesportscoaching.sharepoint.com/sites/OfficeSupport",
                    "table": "59a843ca-0adc-4b86-b39b-a1ec1c4a2db9",
                    "id": "@outputs('Get_item')?['body/ID']",
                    "item/Status/Value": "Rejected"
                  },
                  "host": {
                    "apiId": "/providers/Microsoft.PowerApps/apis/shared_sharepointonline",
                    "operationId": "PatchItem",
                    "connectionName": "shared_sharepointonline-1"
                  }
                }
              },
              "Delete_file-copy": {
                "type": "OpenApiConnection",
                "inputs": {
                  "parameters": {
                    "dataset": "https://shinesportscoaching.sharepoint.com/sites/OfficeSupport",
                    "id": "@outputs('Get_file_properties')?['body/{Identifier}']"
                  },
                  "host": {
                    "apiId": "/providers/Microsoft.PowerApps/apis/shared_sharepointonline",
                    "operationId": "DeleteFile",
                    "connectionName": "shared_sharepointonline"
                  }
                },
                "runAfter": {
                  "Update_item_-_Rejected": [
                    "Succeeded"
                  ]
                }
              },
              "Delete_file_1-copy": {
                "type": "OpenApiConnection",
                "inputs": {
                  "parameters": {
                    "id": "@outputs('Create_file')?['body/Id']"
                  },
                  "host": {
                    "apiId": "/providers/Microsoft.PowerApps/apis/shared_onedriveforbusiness",
                    "operationId": "DeleteFile",
                    "connectionName": "shared_onedriveforbusiness"
                  }
                },
                "runAfter": {
                  "Delete_file-copy": [
                    "Succeeded"
                  ]
                }
              }
            }
          },
          "runAfter": {
            "HTMl_Table_with_Styles": [
              "Succeeded"
            ]
          },
          "metadata": {
            "operationMetadataId": "6af8ecfd-60a0-46f6-8bb5-b77a08bb4282"
          }
        },
        "Condition_2": {
          "type": "If",
          "expression": {
            "and": [
              {
                "equals": [
                  "@outputs('Get_item')?['body/Status/Value']",
                  "Pending Approval"
                ]
              }
            ]
          },
          "actions": {},
          "else": {
            "actions": {
              "Terminate": {
                "type": "Terminate",
                "inputs": {
                  "runStatus": "Succeeded"
                },
                "metadata": {
                  "operationMetadataId": "8d9adee1-1aed-476a-a5b3-13396125d127"
                }
              }
            }
          },
          "runAfter": {
            "For_each": [
              "Succeeded"
            ]
          },
          "metadata": {
            "operationMetadataId": "8cf47bbb-905c-4c83-8972-3c27dc5873b3"
          }
        },
        "ExpenseReportID": {
          "type": "Compose",
          "inputs": "@outputs('Get_item')?['body/ID']",
          "runAfter": {
            "ExpenseReportEmployee": [
              "Succeeded"
            ]
          }
        },
        "Filter_array": {
          "type": "Query",
          "inputs": {
            "from": "@outputs('Get_items')?['body/value']",
            "where": "@equals(item()?['Expense_x0020_Report_x0020_Name_#Id'], outputs('ExpenseReportID'))"
          },
          "runAfter": {
            "Get_items": [
              "Succeeded"
            ]
          }
        },
        "Get_items": {
          "type": "OpenApiConnection",
          "inputs": {
            "parameters": {
              "dataset": "https://shinesportscoaching.sharepoint.com/sites/OfficeSupport",
              "table": "a53d9d58-edd6-4857-aa07-6c571084e567"
            },
            "host": {
              "apiId": "/providers/Microsoft.PowerApps/apis/shared_sharepointonline",
              "operationId": "GetItems",
              "connectionName": "shared_sharepointonline-1"
            }
          },
          "runAfter": {
            "ExpenseReportID": [
              "Succeeded"
            ]
          }
        },
        "For_each": {
          "type": "Foreach",
          "foreach": "@outputs('Get_items')?['body/value']",
          "actions": {
            "Create_HTML_table_1": {
              "type": "Table",
              "inputs": {
                "from": "@body('Select_1')",
                "format": "HTML"
              },
              "runAfter": {
                "Select_1": [
                  "Succeeded"
                ]
              }
            },
            "HTMLTableCSS": {
              "type": "Compose",
              "inputs": "<h2>Mileage / Expense Report - @{triggerBody()?['Title']}</h2>\n<style>\ntable {\n  border: 1px solid #1C6EA4;\n  background-color: #EEEEEE;\n  width: 100%;\n  text-align: left;\n  border-collapse: collapse;\n  margin-top: 20px; /* Adds a gap between the heading and the table */\n}\ntable td, table th {\n  border: 1px solid #AAAAAA;\n  padding: 3px 2px;\n}\ntable tbody td {\n  font-size: 13px;\n}\ntable thead {\n  background: #1C6EA4;\n  border-bottom: 2px solid #444444;\n}\ntable thead th {\n  font-size: 15px;\n  font-weight: bold;\n  color: #FFFFFF;\n  border-left: 2px solid #D0E4F5;\n}\ntable thead th:first-child {\n  border-left: none;\n}\n</style>\n@{body('Create_HTML_table_1')}",
              "runAfter": {
                "Create_HTML_table_1": [
                  "Succeeded"
                ]
              }
            },
            "Select_1": {
              "type": "Select",
              "inputs": {
                "from": "@body('Filter_array')",
                "select": {
                  "Expense Type": "@item()?['ExpenseType/Value']",
                  "Supplier": "@item()?['Supplier']",
                  "Description / Reason": "@item()?['Description_x002f_Reason']",
                  "Total Amount Claimed": "@formatNumber(item()?['TotalAmountclaimed'], 'C2', 'en-GB')",
                  "VAT": "@item()?['VAT_x0028_ifshownonreceipt_x0029']",
                  "Journey Start Location": "@item()?['Journeysstartlocation']",
                  "Journey End Location": "@item()?['Journeysendlocation']",
                  "Distance (Miles)": "@item()?['Distance_x0028_miles_x0029_']",
                  "Mode of Transport": "@item()?['ModeofTransport/Value']",
                  "Date From": "@formatDateTime(item()?['fs_exp_datefrom'], 'd/M/yyyy')",
                  "Date To": "@formatDateTime(item()?['fs_exp_dateto'], 'd/M/yyyy')"
                }
              }
            },
            "Set_variable_1": {
              "type": "SetVariable",
              "inputs": {
                "name": "HTMLTableVariable",
                "value": "@outputs('HTMLTableCSS')"
              },
              "runAfter": {
                "HTMLTableCSS": [
                  "Succeeded"
                ]
              }
            }
          },
          "runAfter": {
            "HTMLTableVariable_Initialize_variable": [
              "Succeeded"
            ]
          }
        },
        "ExpenseReportName": {
          "type": "Compose",
          "inputs": "@outputs('Get_item')?['body/Title']",
          "runAfter": {
            "Get_item": [
              "Succeeded"
            ]
          }
        },
        "ExpenseReportEmployee": {
          "type": "Compose",
          "inputs": "@outputs('Get_item')?['body/Employee/DisplayName']",
          "runAfter": {
            "ExpenseReportName": [
              "Succeeded"
            ]
          }
        },
        "HTMLTableVariable_Initialize_variable": {
          "type": "InitializeVariable",
          "inputs": {
            "variables": [
              {
                "name": "HTMLTableVariable",
                "type": "string"
              }
            ]
          },
          "runAfter": {
            "Filter_array": [
              "Succeeded"
            ]
          }
        },
        "Create_file": {
          "type": "OpenApiConnection",
          "inputs": {
            "parameters": {
              "folderPath": "/",
              "name": "Mileage / Expense Report -@{triggerBody()?['Title']}.html ",
              "body": "@variables('HTMLTableVariable')"
            },
            "host": {
              "apiId": "/providers/Microsoft.PowerApps/apis/shared_onedriveforbusiness",
              "operationId": "CreateFile",
              "connectionName": "shared_onedriveforbusiness-1"
            }
          },
          "runAfter": {
            "Initialize_approval_respond_link_variable": [
              "Succeeded"
            ]
          },
          "runtimeConfiguration": {
            "contentTransfer": {
              "transferMode": "Chunked"
            }
          }
        },
        "Convert_file": {
          "type": "OpenApiConnection",
          "inputs": {
            "parameters": {
              "id": "@outputs('Create_file')?['body/Id']",
              "type": "PDF"
            },
            "host": {
              "apiId": "/providers/Microsoft.PowerApps/apis/shared_onedriveforbusiness",
              "operationId": "ConvertFile",
              "connectionName": "shared_onedriveforbusiness"
            }
          },
          "runAfter": {
            "Create_file": [
              "Succeeded"
            ]
          }
        },
        "Create_file_1": {
          "type": "OpenApiConnection",
          "inputs": {
            "parameters": {
              "dataset": "https://shinesportscoaching.sharepoint.com/sites/OfficeSupport",
              "folderPath": "/ExpenseReportsDocs",
              "name": "Mileage / Expense Report - @{triggerBody()?['Title']}.pdf",
              "body": "@body('Convert_file')"
            },
            "host": {
              "apiId": "/providers/Microsoft.PowerApps/apis/shared_sharepointonline",
              "operationId": "CreateFile",
              "connectionName": "shared_sharepointonline"
            }
          },
          "runAfter": {
            "Convert_file": [
              "Succeeded"
            ]
          },
          "runtimeConfiguration": {
            "contentTransfer": {
              "transferMode": "Chunked"
            }
          }
        },
        "Get_file_properties": {
          "type": "OpenApiConnection",
          "inputs": {
            "parameters": {
              "dataset": "https://shinesportscoaching.sharepoint.com/sites/OfficeSupport",
              "table": "20312459-9077-43ab-8685-f41c0bfaa01d",
              "id": "@outputs('Create_file_1')?['body/ItemId']"
            },
            "host": {
              "apiId": "/providers/Microsoft.PowerApps/apis/shared_sharepointonline",
              "operationId": "GetFileItem",
              "connectionName": "shared_sharepointonline"
            }
          },
          "runAfter": {
            "Create_file_1": [
              "Succeeded"
            ]
          }
        }
      },
      "outputs": {},
      "description": "Request approval (everyone must approve) for a selected file in a SharePoint library, along with approval reminder options."
    },
    "templateName": null
  },
  "schemaVersion": "1.0.0.0"
}