{
  "properties": {
    "connectionReferences": {
      "shared_sharepointonline": {
        "api": {
          "name": "shared_sharepointonline"
        },
        "connection": {
          "connectionReferenceLogicalName": "aw_sharedsharepointonline_4083a"
        },
        "runtimeSource": "embedded"
      },
      "shared_sharepointonline-2": {
        "api": {
          "name": "shared_sharepointonline"
        },
        "connection": {
          "connectionReferenceLogicalName": "aw_sharedsharepointonline_3c66d"
        },
        "runtimeSource": "embedded"
      }
    },
    "definition": {
      "$schema": "https://schema.management.azure.com/providers/Microsoft.Logic/schemas/2016-06-01/workflowdefinition.json#",
      "contentVersion": "1.0.0.0",
      "parameters": {
        "$authentication": {
          "defaultValue": {},
          "type": "SecureObject"
        },
        "$connections": {
          "defaultValue": {},
          "type": "Object"
        }
      },
      "triggers": {
        "When_an_item_is_created": {
          "type": "OpenApiConnection",
          "inputs": {
            "parameters": {
              "dataset": "https://shinesportscoaching.sharepoint.com/sites/OfficeSupport",
              "table": "a53d9d58-edd6-4857-aa07-6c571084e567"
            },
            "host": {
              "apiId": "/providers/Microsoft.PowerApps/apis/shared_sharepointonline",
              "operationId": "GetOnNewItems",
              "connectionName": "shared_sharepointonline"
            }
          },
          "recurrence": {
            "frequency": "Minute",
            "interval": 1
          },
          "splitOn": "@triggerOutputs()?['body/value']",
          "metadata": {
            "operationMetadataId": "cef30965-b4fe-480d-a264-a72392dcb4c4"
          }
        }
      },
      "actions": {
        "Get_items": {
          "type": "OpenApiConnection",
          "inputs": {
            "parameters": {
              "dataset": "https://shinesportscoaching.sharepoint.com/sites/OfficeSupport",
              "table": "59a843ca-0adc-4b86-b39b-a1ec1c4a2db9",
              "$filter": "ID eq @{outputs('Get_item')?['body/Expense_x0020_Report_x0020_Name_/Value']}"
            },
            "host": {
              "apiId": "/providers/Microsoft.PowerApps/apis/shared_sharepointonline",
              "operationId": "GetItems",
              "connectionName": "shared_sharepointonline"
            }
          },
          "runAfter": {
            "Get_item": [
              "Succeeded"
            ]
          },
          "metadata": {
            "operationMetadataId": "97badc7c-be9c-451c-836d-5cbc2bc5d899"
          }
        },
        "Get_item": {
          "type": "OpenApiConnection",
          "inputs": {
            "parameters": {
              "dataset": "https://shinesportscoaching.sharepoint.com/sites/OfficeSupport",
              "table": "a53d9d58-edd6-4857-aa07-6c571084e567",
              "id": "@triggerOutputs()?['body/ID']"
            },
            "host": {
              "apiId": "/providers/Microsoft.PowerApps/apis/shared_sharepointonline",
              "operationId": "GetItem",
              "connectionName": "shared_sharepointonline"
            }
          },
          "runAfter": {},
          "metadata": {
            "operationMetadataId": "a11839b7-dd7a-4c7a-8a4e-6ba10efc70e9"
          }
        },
        "Condition": {
          "type": "If",
          "expression": {
            "and": [
              {
                "not": {
                  "contains": [
                    "@body('Get_item')?['ExpenseType']?['Value']",
                    "Mileage"
                  ]
                }
              }
            ]
          },
          "actions": {
            "Apply_to_each": {
              "type": "Foreach",
              "foreach": "@outputs('Get_items')?['body/value']",
              "actions": {
                "Total": {
                  "type": "Compose",
                  "inputs": "@items('Apply_to_each')?['Total']",
                  "metadata": {
                    "operationMetadataId": "f45eed0d-17f1-4f03-af4c-b07c93f804b5"
                  }
                },
                "Compose": {
                  "type": "Compose",
                  "inputs": "@add(outputs('TotalAmountClaimed'),outputs('Total'))",
                  "runAfter": {
                    "Total": [
                      "Succeeded"
                    ]
                  },
                  "metadata": {
                    "operationMetadataId": "a639675f-4e9d-4af7-b0cc-ef05c318d031"
                  }
                },
                "Update_item": {
                  "type": "OpenApiConnection",
                  "inputs": {
                    "parameters": {
                      "dataset": "https://shinesportscoaching.sharepoint.com/sites/OfficeSupport",
                      "table": "59a843ca-0adc-4b86-b39b-a1ec1c4a2db9",
                      "id": "@items('Apply_to_each')?['ID']",
                      "item/Total": "@outputs('Compose')"
                    },
                    "host": {
                      "apiId": "/providers/Microsoft.PowerApps/apis/shared_sharepointonline",
                      "operationId": "PatchItem",
                      "connectionName": "shared_sharepointonline"
                    }
                  },
                  "runAfter": {
                    "Compose": [
                      "Succeeded"
                    ]
                  },
                  "metadata": {
                    "operationMetadataId": "972e6ca8-e19e-4d0f-8b90-1a9f62aeea8f"
                  }
                }
              },
              "runAfter": {
                "TotalAmountClaimed": [
                  "Succeeded"
                ]
              },
              "metadata": {
                "operationMetadataId": "07035bc0-731b-45cb-adc0-9f4b04b4127a"
              }
            },
            "TotalAmountClaimed": {
              "type": "Compose",
              "inputs": "@outputs('Get_item')?['body/TotalAmountclaimed']",
              "metadata": {
                "operationMetadataId": "54bfe5e8-60d9-41f0-bd5a-f6c92c73903f"
              }
            }
          },
          "else": {
            "actions": {
              "Delay": {
                "type": "Wait",
                "inputs": {
                  "interval": {
                    "count": 30,
                    "unit": "Second"
                  }
                }
              },
              "TotalAmountClaimed2": {
                "type": "Compose",
                "inputs": "@float(outputs('Get_item')?['body/TotalAmountclaimed'])",
                "runAfter": {
                  "Delay": [
                    "Succeeded"
                  ]
                }
              },
              "Apply_to_each_1": {
                "type": "Foreach",
                "foreach": "@outputs('Get_items')?['body/value']",
                "actions": {
                  "Total2": {
                    "type": "Compose",
                    "inputs": "@items('Apply_to_each_1')?['Total']"
                  },
                  "Compose_3": {
                    "type": "Compose",
                    "inputs": "@add(outputs('TotalAmountClaimed2'),outputs('Total2'))",
                    "runAfter": {
                      "Total2": [
                        "Succeeded"
                      ]
                    }
                  },
                  "Update_item_1": {
                    "type": "OpenApiConnection",
                    "inputs": {
                      "parameters": {
                        "dataset": "https://shinesportscoaching.sharepoint.com/sites/OfficeSupport",
                        "table": "59a843ca-0adc-4b86-b39b-a1ec1c4a2db9",
                        "id": "@items('Apply_to_each_1')?['ID']",
                        "item/Total": "@outputs('Compose_3')"
                      },
                      "host": {
                        "apiId": "/providers/Microsoft.PowerApps/apis/shared_sharepointonline",
                        "operationId": "PatchItem",
                        "connectionName": "shared_sharepointonline-2"
                      }
                    },
                    "runAfter": {
                      "Compose_3": [
                        "Succeeded"
                      ]
                    }
                  }
                },
                "runAfter": {
                  "TotalAmountClaimed2": [
                    "Succeeded"
                  ]
                }
              }
            }
          },
          "runAfter": {
            "Get_items": [
              "Succeeded"
            ]
          }
        }
      }
    },
    "templateName": null
  },
  "schemaVersion": "1.0.0.0"
}