{"name":"6f36f9ce-0bcd-4747-9d7b-401a2490febe","id":"/providers/Microsoft.Flow/flows/6f36f9ce-0bcd-4747-9d7b-401a2490febe","type":"Microsoft.Flow/flows","properties":{"apiId":"/providers/Microsoft.PowerApps/apis/shared_logicflows","displayName":"Pre-Sales Request Process Phase 1","definition":{"metadata":{"workflowEntityId":null,"processAdvisorMetadata":null,"flowclientsuspensionreason":"None","flowclientsuspensiontime":null,"flowclientsuspensionreasondetails":null,"creator":{"id":"d80946cf-9971-4e62-a505-94a91fdf95b2","type":"User","tenantId":"eebf42f0-fb5a-460f-a80a-1b6593988a6e"},"provisioningMethod":"FromDefinition","failureAlertSubscription":true,"clientLastModifiedTime":"2023-03-07T13:17:08.5855609Z"},"$schema":"https://schema.management.azure.com/providers/Microsoft.Logic/schemas/2016-06-01/workflowdefinition.json#","contentVersion":"1.0.0.0","parameters":{"$connections":{"defaultValue":{},"type":"Object"},"$authentication":{"defaultValue":{},"type":"SecureObject"}},"triggers":{"When_a_new_response_is_submitted":{"splitOn":"@triggerOutputs()?['body/value']","metadata":{"operationMetadataId":"56c33573-6f59-431f-b8e2-68e442a0ee82"},"type":"OpenApiConnectionWebhook","inputs":{"host":{"apiId":"/providers/Microsoft.PowerApps/apis/shared_microsoftforms","connectionName":"shared_microsoftforms","operationId":"CreateFormWebhook"},"parameters":{"form_id":"8EK_7lr7D0aoChtlk5iKbgwEJdW5JrxDtq38iYgeyZVUN05PQkdDWEtJRE8yTUFYT0MzQ1NHUjhIOCQlQCN0PWcu"},"authentication":"@parameters('$authentication')"}}},"actions":{"Get_Autotask_Opportunity_ID":{"runAfter":{"Initialize_SubFolders_Variable":["Succeeded"]},"metadata":{"operationMetadataId":"69beb12e-8c0f-40c0-a861-24b079ce986c"},"type":"Http","inputs":{"method":"GET","uri":"https://webservices16.autotask.net/ATServicesRest/V1.0/Opportunities/@{outputs('Get_response_details')?['body/r645b9f036b6541f1acbc14dc32afef01']}","headers":{"ApiIntegrationCode":"@variables('ApiIntegrationCode')","UserName":"@variables('UserName')","Secret":"@variables('Secret')"}}},"Get_response_details":{"runAfter":{},"metadata":{"operationMetadataId":"b79b52db-0fb4-4ece-bb88-bade94c7968f"},"type":"OpenApiConnection","inputs":{"host":{"apiId":"/providers/Microsoft.PowerApps/apis/shared_microsoftforms","connectionName":"shared_microsoftforms","operationId":"GetFormResponseById"},"parameters":{"form_id":"8EK_7lr7D0aoChtlk5iKbgwEJdW5JrxDtq38iYgeyZVUN05PQkdDWEtJRE8yTUFYT0MzQ1NHUjhIOCQlQCN0PWcu","response_id":"@triggerOutputs()?['body/resourceData/responseId']"},"authentication":"@parameters('$authentication')"}},"Update_Opportunity_Stage_-_Sales_Qualification":{"runAfter":{"Get_Autotask_Opportunity_ID":["Succeeded"]},"metadata":{"operationMetadataId":"4e2407fd-3ae6-45d2-aad1-f33d202d280c"},"type":"Http","inputs":{"method":"PATCH","uri":"https://webservices16.autotask.net/ATServicesRest/V1.0/Opportunities/","headers":{"ApiIntegrationCode":"@variables('ApiIntegrationCode')","UserName":"@variables('UserName')","Secret":"@variables('Secret')"},"body":{"id":"@outputs('Get_response_details')?['body/r645b9f036b6541f1acbc14dc32afef01']","stage":"@variables('SalesQualificationStage')"}}},"ApiIntegrationCode":{"runAfter":{"Get_response_details":["Succeeded"]},"metadata":{"operationMetadataId":"de4eacee-8813-4f89-ba31-db7e9ad5531f"},"type":"InitializeVariable","inputs":{"variables":[{"name":"ApiIntegrationCode","type":"string","value":"DJRSAGFMC35RJWRBU2BIY6EEDMW"}]}},"UserName":{"runAfter":{"ApiIntegrationCode":["Succeeded"]},"metadata":{"operationMetadataId":"c8f6f989-12a9-41e2-8741-ce369db27e90"},"type":"InitializeVariable","inputs":{"variables":[{"name":"UserName","type":"string","value":"datto_powerautomate_api@assureddigitaltech.com"}]}},"Secret":{"runAfter":{"UserName":["Succeeded"]},"metadata":{"operationMetadataId":"f6b2ab12-8ef4-44ef-825d-ea0115530ce6"},"type":"InitializeVariable","inputs":{"variables":[{"name":"Secret","type":"string","value":"J#x2$g3NX5*t~d0GoA@8B$1jm"}]}},"SalesQualificationStage":{"runAfter":{"Secret":["Succeeded"]},"metadata":{"operationMetadataId":"09d869b6-34d6-405f-bec8-fee986ab9c27"},"type":"InitializeVariable","inputs":{"variables":[{"name":"SalesQualificationStage","type":"integer","value":29682771}]}},"Apply_to_each":{"foreach":"@body('List_folder')","actions":{"Condition":{"actions":{"Set_variable":{"runAfter":{},"metadata":{"operationMetadataId":"fbc057e2-0293-4117-9fcc-f07a2ea33c8e"},"type":"SetVariable","inputs":{"name":"IsFolderExists","value":true}}},"runAfter":{},"expression":{"equals":["@item()?['DisplayName']","@variables('CustomerFolderName')"]},"metadata":{"operationMetadataId":"0c070c4e-125b-44bf-ab2f-7cf58392ef84"},"type":"If"}},"runAfter":{"List_folder":["Succeeded"]},"metadata":{"operationMetadataId":"6dde885d-6af8-40f1-a50e-ba5526c29491"},"type":"Foreach"},"TopLevelClientProjectFolderName":{"runAfter":{"PreSalesEngagementStage":["Succeeded"]},"metadata":{"operationMetadataId":"d983a1b0-d9e5-4302-81b9-3123559eb46f"},"type":"InitializeVariable","inputs":{"variables":[{"name":"TopLevelClientProjectFolderName","type":"string","value":"Projectrs & Statement of Works"}]}},"PreSalesEngagementStage":{"runAfter":{"SalesQualificationStage":["Succeeded"]},"metadata":{"operationMetadataId":"1fe112f9-3b4b-4d8f-9f72-fec44af322a6"},"type":"InitializeVariable","inputs":{"variables":[{"name":"PreSalesEngagementStage","type":"string","value":"29682772"}]}},"CustomerFolderName":{"runAfter":{"Update_Opportunity_Stage_-_Sales_Qualification":["Succeeded"]},"metadata":{"operationMetadataId":"90d5fec9-528c-41cf-87cf-fefd3df65e4a"},"type":"InitializeVariable","inputs":{"variables":[{"name":"CustomerFolderName","type":"string","value":"@outputs('Get_response_details')?['body/r05c555605ff04c0cb3ae074501402ce0']"}]}},"IsFolderExists":{"runAfter":{"CustomerFolderName":["Succeeded"]},"metadata":{"operationMetadataId":"44d85c2d-1a58-45ef-ba88-bec78c1e8aee"},"type":"InitializeVariable","inputs":{"variables":[{"name":"IsFolderExists","type":"boolean","value":false}]}},"List_folder":{"runAfter":{"IsFolderExists":["Succeeded"]},"metadata":{"%252fAutomation%2bTesting":"/Automation Testing","operationMetadataId":"6030d9bf-06cf-4b39-a93f-9fc3a782e731"},"type":"OpenApiConnection","inputs":{"host":{"apiId":"/providers/Microsoft.PowerApps/apis/shared_sharepointonline","connectionName":"shared_sharepointonline","operationId":"ListFolder"},"parameters":{"dataset":"https://assureddt.sharepoint.com/sites/Testing","id":"%252fAutomation%2bTesting"},"authentication":"@parameters('$authentication')"}},"Condition_2":{"actions":{"Populate_a_Microsoft_Word_template_2":{"runAfter":{"Create_new_folder_2":["Succeeded"]},"metadata":{"0132MKOWMHJKOMOPDT2ND24E2UI5SPI53N":"/Testing - Pre-Sales Request Form.docx","operationMetadataId":"828113bd-27c0-4199-b06b-63baaf7dd68e"},"type":"OpenApiConnection","inputs":{"host":{"apiId":"/providers/Microsoft.PowerApps/apis/shared_wordonlinebusiness","connectionName":"shared_wordonlinebusiness","operationId":"CreateFileItem"},"parameters":{"source":"sites/assureddt.sharepoint.com,00436fb0-eb76-4475-97d1-f04032b02f93,3775ad6b-389a-46b5-bcb9-c5c66ea4b394","drive":"b!sG9DAHbrdUSX0fBAMrAvk2utdTeaOLVGvLnFxm6ks5Rxt8U7DBcxTrhqzHKD7qzv","file":"0132MKOWMHJKOMOPDT2ND24E2UI5SPI53N","dynamicFileSchema/142468529":"@outputs('Get_response_details')?['body/r6516a7391e134e7682a1da3380302622']","dynamicFileSchema/188723095":"@outputs('Get_response_details')?['body/r05c555605ff04c0cb3ae074501402ce0']","dynamicFileSchema/314611177":"@outputs('Get_response_details')?['body/r0eaff0906e164a5bb78b996de4c49500']","dynamicFileSchema/511423314":"ADT -@{outputs('Get_response_details')?['body/r645b9f036b6541f1acbc14dc32afef01']}-@{outputs('Get_response_details')?['body/r67eaf6231b64450dbf9825e5e600f426']} - Pre-Sales Request Form","dynamicFileSchema/688956178":"@outputs('Get_response_details')?['body/r645b9f036b6541f1acbc14dc32afef01']","dynamicFileSchema/915516469":"@outputs('Get_response_details')?['body/r3cfc18e17638447580e05e79ae50ad8d']","dynamicFileSchema/1094289921":"@outputs('Get_response_details')?['body/r67eaf6231b64450dbf9825e5e600f426']","dynamicFileSchema/1412884534":"ADT -@{outputs('Get_response_details')?['body/r645b9f036b6541f1acbc14dc32afef01']}-@{outputs('Get_response_details')?['body/r67eaf6231b64450dbf9825e5e600f426']} - Pre-Sales Request Form","dynamicFileSchema/-323275156":"@outputs('Get_response_details')?['body/r44a4b9e7da7549c68429606805cbda6b']","dynamicFileSchema/-2053534486":"@outputs('Get_response_details')?['body/r07d0ba71187a41abb831eed6db33e0e7']","dynamicFileSchema/-2057926521":"@outputs('Get_response_details')?['body/r20413993e8274d4b87530e68e3559f69']","dynamicFileSchema/-808783019":"@outputs('Get_response_details')?['body/r1ae07ee308e8441faa613fd8411f6062']"},"authentication":"@parameters('$authentication')"}},"Convert_file_2":{"runAfter":{"Create_file_2":["Succeeded"]},"metadata":{"operationMetadataId":"405011ea-cc2d-4303-928c-6ebea0c57aee"},"type":"OpenApiConnection","inputs":{"host":{"apiId":"/providers/Microsoft.PowerApps/apis/shared_onedriveforbusiness","connectionName":"shared_onedriveforbusiness","operationId":"ConvertFile"},"parameters":{"id":"@outputs('Create_file_2')?['body/Id']","type":"PDF"},"authentication":"@parameters('$authentication')"}},"Create_file_2":{"runAfter":{"Populate_a_Microsoft_Word_template_2":["Succeeded"]},"metadata":{"operationMetadataId":"e803449b-fbad-44fe-b5e2-19afecc1f1a2"},"type":"OpenApiConnection","inputs":{"host":{"apiId":"/providers/Microsoft.PowerApps/apis/shared_onedriveforbusiness","connectionName":"shared_onedriveforbusiness","operationId":"CreateFile"},"parameters":{"folderPath":"/","name":"ADT -@{outputs('Get_response_details')?['body/r645b9f036b6541f1acbc14dc32afef01']}-@{outputs('Get_response_details')?['body/r67eaf6231b64450dbf9825e5e600f426']} - Pre-Sales Request Form.docx","body":"@body('Populate_a_Microsoft_Word_template_2')"},"authentication":"@parameters('$authentication')"},"runtimeConfiguration":{"contentTransfer":{"transferMode":"Chunked"}}},"Create_file_4":{"runAfter":{"Convert_file_2":["Succeeded"]},"metadata":{"operationMetadataId":"7d1f398f-f0f6-4d9e-ae99-743c233bfa8a"},"type":"OpenApiConnection","inputs":{"host":{"apiId":"/providers/Microsoft.PowerApps/apis/shared_sharepointonline","connectionName":"shared_sharepointonline","operationId":"CreateFile"},"parameters":{"dataset":"https://assureddt.sharepoint.com/sites/Testing","folderPath":"@outputs('Create_new_folder_2')?['body/{FullPath}']","name":"ADT -@{outputs('Get_response_details')?['body/r645b9f036b6541f1acbc14dc32afef01']}-@{outputs('Get_response_details')?['body/r67eaf6231b64450dbf9825e5e600f426']} - Pre-Sales Request Form.pdf","body":"@body('Convert_file_2')"},"authentication":"@parameters('$authentication')"},"runtimeConfiguration":{"contentTransfer":{"transferMode":"Chunked"}}},"Delete_file_2":{"runAfter":{"Get_file_properties":["Succeeded"]},"metadata":{"operationMetadataId":"2e1d3300-1194-4505-b815-9512ce06f733"},"type":"OpenApiConnection","inputs":{"host":{"apiId":"/providers/Microsoft.PowerApps/apis/shared_onedriveforbusiness","connectionName":"shared_onedriveforbusiness","operationId":"DeleteFile"},"parameters":{"id":"@outputs('Create_file_2')?['body/Id']"},"authentication":"@parameters('$authentication')"}},"Update_Opportunity_Stage_-_Pre-Sales_Enagement_2":{"runAfter":{"Delete_file_2":["Succeeded"]},"metadata":{"operationMetadataId":"4e2407fd-3ae6-45d2-aad1-f33d202d280c"},"type":"Http","inputs":{"method":"PATCH","uri":"https://webservices16.autotask.net/ATServicesRest/V1.0/Opportunities/","headers":{"ApiIntegrationCode":"@variables('ApiIntegrationCode')","UserName":"@variables('UserName')","Secret":"@variables('Secret')"},"body":{"id":"@outputs('Get_response_details')?['body/r645b9f036b6541f1acbc14dc32afef01']","stage":"@variables('PreSalesEngagementStage')"}}},"Set_variable_2":{"runAfter":{},"metadata":{"operationMetadataId":"56730ece-9b65-45f5-9c9b-ad97c9b90489"},"type":"SetVariable","inputs":{"name":"IsFolderExists","value":true}},"Create_new_folder_2":{"runAfter":{"Set_variable_2":["Succeeded"]},"metadata":{"operationMetadataId":"afaf31a9-2a0c-4a06-a73d-f9e25bd3ef34"},"type":"OpenApiConnection","inputs":{"host":{"apiId":"/providers/Microsoft.PowerApps/apis/shared_sharepointonline","connectionName":"shared_sharepointonline","operationId":"CreateNewFolder"},"parameters":{"dataset":"https://assureddt.sharepoint.com/sites/Testing","table":"35f24cee-a727-4ae5-b7fc-718bf41ec6fb","parameters/path":"@{outputs('Get_response_details')?['body/r05c555605ff04c0cb3ae074501402ce0']}/@{variables('TopLevelClientProjectFolderName')}/ADT-@{outputs('Get_response_details')?['body/r645b9f036b6541f1acbc14dc32afef01']}-@{outputs('Get_response_details')?['body/r67eaf6231b64450dbf9825e5e600f426']}"},"authentication":"@parameters('$authentication')"}},"Send_an_email_(V2)_2":{"runAfter":{"Update_Opportunity_Stage_-_Pre-Sales_Enagement_2":["Succeeded"]},"metadata":{"operationMetadataId":"27243261-02e3-412c-9b9c-a5703f4d0f88"},"type":"OpenApiConnection","inputs":{"host":{"apiId":"/providers/Microsoft.PowerApps/apis/shared_office365","connectionName":"shared_office365","operationId":"SendEmailV2"},"parameters":{"emailMessage/To":"Alex.Withers@assureddigitaltech.com","emailMessage/Subject":"Pre Sales Request - @{outputs('Get_response_details')?['body/r05c555605ff04c0cb3ae074501402ce0']}","emailMessage/Body":"<p>@{outputs('Get_response_details')?['body/r44a4b9e7da7549c68429606805cbda6b']} has requested&nbsp;a new Pre Sales Request.<br>\n<br>\nSee Pre Sales Request Form: @{outputs('Get_file_properties')?['body/{Link}']}</p>","emailMessage/From":"no.reply@assureddigitaltech.com","emailMessage/Importance":"Normal"},"authentication":"@parameters('$authentication')"}},"Get_file_properties":{"runAfter":{"Create_file_4":["Succeeded"]},"metadata":{"operationMetadataId":"fffc43d1-4f76-4544-94bd-1af1db049200"},"type":"OpenApiConnection","inputs":{"host":{"apiId":"/providers/Microsoft.PowerApps/apis/shared_sharepointonline","connectionName":"shared_sharepointonline","operationId":"GetFileItem"},"parameters":{"dataset":"https://assureddt.sharepoint.com/sites/Testing","table":"35f24cee-a727-4ae5-b7fc-718bf41ec6fb","id":"@outputs('Create_file_4')?['body/ItemId']"},"authentication":"@parameters('$authentication')"}},"Create_a_task":{"runAfter":{"Send_an_email_(V2)_2":["Succeeded"]},"metadata":{"operationMetadataId":"d153c14e-47ad-4a88-a9fd-c1979a0c8387"},"type":"OpenApiConnection","inputs":{"host":{"apiId":"/providers/Microsoft.PowerApps/apis/shared_planner","connectionName":"shared_planner","operationId":"CreateTask_V4"},"parameters":{"body/groupId":"4a300605-56fe-4026-ac3a-218a4bbc4c0a","body/planId":"we58PjVuNUec7ocA1YcLXJgAEFrL","body/title":"@{outputs('Get_response_details')?['body/r05c555605ff04c0cb3ae074501402ce0']} - @{outputs('Get_response_details')?['body/r67eaf6231b64450dbf9825e5e600f426']}","body/bucketId":"-wsoe_ECwkyQo23UuEBhnpgAE2gd"},"authentication":"@parameters('$authentication')"}},"Update_task_details":{"runAfter":{"Create_a_task":["Succeeded"]},"metadata":{"operationMetadataId":"98d1ee32-25a4-4e80-9546-5c91637be702"},"type":"OpenApiConnection","inputs":{"host":{"apiId":"/providers/Microsoft.PowerApps/apis/shared_planner","connectionName":"shared_planner","operationId":"UpdateTaskDetails_V2"},"parameters":{"id":"@outputs('Create_a_task')?['body/id']","body/description":"@outputs('Get_response_details')?['body/r20413993e8274d4b87530e68e3559f69']"},"authentication":"@parameters('$authentication')"}}},"runAfter":{"Apply_to_each":["Succeeded"]},"else":{"actions":{"Create_Top_Level_Client_Folder":{"runAfter":{},"metadata":{"operationMetadataId":"8ff92f1e-a0b7-4cd6-892c-335eade4fda9"},"type":"OpenApiConnection","inputs":{"host":{"apiId":"/providers/Microsoft.PowerApps/apis/shared_sharepointonline","connectionName":"shared_sharepointonline","operationId":"CreateNewFolder"},"parameters":{"dataset":"https://assureddt.sharepoint.com/sites/Testing","table":"35f24cee-a727-4ae5-b7fc-718bf41ec6fb","parameters/path":"@outputs('Get_response_details')?['body/r05c555605ff04c0cb3ae074501402ce0']"},"authentication":"@parameters('$authentication')"}},"Send_an_HTTP_request_to_SharePoint_-_Break_Inheritance":{"runAfter":{"Create_Top_Level_Client_Folder":["Succeeded"]},"metadata":{"operationMetadataId":"dc6ae8ec-4eb7-4a2d-b65c-9ba6aef7f64d"},"type":"OpenApiConnection","inputs":{"host":{"apiId":"/providers/Microsoft.PowerApps/apis/shared_sharepointonline","connectionName":"shared_sharepointonline_1","operationId":"HttpRequest"},"parameters":{"dataset":"https://assureddt.sharepoint.com/sites/Testing","parameters/method":"POST","parameters/uri":"_api/lists/getByTitle('Automation Testing')/items(@{outputs('Create_Top_Level_Client_Folder')?['body/ID']})/breakroleinheritance(copyRoleAssignments=false,clearSubscopes=true)"},"authentication":"@parameters('$authentication')"}},"Set_variable_-_varSPClientsCreateFolderPermission":{"runAfter":{"Send_an_HTTP_request_to_SharePoint_Ensure_User":["Succeeded"]},"metadata":{"operationMetadataId":"246f1989-2b4e-49ff-9b01-d247b40b7fd5"},"type":"SetVariable","inputs":{"name":"varSPClientsCreateFolderPermission","value":"@body('Send_an_HTTP_request_to_SharePoint_Ensure_User')?['d']?['id']"}},"Send_an_HTTP_request_to_SharePoint_Ensure_User":{"runAfter":{"Send_an_HTTP_request_to_SharePoint_-_Break_Inheritance":["Succeeded"]},"metadata":{"operationMetadataId":"3893d109-9094-4c82-95b8-e9a51a22b4b5"},"type":"OpenApiConnection","inputs":{"host":{"apiId":"/providers/Microsoft.PowerApps/apis/shared_sharepointonline","connectionName":"shared_sharepointonline_1","operationId":"HttpRequest"},"parameters":{"dataset":"https://assureddt.sharepoint.com/sites/Testing","parameters/method":"POST","parameters/uri":"_api/web/EnsureUser('SP - Clients - Create Folder Permission')","parameters/headers":{"Accept":"application/json;odata=verbose","Content-Type":"application/json;odata=verbose"}},"authentication":"@parameters('$authentication')"}},"Send_an_HTTP_request_to_SharePoint":{"runAfter":{"Set_variable_-_varSPClientsCreateFolderPermission":["Succeeded"]},"metadata":{"operationMetadataId":"27f514e4-a74a-4747-b6e3-f59fd0aa8de4"},"type":"OpenApiConnection","inputs":{"host":{"apiId":"/providers/Microsoft.PowerApps/apis/shared_sharepointonline","connectionName":"shared_sharepointonline_1","operationId":"HttpRequest"},"parameters":{"dataset":"https://assureddt.sharepoint.com/sites/Testing","parameters/method":"POST","parameters/uri":"_api/lists/getByTitle('Automation Testing')/items(@{outputs('Create_Top_Level_Client_Folder')?['body/ID']})/roleassignments/addroleassignment(principalid=@{variables('varSPClientsCreateFolderPermission')},roledefid=1073741829)"},"authentication":"@parameters('$authentication')"}},"Send_an_HTTP_request_to_SharePoint_Ensure_User_ADT_All_Read":{"runAfter":{"Send_an_HTTP_request_to_SharePoint":["Succeeded"]},"metadata":{"operationMetadataId":"418eff17-1c06-4157-b5b0-f1e7ca29ad92"},"type":"OpenApiConnection","inputs":{"host":{"apiId":"/providers/Microsoft.PowerApps/apis/shared_sharepointonline","connectionName":"shared_sharepointonline","operationId":"HttpRequest"},"parameters":{"dataset":"https://assureddt.sharepoint.com/sites/Testing","parameters/method":"POST","parameters/uri":"_api/web/EnsureUser('SP - ADT All')","parameters/headers":{"Accept":"application/json;odata=verbose","Content-Type":"application/json;odata=verbose"}},"authentication":"@parameters('$authentication')"}},"Set_variable_-_SPADTALLRead":{"runAfter":{"Send_an_HTTP_request_to_SharePoint_Ensure_User_ADT_All_Read":["Succeeded"]},"metadata":{"operationMetadataId":"3634b8d2-87ec-4c16-bdb2-64b57d6d9c52"},"type":"SetVariable","inputs":{"name":"varSPADTAllRead","value":"@body('Send_an_HTTP_request_to_SharePoint_Ensure_User_ADT_All_Read')?['d']?['id']"}},"Send_an_HTTP_request_to_SharePoint_Read":{"runAfter":{"Set_variable_-_SPADTALLRead":["Succeeded"]},"metadata":{"operationMetadataId":"791e242a-0afb-403c-87b4-77e2c435831b"},"type":"OpenApiConnection","inputs":{"host":{"apiId":"/providers/Microsoft.PowerApps/apis/shared_sharepointonline","connectionName":"shared_sharepointonline","operationId":"HttpRequest"},"parameters":{"dataset":"https://assureddt.sharepoint.com/sites/Testing","parameters/method":"POST","parameters/uri":"_api/lists/getByTitle('Automation Testing')/items(@{outputs('Create_Top_Level_Client_Folder')?['body/ID']})/roleassignments/addroleassignment(principalid=@{variables('varSPADTAllRead')},roledefid=1073741826)"},"authentication":"@parameters('$authentication')"}},"Parse_JSON":{"runAfter":{"Send_an_HTTP_request_to_SharePoint_Read":["Succeeded"]},"metadata":{"operationMetadataId":"95c4e065-fd0a-4b02-9a67-fce23071b63f"},"type":"ParseJson","inputs":{"content":"@variables('SubFolderArray')","schema":{"type":"array","items":{"type":"object","properties":{"SubFolder":{"type":"string"}},"required":["SubFolder"]}}}},"Top_Level_Client_Folder_Metadata":{"runAfter":{"Parse_JSON":["Succeeded"]},"metadata":{"operationMetadataId":"1ee65f6f-42e9-4839-b8d4-dae4a56ba244"},"type":"OpenApiConnection","inputs":{"host":{"apiId":"/providers/Microsoft.PowerApps/apis/shared_sharepointonline","connectionName":"shared_sharepointonline","operationId":"GetFolderMetadata"},"parameters":{"dataset":"https://assureddt.sharepoint.com/sites/Testing","id":"@outputs('Create_Top_Level_Client_Folder')?['body/{Identifier}']"},"authentication":"@parameters('$authentication')"}},"Apply_to_each_2":{"foreach":"@body('Parse_JSON')","actions":{"Create_new_folder":{"runAfter":{},"metadata":{"operationMetadataId":"5567f664-5f83-413c-ade5-9ff6b1edefbc"},"type":"OpenApiConnection","inputs":{"host":{"apiId":"/providers/Microsoft.PowerApps/apis/shared_sharepointonline","connectionName":"shared_sharepointonline","operationId":"CreateNewFolder"},"parameters":{"dataset":"https://assureddt.sharepoint.com/sites/Testing","table":"35f24cee-a727-4ae5-b7fc-718bf41ec6fb","parameters/path":"@{outputs('Top_Level_Client_Folder_Metadata')?['body/Name']}/@{items('Apply_to_each_2')['SubFolder']}"},"authentication":"@parameters('$authentication')"}},"Send_an_HTTP_request_to_SharePoint_3":{"runAfter":{"Create_new_folder":["Succeeded"]},"metadata":{"operationMetadataId":"1e924af1-c102-4c5e-963b-5e01b595e875"},"type":"OpenApiConnection","inputs":{"host":{"apiId":"/providers/Microsoft.PowerApps/apis/shared_sharepointonline","connectionName":"shared_sharepointonline","operationId":"HttpRequest"},"parameters":{"dataset":"https://assureddt.sharepoint.com/sites/Testing","parameters/method":"POST","parameters/uri":"_api/lists/getByTitle('Automation Testing')/items(@{outputs('Create_new_folder')?['body/ID']})/breakroleinheritance(copyRoleAssignments=false,clearSubscopes=true)"},"authentication":"@parameters('$authentication')"}},"Send_an_HTTP_request_to_SharePoint_2":{"runAfter":{"Send_an_HTTP_request_to_SharePoint_Ensure_User_ADT_All_Edit":["Succeeded"]},"metadata":{"operationMetadataId":"40668529-30d0-484d-adb5-b817455ad18f"},"type":"OpenApiConnection","inputs":{"host":{"apiId":"/providers/Microsoft.PowerApps/apis/shared_sharepointonline","connectionName":"shared_sharepointonline","operationId":"HttpRequest"},"parameters":{"dataset":"https://assureddt.sharepoint.com/sites/Testing","parameters/method":"POST","parameters/uri":"_api/lists/getByTitle('Automation Testing')/items(@{outputs('Create_new_folder')?['body/ID']})/roleassignments/addroleassignment(principalid=@{body('Send_an_HTTP_request_to_SharePoint_Ensure_User_ADT_All_Edit')?['d']?['id']},roledefid=1073741830)"},"authentication":"@parameters('$authentication')"}},"Send_an_HTTP_request_to_SharePoint_Ensure_User_ADT_All_Edit":{"runAfter":{"Send_an_HTTP_request_to_SharePoint_3":["Succeeded"]},"metadata":{"operationMetadataId":"f6194b9a-474c-4910-9de1-5c078be84bf8"},"type":"OpenApiConnection","inputs":{"host":{"apiId":"/providers/Microsoft.PowerApps/apis/shared_sharepointonline","connectionName":"shared_sharepointonline","operationId":"HttpRequest"},"parameters":{"dataset":"https://assureddt.sharepoint.com/sites/Testing","parameters/method":"POST","parameters/uri":"_api/web/EnsureUser('SP - ADT All')","parameters/headers":{"Accept":"application/json;odata=verbose","Content-Type":"application/json;odata=verbose"}},"authentication":"@parameters('$authentication')"}}},"runAfter":{"Top_Level_Client_Folder_Metadata":["Succeeded"]},"metadata":{"operationMetadataId":"18e0f686-93d4-4791-81c1-c897e698f352"},"type":"Foreach"},"Create_a_channel":{"runAfter":{"Apply_to_each_2":["Succeeded"]},"metadata":{"operationMetadataId":"82ae02e5-b413-46c7-9392-1584ef17fe8a"},"type":"OpenApiConnection","inputs":{"host":{"apiId":"/providers/Microsoft.PowerApps/apis/shared_teams","connectionName":"shared_teams","operationId":"CreateChannel"},"parameters":{"groupId":"361c8c33-4e08-42cc-8dc3-007d28748e53","body/displayName":"@outputs('Get_response_details')?['body/r05c555605ff04c0cb3ae074501402ce0']"},"authentication":"@parameters('$authentication')"}},"Create_new_folder_3":{"runAfter":{"Create_a_channel":["Succeeded"]},"metadata":{"operationMetadataId":"afaf31a9-2a0c-4a06-a73d-f9e25bd3ef34"},"type":"OpenApiConnection","inputs":{"host":{"apiId":"/providers/Microsoft.PowerApps/apis/shared_sharepointonline","connectionName":"shared_sharepointonline","operationId":"CreateNewFolder"},"parameters":{"dataset":"https://assureddt.sharepoint.com/sites/Testing","table":"35f24cee-a727-4ae5-b7fc-718bf41ec6fb","parameters/path":"@{outputs('Get_response_details')?['body/r05c555605ff04c0cb3ae074501402ce0']}/@{variables('TopLevelClientProjectFolderName')}/ADT-@{outputs('Get_response_details')?['body/r645b9f036b6541f1acbc14dc32afef01']}-@{outputs('Get_response_details')?['body/r67eaf6231b64450dbf9825e5e600f426']}"},"authentication":"@parameters('$authentication')"}},"Populate_a_Microsoft_Word_template":{"runAfter":{"Create_new_folder_3":["Succeeded"]},"metadata":{"0132MKOWMHJKOMOPDT2ND24E2UI5SPI53N":"/Testing - Pre-Sales Request Form.docx","operationMetadataId":"828113bd-27c0-4199-b06b-63baaf7dd68e"},"type":"OpenApiConnection","inputs":{"host":{"apiId":"/providers/Microsoft.PowerApps/apis/shared_wordonlinebusiness","connectionName":"shared_wordonlinebusiness","operationId":"CreateFileItem"},"parameters":{"source":"sites/assureddt.sharepoint.com,00436fb0-eb76-4475-97d1-f04032b02f93,3775ad6b-389a-46b5-bcb9-c5c66ea4b394","drive":"b!sG9DAHbrdUSX0fBAMrAvk2utdTeaOLVGvLnFxm6ks5Rxt8U7DBcxTrhqzHKD7qzv","file":"0132MKOWMHJKOMOPDT2ND24E2UI5SPI53N","dynamicFileSchema/142468529":"@outputs('Get_response_details')?['body/r6516a7391e134e7682a1da3380302622']","dynamicFileSchema/188723095":"@outputs('Get_response_details')?['body/r05c555605ff04c0cb3ae074501402ce0']","dynamicFileSchema/314611177":"@outputs('Get_response_details')?['body/r0eaff0906e164a5bb78b996de4c49500']","dynamicFileSchema/511423314":"ADT -@{outputs('Get_response_details')?['body/r645b9f036b6541f1acbc14dc32afef01']}-@{outputs('Get_response_details')?['body/r67eaf6231b64450dbf9825e5e600f426']} - Pre-Sales Request Form","dynamicFileSchema/688956178":"@outputs('Get_response_details')?['body/r645b9f036b6541f1acbc14dc32afef01']","dynamicFileSchema/915516469":"@outputs('Get_response_details')?['body/r3cfc18e17638447580e05e79ae50ad8d']","dynamicFileSchema/1094289921":"@outputs('Get_response_details')?['body/r67eaf6231b64450dbf9825e5e600f426']","dynamicFileSchema/1412884534":"ADT -@{outputs('Get_response_details')?['body/r645b9f036b6541f1acbc14dc32afef01']}-@{outputs('Get_response_details')?['body/r67eaf6231b64450dbf9825e5e600f426']} - Pre-Sales Request Form","dynamicFileSchema/-323275156":"@outputs('Get_response_details')?['body/r44a4b9e7da7549c68429606805cbda6b']","dynamicFileSchema/-2053534486":"@outputs('Get_response_details')?['body/r07d0ba71187a41abb831eed6db33e0e7']","dynamicFileSchema/-2057926521":"@outputs('Get_response_details')?['body/r20413993e8274d4b87530e68e3559f69']","dynamicFileSchema/-808783019":"@outputs('Get_response_details')?['body/r1ae07ee308e8441faa613fd8411f6062']"},"authentication":"@parameters('$authentication')"}},"Create_file":{"runAfter":{"Populate_a_Microsoft_Word_template":["Succeeded"]},"metadata":{"operationMetadataId":"e803449b-fbad-44fe-b5e2-19afecc1f1a2"},"type":"OpenApiConnection","inputs":{"host":{"apiId":"/providers/Microsoft.PowerApps/apis/shared_onedriveforbusiness","connectionName":"shared_onedriveforbusiness","operationId":"CreateFile"},"parameters":{"folderPath":"/","name":"ADT -@{outputs('Get_response_details')?['body/r645b9f036b6541f1acbc14dc32afef01']}-@{outputs('Get_response_details')?['body/r67eaf6231b64450dbf9825e5e600f426']} - Pre-Sales Request Form.docx","body":"@body('Populate_a_Microsoft_Word_template')"},"authentication":"@parameters('$authentication')"},"runtimeConfiguration":{"contentTransfer":{"transferMode":"Chunked"}}},"Convert_file":{"runAfter":{"Create_file":["Succeeded"]},"metadata":{"operationMetadataId":"405011ea-cc2d-4303-928c-6ebea0c57aee"},"type":"OpenApiConnection","inputs":{"host":{"apiId":"/providers/Microsoft.PowerApps/apis/shared_onedriveforbusiness","connectionName":"shared_onedriveforbusiness","operationId":"ConvertFile"},"parameters":{"id":"@outputs('Create_file')?['body/Id']","type":"PDF"},"authentication":"@parameters('$authentication')"}},"Create_file_3":{"runAfter":{"Convert_file":["Succeeded"]},"metadata":{"operationMetadataId":"7d1f398f-f0f6-4d9e-ae99-743c233bfa8a"},"type":"OpenApiConnection","inputs":{"host":{"apiId":"/providers/Microsoft.PowerApps/apis/shared_sharepointonline","connectionName":"shared_sharepointonline","operationId":"CreateFile"},"parameters":{"dataset":"https://assureddt.sharepoint.com/sites/Testing","folderPath":"@outputs('Create_new_folder_3')?['body/{FullPath}']","name":"ADT -@{outputs('Get_response_details')?['body/r645b9f036b6541f1acbc14dc32afef01']}-@{outputs('Get_response_details')?['body/r67eaf6231b64450dbf9825e5e600f426']} - Pre-Sales Request Form.pdf","body":"@body('Convert_file')"},"authentication":"@parameters('$authentication')"},"runtimeConfiguration":{"contentTransfer":{"transferMode":"Chunked"}}},"Get_file_properties_2":{"runAfter":{"Create_file_3":["Succeeded"]},"metadata":{"operationMetadataId":"a068cd10-7c29-45b4-b463-743830aa9666"},"type":"OpenApiConnection","inputs":{"host":{"apiId":"/providers/Microsoft.PowerApps/apis/shared_sharepointonline","connectionName":"shared_sharepointonline","operationId":"GetFileItem"},"parameters":{"dataset":"https://assureddt.sharepoint.com/sites/Testing","table":"35f24cee-a727-4ae5-b7fc-718bf41ec6fb","id":"@outputs('Create_file_3')?['body/ItemId']"},"authentication":"@parameters('$authentication')"}},"Update_Opportunity_Stage_-_Pre-Sales_Enagement":{"runAfter":{"Delete_file":["Succeeded"]},"metadata":{"operationMetadataId":"4e2407fd-3ae6-45d2-aad1-f33d202d280c"},"type":"Http","inputs":{"method":"PATCH","uri":"https://webservices16.autotask.net/ATServicesRest/V1.0/Opportunities/","headers":{"ApiIntegrationCode":"@variables('ApiIntegrationCode')","UserName":"@variables('UserName')","Secret":"@variables('Secret')"},"body":{"id":"@outputs('Get_response_details')?['body/r645b9f036b6541f1acbc14dc32afef01']","stage":"@variables('PreSalesEngagementStage')"}}},"Send_an_email_(V2)":{"runAfter":{"Update_Opportunity_Stage_-_Pre-Sales_Enagement":["Succeeded"]},"metadata":{"operationMetadataId":"27243261-02e3-412c-9b9c-a5703f4d0f88"},"type":"OpenApiConnection","inputs":{"host":{"apiId":"/providers/Microsoft.PowerApps/apis/shared_office365","connectionName":"shared_office365","operationId":"SendEmailV2"},"parameters":{"emailMessage/To":"Alex.Withers@assureddigitaltech.com","emailMessage/Subject":"Pre Sales Request - @{outputs('Get_response_details')?['body/r05c555605ff04c0cb3ae074501402ce0']}","emailMessage/Body":"<p>@{outputs('Get_response_details')?['body/r44a4b9e7da7549c68429606805cbda6b']} has requested&nbsp;a new Pre Sales Request.<br>\n<br>\nSee Pre Sales Request Form: @{outputs('Get_file_properties_2')?['body/{Link}']}</p>","emailMessage/From":"no.reply@assureddigitaltech.com","emailMessage/Importance":"Normal"},"authentication":"@parameters('$authentication')"}},"Delete_file":{"runAfter":{"Get_file_properties_2":["Succeeded"]},"metadata":{"operationMetadataId":"2e1d3300-1194-4505-b815-9512ce06f733"},"type":"OpenApiConnection","inputs":{"host":{"apiId":"/providers/Microsoft.PowerApps/apis/shared_onedriveforbusiness","connectionName":"shared_onedriveforbusiness","operationId":"DeleteFile"},"parameters":{"id":"@outputs('Create_file')?['body/Id']"},"authentication":"@parameters('$authentication')"}},"Create_a_task_2":{"runAfter":{"Send_an_email_(V2)":["Succeeded"]},"metadata":{"operationMetadataId":"cf61ac67-0028-4c0d-81d6-563286f00222"},"type":"OpenApiConnection","inputs":{"host":{"apiId":"/providers/Microsoft.PowerApps/apis/shared_planner","connectionName":"shared_planner","operationId":"CreateTask_V4"},"parameters":{"body/groupId":"4a300605-56fe-4026-ac3a-218a4bbc4c0a","body/planId":"we58PjVuNUec7ocA1YcLXJgAEFrL","body/title":"@{outputs('Get_response_details')?['body/r05c555605ff04c0cb3ae074501402ce0']} - @{outputs('Get_response_details')?['body/r67eaf6231b64450dbf9825e5e600f426']}","body/bucketId":"-wsoe_ECwkyQo23UuEBhnpgAE2gd"},"authentication":"@parameters('$authentication')"}},"Update_task_details_2":{"runAfter":{"Create_a_task_2":["Succeeded"]},"metadata":{"operationMetadataId":"f1bbf4a5-c560-4186-bdd0-4be2b291acb9"},"type":"OpenApiConnection","inputs":{"host":{"apiId":"/providers/Microsoft.PowerApps/apis/shared_planner","connectionName":"shared_planner","operationId":"UpdateTaskDetails_V2"},"parameters":{"id":"@outputs('Create_a_task_2')?['body/id']","body/description":"@outputs('Get_response_details')?['body/r20413993e8274d4b87530e68e3559f69']"},"authentication":"@parameters('$authentication')"}}}},"expression":{"equals":["@variables('IsFolderExists')",true]},"metadata":{"operationMetadataId":"0c070c4e-125b-44bf-ab2f-7cf58392ef84"},"type":"If"},"Initialize_variable_varSPClientsCreateFolderPermission":{"runAfter":{"TopLevelClientProjectFolderName":["Succeeded"]},"metadata":{"operationMetadataId":"2529f54e-6401-45b7-be91-4ab9de7a6748"},"type":"InitializeVariable","inputs":{"variables":[{"name":"varSPClientsCreateFolderPermission","type":"integer"}]}},"Initialize_variable_-_SPADTAllRead":{"runAfter":{"Initialize_variable_varSPClientsCreateFolderPermission":["Succeeded"]},"metadata":{"operationMetadataId":"6c60dcb0-6403-43d9-baf4-c666fde3c4fc"},"type":"InitializeVariable","inputs":{"variables":[{"name":"varSPADTAllRead","type":"integer"}]}},"Initialize_SubFolders_Variable":{"runAfter":{"Initialize_variable_-_SPADTAllRead":["Succeeded"]},"metadata":{"operationMetadataId":"f09f5bc4-1d71-4704-a5d8-ce5f2e28a6e1"},"type":"InitializeVariable","inputs":{"variables":[{"name":"SubFolderArray","type":"array","value":[{"SubFolder":"Customer Contracts"},{"SubFolder":"Supplier Contracts"},{"SubFolder":"Sales"},{"SubFolder":"Documentation"},{"SubFolder":"Projects & Statement of Works"},{"SubFolder":"Service Account Management"},{"SubFolder":"IT Strategies"},{"SubFolder":"Sales/Proposals & Tenders"},{"SubFolder":"Sales/Quotes"},{"SubFolder":"Sales/Invoices"},{"SubFolder":"Documentation/Photos"},{"SubFolder":"Service Account Management/Review Meetings"},{"SubFolder":"Service Account Management/Review Meetings/Archive"},{"SubFolder":"Sales/Quotes/2023"},{"SubFolder":"Sales/Invoices/2023"}]}]}}}},"connectionReferences":{"shared_microsoftforms":{"connectionName":"shared-microsoftform-19eec5e3-e2f6-4e68-9976-9e648659f199","source":"Embedded","id":"/providers/Microsoft.PowerApps/apis/shared_microsoftforms","tier":"NotSpecified"},"shared_sharepointonline":{"connectionName":"shared-sharepointonl-eceac7d4-dffb-4774-a969-6deeb960fa0d","source":"Embedded","id":"/providers/Microsoft.PowerApps/apis/shared_sharepointonline","tier":"NotSpecified"},"shared_wordonlinebusiness":{"connectionName":"shared-wordonlinebus-647bf5cf-4bfa-4030-a6bd-a744244f0e75","source":"Embedded","id":"/providers/Microsoft.PowerApps/apis/shared_wordonlinebusiness","tier":"NotSpecified"},"shared_onedriveforbusiness":{"connectionName":"shared-onedriveforbu-87beb4f7-d507-4dd3-b9a4-1a261aacaf9e","source":"Embedded","id":"/providers/Microsoft.PowerApps/apis/shared_onedriveforbusiness","tier":"NotSpecified"},"shared_office365":{"connectionName":"shared-office365-76285799-5653-47ae-a89e-a73f309d6b6d","source":"Embedded","id":"/providers/Microsoft.PowerApps/apis/shared_office365","tier":"NotSpecified"},"shared_planner":{"connectionName":"shared-planner-f0877b1b-80d9-43fb-9168-6bd40d182627","source":"Embedded","id":"/providers/Microsoft.PowerApps/apis/shared_planner","tier":"NotSpecified"},"shared_sharepointonline_1":{"connectionName":"shared-sharepointonl-eceac7d4-dffb-4774-a969-6deeb960fa0d","source":"Embedded","id":"/providers/Microsoft.PowerApps/apis/shared_sharepointonline","tier":"NotSpecified"},"shared_teams":{"connectionName":"shared-teams-b8f35eb8-b633-493b-acc6-d72e563558d6","source":"Embedded","id":"/providers/Microsoft.PowerApps/apis/shared_teams","tier":"NotSpecified"}},"flowFailureAlertSubscribed":false,"isManaged":false}}