{"name":"38f61464-f9d0-4515-b01c-4388acf3ff95","id":"/providers/Microsoft.Flow/flows/38f61464-f9d0-4515-b01c-4388acf3ff95","type":"Microsoft.Flow/flows","properties":{"apiId":"/providers/Microsoft.PowerApps/apis/shared_logicflows","displayName":"Request Contract Creation","definition":{"metadata":{"workflowEntityId":null,"processAdvisorMetadata":null,"flowclientsuspensionreason":"None","flowclientsuspensiontime":null,"flowclientsuspensionreasondetails":null,"creator":{"id":"d80946cf-9971-4e62-a505-94a91fdf95b2","type":"User","tenantId":"eebf42f0-fb5a-460f-a80a-1b6593988a6e"},"provisioningMethod":"FromDefinition","failureAlertSubscription":true,"clientLastModifiedTime":"2023-03-17T10:19:02.8541167Z"},"$schema":"https://schema.management.azure.com/providers/Microsoft.Logic/schemas/2016-06-01/workflowdefinition.json#","contentVersion":"1.0.0.0","parameters":{"$connections":{"defaultValue":{},"type":"Object"},"$authentication":{"defaultValue":{},"type":"SecureObject"}},"triggers":{"manual":{"metadata":{"operationMetadataId":"692bca9c-fda8-4cdc-b17a-4903a5b02907"},"type":"Request","kind":"Button","inputs":{"schema":{"type":"object","properties":{"email":{"title":"Document Owner","type":"string","format":"email","x-ms-dynamically-added":true,"description":"Please enter document owner","x-ms-content-hint":"EMAIL"},"email_1":{"title":"Document Reviewer","type":"string","format":"email","x-ms-dynamically-added":true,"description":"Please enter document reviewer","x-ms-content-hint":"EMAIL"},"email_2":{"title":"Document Approver","type":"string","format":"email","x-ms-dynamically-added":true,"description":"Please enter an e-mail address","x-ms-content-hint":"EMAIL"},"text":{"title":"Customer Name","type":"string","x-ms-dynamically-added":true,"description":"Please enter the customer name","x-ms-content-hint":"TEXT"}},"required":["email","email_1","email_2","text"]}}}},"actions":{"Get_item_-_ADT_Core_Document_Types":{"runAfter":{"Get_user_profile_-_Document_Approver":["Succeeded"]},"metadata":{"operationMetadataId":"d0f1ca41-b78b-4313-bfc4-9fd055c50b9d"},"type":"OpenApiConnection","inputs":{"host":{"apiId":"/providers/Microsoft.PowerApps/apis/shared_sharepointonline","connectionName":"shared_sharepointonline","operationId":"GetItem"},"parameters":{"dataset":"https://assureddt.sharepoint.com/sites/Clients","table":"b4ea5ce3-38d8-46b2-a13f-469f169c48bb","id":3},"authentication":"@parameters('$authentication')"}},"Initialize_variable":{"runAfter":{"Get_item_-_ADT_Core_Document_Types":["Succeeded"]},"metadata":{"operationMetadataId":"94c1d173-2fd7-4ea3-87e2-ca50b0ad44b1"},"type":"InitializeVariable","inputs":{"variables":[{"name":"CounterIncrement","type":"float","value":"@outputs('Get_item_-_ADT_Core_Document_Types')?['body/LastNumber']"}]}},"Increment_variable":{"runAfter":{"Initialize_variable":["Succeeded"]},"metadata":{"operationMetadataId":"0f8758ec-49c7-4292-a549-b3f16c3a943a"},"type":"IncrementVariable","inputs":{"name":"CounterIncrement","value":1}},"Update_item_-_Core_Document_Types":{"runAfter":{"Create_item":["Succeeded"]},"metadata":{"operationMetadataId":"f8ce9619-1b83-45a5-851e-4fd0b4507542"},"type":"OpenApiConnection","inputs":{"host":{"apiId":"/providers/Microsoft.PowerApps/apis/shared_sharepointonline","connectionName":"shared_sharepointonline","operationId":"PatchItem"},"parameters":{"dataset":"https://assureddt.sharepoint.com/sites/Clients","table":"b4ea5ce3-38d8-46b2-a13f-469f169c48bb","id":3,"item/Title":"@outputs('Get_item_-_ADT_Core_Document_Types')?['body/Title']","item/Counter":"@outputs('Get_item_-_ADT_Core_Document_Types')?['body/Counter']","item/LastNumber":"@variables('CounterIncrement')","item/Format":"@outputs('Get_item_-_ADT_Core_Document_Types')?['body/Format']"},"authentication":"@parameters('$authentication')"}},"Create_new_folder":{"runAfter":{"ServicesOrderForm":["Succeeded"]},"metadata":{"operationMetadataId":"e95e8574-a8da-4961-b0d8-91e65fe2777c"},"type":"OpenApiConnection","inputs":{"host":{"apiId":"/providers/Microsoft.PowerApps/apis/shared_sharepointonline","connectionName":"shared_sharepointonline","operationId":"CreateNewFolder"},"parameters":{"dataset":"https://assureddt.sharepoint.com/sites/Clients","table":"272e06a2-ebab-419b-b585-78c7b1e9f318","parameters/path":"/@{triggerBody()['text']}/Customer Contracts/@{outputs('Get_item_-_ADT_Core_Document_Types')?['body/NextRef']}"},"authentication":"@parameters('$authentication')"}},"Populate_a_Microsoft_Word_template_-_Master_Service_Agreement":{"runAfter":{"Create_new_folder":["Succeeded"]},"metadata":{"operationMetadataId":"0b7e0883-4ad6-47c5-92ad-a2d848558951","0132MKOWOIQ5BVK3RC2ZDLJ7VEPU2RSPU2":"/Templates/TESTING ADT Master Service Agreement - V1.0 TEMPLATE.docx"},"type":"OpenApiConnection","inputs":{"host":{"apiId":"/providers/Microsoft.PowerApps/apis/shared_wordonlinebusiness","connectionName":"shared_wordonlinebusiness","operationId":"CreateFileItem"},"parameters":{"source":"sites/assureddt.sharepoint.com,0e6762da-30a7-4b2a-aada-37eab1e16305,50b4359d-4c92-4182-bcdb-6d29736116bf","drive":"b!2mJnDqcwKkuq2jfqseFjBZ01tFCSTIJBvNttKXNhFr9L3J4Rrq7rT40iiQiH1siV","file":"ADT-TPT-073 Master Service Agreement.docx","dynamicFileSchema/511423314":"@{outputs('Get_item_-_ADT_Core_Document_Types')?['body/NextRef']} - Master Service Agreement - @{triggerBody()['text']}","dynamicFileSchema/586358178":"@variables('MasterServiceAgreement')","dynamicFileSchema/1262649192":"@outputs('Get_item_-_ADT_Core_Document_Types')?['body/NextRef']","dynamicFileSchema/1412884534":"@{outputs('Get_item_-_ADT_Core_Document_Types')?['body/NextRef']} - Master Service Agreement - @{triggerBody()['text']} .docx","dynamicFileSchema/2004543460":"@variables('MasterServiceAgreement')","dynamicFileSchema/-117072064":"@{outputs('Get_item_-_ADT_Core_Document_Types')?['body/NextRef']} - Master Service Agreement -@{triggerBody()['text']} .docx","dynamicFileSchema/-523787386":"@outputs('Get_user_profile_-_Document_Owner')?['body/displayName']","dynamicFileSchema/-2144261841":"@outputs('Get_user_profile_-_Document_Reviewer')?['body/displayName']","dynamicFileSchema/-1371447125":"@outputs('Get_user_profile_-_Document_Approver')?['body/displayName']"},"authentication":"@parameters('$authentication')"}},"Create_file_-_Master_Service_Agreement":{"runAfter":{"Populate_a_Microsoft_Word_template_-_Master_Service_Agreement":["Succeeded"]},"metadata":{"operationMetadataId":"76886abe-e2e9-4d9b-b102-2d5af145ce58"},"type":"OpenApiConnection","inputs":{"host":{"apiId":"/providers/Microsoft.PowerApps/apis/shared_sharepointonline","connectionName":"shared_sharepointonline","operationId":"CreateFile"},"parameters":{"dataset":"https://assureddt.sharepoint.com/sites/Clients","folderPath":"/Shared Documents//Customer Contracts/@{outputs('Get_item_-_ADT_Core_Document_Types')?['body/NextRef']}","name":"@{outputs('Get_item_-_ADT_Core_Document_Types')?['body/NextRef']} - Master Service Agreement -@{triggerBody()['text']}.docx","body":"@outputs('Populate_a_Microsoft_Word_template_-_Master_Service_Agreement')?['body']"},"authentication":"@parameters('$authentication')"},"runtimeConfiguration":{"contentTransfer":{"transferMode":"Chunked"}}},"Populate_a_Microsoft_Word_template-_Services_Order_Form":{"runAfter":{"Apply_to_each":["Succeeded"]},"metadata":{"0132MKOWO6DPMLALGW4JC2AHEQHMRLSJQO":"/Templates/TESTING ADT Services Order Form - V1.0 TEMPLATE.docx","operationMetadataId":"55132e0e-38d9-443e-8cf8-24eae2d53d86","0132MKOWKFFXVRNKFL5RDKMTN4HMRZZXZY":"/Templates/TESTING ADT Services Order Form - V1.0 TEMPLATE.docx"},"type":"OpenApiConnection","inputs":{"host":{"apiId":"/providers/Microsoft.PowerApps/apis/shared_wordonlinebusiness","connectionName":"shared_wordonlinebusiness","operationId":"CreateFileItem"},"parameters":{"source":"groups/c1ac5400-351d-4d57-9c31-79835ef415c5","drive":"b!2mJnDqcwKkuq2jfqseFjBZ01tFCSTIJBvNttKXNhFr9L3J4Rrq7rT40iiQiH1siV","file":"ADT-TPT-075 Services Order.docx","dynamicFileSchema/586358178":"@variables('ServicesOrderForm')","dynamicFileSchema/1159035341":"@{outputs('Get_item_-_ADT_Core_Document_Types')?['body/NextRef']} - Services Order Form -@{triggerBody()['text']}","dynamicFileSchema/1262649192":"@outputs('Get_item_-_ADT_Core_Document_Types')?['body/NextRef']","dynamicFileSchema/1395238488":"@outputs('Get_user_profile_-_Document_Approver')?['body/displayName']","dynamicFileSchema/1412884534":"@{outputs('Get_item_-_ADT_Core_Document_Types')?['body/NextRef']} - Services Order Form -@{triggerBody()['text']}","dynamicFileSchema/1547573024":"@outputs('Get_user_profile_-_Document_Reviewer')?['body/displayName']","dynamicFileSchema/2004543460":"@variables('ServicesOrderForm')","dynamicFileSchema/-117072064":"@{outputs('Get_item_-_ADT_Core_Document_Types')?['body/NextRef']} - Services Order Form -@{triggerBody()['text']}.docx","dynamicFileSchema/-1364667118":"@outputs('Get_user_profile_-_Document_Owner')?['body/displayName']"},"authentication":"@parameters('$authentication')"}},"Create_file_-_Services_Order_Form":{"runAfter":{"Populate_a_Microsoft_Word_template-_Services_Order_Form":["Succeeded"]},"metadata":{"operationMetadataId":"a9642c01-835c-4c3b-9711-cf06dc35786d"},"type":"OpenApiConnection","inputs":{"host":{"apiId":"/providers/Microsoft.PowerApps/apis/shared_sharepointonline","connectionName":"shared_sharepointonline","operationId":"CreateFile"},"parameters":{"dataset":"https://assureddt.sharepoint.com/sites/Clients","folderPath":"/Shared Documents//Customer Contracts/@{outputs('Get_item_-_ADT_Core_Document_Types')?['body/NextRef']}","name":"@{outputs('Get_item_-_ADT_Core_Document_Types')?['body/NextRef']} - Services Order Form -@{triggerBody()['text']}.docx","body":"@body('Populate_a_Microsoft_Word_template-_Services_Order_Form')"},"authentication":"@parameters('$authentication')"},"runtimeConfiguration":{"contentTransfer":{"transferMode":"Chunked"}}},"Apply_to_each":{"foreach":"@outputs('Create_new_folder')?['body/Document_x0020_Reviewer_x0028_s_x0029_']","actions":{"Update_file_properties_-_Master_Service_Agreement":{"runAfter":{},"metadata":{"operationMetadataId":"a6f4c7d2-05c6-468a-80e6-14fa64cbb7d3"},"type":"OpenApiConnection","inputs":{"host":{"apiId":"/providers/Microsoft.PowerApps/apis/shared_sharepointonline","connectionName":"shared_sharepointonline","operationId":"PatchFileItem"},"parameters":{"dataset":"https://assureddt.sharepoint.com/sites/Clients","table":"272e06a2-ebab-419b-b585-78c7b1e9f318","id":"@outputs('Create_file_-_Master_Service_Agreement')?['body/ItemId']","item/Title":"@{outputs('Get_item_-_ADT_Core_Document_Types')?['body/NextRef']} - Master Service Agreement -@{triggerBody()['text']}.docx","item/Document_x0020_Owner/Claims":"@triggerBody()['email']","item/Document_x0020_Approver/Claims":"@triggerBody()['email_2']","item/Approval_x0020_Status/Value":"Draft","item/Document_x0020_Reference":"@outputs('Get_item_-_ADT_Core_Document_Types')?['body/NextRef']","item/Document_x0020_Approver1/Claims":"@triggerBody()['email_2']","item/Document_x0020_Owner1/Claims":"@triggerBody()['email']","item/Document_x0020_Reviewer_x0028_s_x0029_1":[{"Claims":"@triggerBody()['email_1']"}],"item/Document_x0020_Reference1":"@outputs('Get_item_-_ADT_Core_Document_Types')?['body/NextRef']","item/Approval_x0020_Status1/Value":"Draft","item/{ContentType}/Id":"0x0101008F0220DF1792F846A9181DB65C888BEA02002550771A33B6AA44B5568689405DB879"},"authentication":"@parameters('$authentication')"}}},"runAfter":{"Create_file_-_Master_Service_Agreement":["Succeeded"]},"metadata":{"operationMetadataId":"79fcd77d-1da4-4c52-b15f-9f5e3e05f1d0"},"type":"Foreach"},"Apply_to_each_2":{"foreach":"@outputs('Create_new_folder')?['body/Document_x0020_Reviewer_x0028_s_x0029_']","actions":{"Update_file_properties_-_Services_Order_Form":{"runAfter":{},"metadata":{"operationMetadataId":"381526d1-3598-4420-9ed2-0c854108dfa5"},"type":"OpenApiConnection","inputs":{"host":{"apiId":"/providers/Microsoft.PowerApps/apis/shared_sharepointonline","connectionName":"shared_sharepointonline","operationId":"PatchFileItem"},"parameters":{"dataset":"https://assureddt.sharepoint.com/sites/Clients","table":"272e06a2-ebab-419b-b585-78c7b1e9f318","id":"@outputs('Create_file_-_Services_Order_Form')?['body/ItemId']","item/Title":"@{outputs('Get_item_-_ADT_Core_Document_Types')?['body/NextRef']} - Services Order Form -@{triggerBody()['text']}.docx","item/Document_x0020_Reviewer_x0028_s_x0029_":[{"Claims":"@items('Apply_to_each_2')?['Claims']"}],"item/Document_x0020_Owner/Claims":"@outputs('Create_new_folder')?['body/Document_x0020_Owner/Claims']","item/Document_x0020_Approver/Claims":"@outputs('Create_new_folder')?['body/Document_x0020_Approver/Claims']","item/Approval_x0020_Status/Value":"Draft","item/Document_x0020_Reference":"@outputs('Get_item_-_ADT_Core_Document_Types')?['body/NextRef']","item/Document_x0020_Approver1/Claims":"@triggerBody()['email_2']","item/Document_x0020_Owner1/Claims":"@triggerBody()['email']","item/Document_x0020_Reviewer_x0028_s_x0029_1":[{"Claims":"@triggerBody()['email_1']"}],"item/Document_x0020_Reference1":"@outputs('Get_item_-_ADT_Core_Document_Types')?['body/NextRef']","item/Approval_x0020_Status1/Value":"Draft","item/{ContentType}/Id":"0x0101008F0220DF1792F846A9181DB65C888BEA02002550771A33B6AA44B5568689405DB879"},"authentication":"@parameters('$authentication')"}}},"runAfter":{"Create_file_-_Services_Order_Form":["Succeeded"]},"metadata":{"operationMetadataId":"46b07f3c-b11e-4d5c-8066-84b5f0c91359"},"type":"Foreach"},"MasterServiceAgreement":{"runAfter":{"Increment_variable":["Succeeded"]},"metadata":{"operationMetadataId":"3ced2735-31a8-4fac-8676-58babe154063"},"type":"InitializeVariable","inputs":{"variables":[{"name":"MasterServiceAgreement","type":"string","value":"Master Service Agreement"}]}},"ServicesOrderForm":{"runAfter":{"MasterServiceAgreement":["Succeeded"]},"metadata":{"operationMetadataId":"1b3be073-6f74-4cf4-9f9a-a6530a18f6a2"},"type":"InitializeVariable","inputs":{"variables":[{"name":"ServicesOrderForm","type":"string","value":"Services Order Form"}]}},"Get_user_profile_-_Document_Owner":{"runAfter":{},"metadata":{"operationMetadataId":"545e8fd8-90a6-4fe8-981f-cc3314422147"},"type":"OpenApiConnection","inputs":{"host":{"apiId":"/providers/Microsoft.PowerApps/apis/shared_office365users","connectionName":"shared_office365users","operationId":"UserProfile_V2"},"parameters":{"id":"@triggerBody()['email']"},"authentication":{"value":"@json(decodeBase64(triggerOutputs().headers['X-MS-APIM-Tokens']))['$ConnectionKey']","type":"Raw"}}},"Get_user_profile_-_Document_Reviewer":{"runAfter":{"Get_user_profile_-_Document_Owner":["Succeeded"]},"metadata":{"operationMetadataId":"22d54c40-3e60-4c1e-b224-43789f747d72"},"type":"OpenApiConnection","inputs":{"host":{"apiId":"/providers/Microsoft.PowerApps/apis/shared_office365users","connectionName":"shared_office365users","operationId":"UserProfile_V2"},"parameters":{"id":"@triggerBody()['email_1']"},"authentication":{"value":"@json(decodeBase64(triggerOutputs().headers['X-MS-APIM-Tokens']))['$ConnectionKey']","type":"Raw"}}},"Get_user_profile_-_Document_Approver":{"runAfter":{"Get_user_profile_-_Document_Reviewer":["Succeeded"]},"metadata":{"operationMetadataId":"95944829-eb20-4b82-a187-ce39f5600fb7"},"type":"OpenApiConnection","inputs":{"host":{"apiId":"/providers/Microsoft.PowerApps/apis/shared_office365users","connectionName":"shared_office365users","operationId":"UserProfile_V2"},"parameters":{"id":"@triggerBody()['email_2']"},"authentication":{"value":"@json(decodeBase64(triggerOutputs().headers['X-MS-APIM-Tokens']))['$ConnectionKey']","type":"Raw"}}},"Create_item":{"runAfter":{"Apply_to_each_2":["Succeeded"]},"metadata":{"operationMetadataId":"543030b6-badc-43c3-82bf-3e33575dc67c"},"type":"OpenApiConnection","inputs":{"host":{"apiId":"/providers/Microsoft.PowerApps/apis/shared_sharepointonline","connectionName":"shared_sharepointonline","operationId":"PostItem"},"parameters":{"dataset":"https://assureddt.sharepoint.com/sites/Clients","table":"364b111d-ec84-4a03-a637-9971b82aa360","item/Title":"@outputs('Get_item_-_ADT_Core_Document_Types')?['body/NextRef']","item/CustomerName":"@triggerBody()['text']","item/LinktoContractFolder":"@outputs('Create_new_folder')?['body/{FullPath}']","item/ContractActiveY_x002f_N/Value":"Draft"},"authentication":"@parameters('$authentication')"}}}},"connectionReferences":{"shared_sharepointonline":{"connectionName":"shared-sharepointonl-eceac7d4-dffb-4774-a969-6deeb960fa0d","source":"Embedded","id":"/providers/Microsoft.PowerApps/apis/shared_sharepointonline","tier":"NotSpecified"},"shared_wordonlinebusiness":{"connectionName":"shared-wordonlinebus-647bf5cf-4bfa-4030-a6bd-a744244f0e75","source":"Embedded","id":"/providers/Microsoft.PowerApps/apis/shared_wordonlinebusiness","tier":"NotSpecified"},"shared_office365users":{"connectionName":"shared-office365user-904e8658-d0e0-42ab-a01e-c34734e5e60f","source":"Invoker","id":"/providers/Microsoft.PowerApps/apis/shared_office365users","tier":"NotSpecified"}},"flowFailureAlertSubscribed":false,"isManaged":false}}