{"name":"6f668fe2-06f6-4a78-99e3-33fcc527d97b","id":"/providers/Microsoft.Flow/flows/6f668fe2-06f6-4a78-99e3-33fcc527d97b","type":"Microsoft.Flow/flows","properties":{"apiId":"/providers/Microsoft.PowerApps/apis/shared_logicflows","displayName":"HR - Sending New Starters Key Policy Documents to Read & Confirm","definition":{"metadata":{"workflowEntityId":null,"processAdvisorMetadata":null,"flowChargedByPaygo":null,"flowclientsuspensionreason":"None","flowclientsuspensiontime":null,"flowclientsuspensionreasondetails":null,"creator":{"id":"15563203-5c19-42b6-bb6e-bae52ebc4c29","type":"User","tenantId":"6827a2de-92bb-421b-9f69-90ae9935ec0b"},"provisioningMethod":"FromDefinition","failureAlertSubscription":true,"clientLastModifiedTime":"2023-07-27T20:13:17.2442647Z"},"$schema":"https://schema.management.azure.com/providers/Microsoft.Logic/schemas/2016-06-01/workflowdefinition.json#","contentVersion":"1.0.0.0","parameters":{"$connections":{"defaultValue":{},"type":"Object"},"$authentication":{"defaultValue":{},"type":"SecureObject"}},"triggers":{"When_an_item_is_created_or_modified":{"recurrence":{"frequency":"Minute","interval":3},"splitOn":"@triggerOutputs()?['body/value']","metadata":{"operationMetadataId":"cbfa52af-2c13-43b8-83a0-edcd97aeda99"},"type":"OpenApiConnection","inputs":{"host":{"apiId":"/providers/Microsoft.PowerApps/apis/shared_sharepointonline","connectionName":"shared_sharepointonline","operationId":"GetOnUpdatedItems"},"parameters":{"dataset":"https://mcadamlloyd.sharepoint.com/sites/HR","table":"c38b426d-71b1-47e5-b046-9f86a0968828"},"authentication":"@parameters('$authentication')"}}},"actions":{"Condition":{"actions":{"Condition_2":{"actions":{"Post_adaptive_card_and_wait_for_a_response":{"runAfter":{},"metadata":{"operationMetadataId":"d737b0eb-c6cb-430f-9a22-60d2db2c073a"},"type":"OpenApiConnectionWebhook","inputs":{"host":{"apiId":"/providers/Microsoft.PowerApps/apis/shared_teams","connectionName":"shared_teams","operationId":"PostCardAndWaitForResponse"},"parameters":{"poster":"Flow bot","location":"Chat with Flow bot","body/body/messageBody":"{\n    \"$schema\": \"http://adaptivecards.io/schemas/adaptive-card.json\",\n    \"type\": \"AdaptiveCard\",\n    \"version\": \"1.4\",\n    \"body\": [\n        {\n            \"type\": \"Image\",\n            \"url\": \"https://www.precisiondippings.co.uk/wp-content/themes/wp/images/logos/prediplogo.png\",\n            \"size\": \"Medium\",\n            \"horizontalAlignment\": \"Center\"\n        },\n        {\n            \"type\": \"TextBlock\",\n            \"text\": \"Action: Read Important Documents\",\n            \"size\": \"Large\",\n            \"weight\": \"Bolder\",\n            \"wrap\": true,\n            \"horizontalAlignment\": \"Center\"\n        },\n        {\n            \"type\": \"ColumnSet\",\n            \"columns\": [\n                {\n                    \"type\": \"Column\",\n                    \"width\": \"stretch\",\n                    \"items\": [\n                        {\n                            \"type\": \"TextBlock\",\n                            \"text\": \"Welcome to Precision Dippings, we require you to read the following important documents, click on the buttons below to view the documents:\",\n                            \"wrap\": true,\n                            \"horizontalAlignment\": \"Center\"\n                        },\n                        {\n                            \"type\": \"ColumnSet\",\n                            \"columns\": [\n                                {\n                                    \"type\": \"Column\",\n                                    \"width\": \"auto\",\n                                    \"items\": [\n                                        {\n                                            \"type\": \"ActionSet\",\n                                            \"actions\": [\n                                                {\n                                                    \"type\": \"Action.OpenUrl\",\n                                                    \"title\": \"Health & Safety Policy\",\n                                                    \"url\": \"https://mcadamlloyd.sharepoint.com/sites/ComplianceandQuality/PDM%20Compliance%20Documents/PDM-POL-004%20Health%20and%20Safety%20Policy.docx?web=1\"\n                                                }\n                                            ]\n                                        }\n                                    ]\n                                },\n                                {\n                                    \"type\": \"Column\",\n                                    \"width\": \"auto\",\n                                    \"items\": [\n                                        {\n                                            \"type\": \"ActionSet\",\n                                            \"actions\": [\n                                                {\n                                                    \"type\": \"Action.OpenUrl\",\n                                                    \"title\": \"Quality Policy\",\n                                                    \"url\": \"https://mcadamlloyd.sharepoint.com/sites/ComplianceandQuality/PDM%20Compliance%20Documents/PDM-POL-003%20Quality%20Policy%20Statement.docx?web=1\"\n                                                }\n                                            ]\n                                        }\n                                    ]\n                                },\n                                {\n                                    \"type\": \"Column\",\n                                    \"width\": \"auto\",\n                                    \"items\": [\n                                        {\n                                            \"type\": \"ActionSet\",\n                                            \"actions\": [\n                                                {\n                                                    \"type\": \"Action.OpenUrl\",\n                                                    \"title\": \"General Risk Assessment\",\n                                                    \"url\": \"https://mcadamlloyd.sharepoint.com/:w:/r/sites/ComplianceandQuality/_layouts/15/Doc.aspx?sourcedoc=%7BE2797CC6-3DCA-555B-8B55-7CB3394D6CF9%7D&file=General%20Workplace%20Risk%20Assessment%202023.doc&action=default&mobileredirect=true\"\n                                                }\n                                            ]\n                                        }\n                                    ]\n                                },\n                                {\n                                    \"type\": \"Column\",\n                                    \"width\": \"auto\",\n                                    \"items\": [\n                                        {\n                                            \"type\": \"ActionSet\",\n                                            \"actions\": [\n                                                {\n                                                    \"type\": \"Action.OpenUrl\",\n                                                    \"title\": \"Fire Risk Assessment\",\n                                                    \"url\": \"https://mcadamlloyd.sharepoint.com/:w:/r/sites/ComplianceandQuality/_layouts/15/Doc.aspx?sourcedoc=%7B29B65E36-E081-5842-A8BF-8EEF8DAC6657%7D&file=Fire%20Risk%20Assessment.doc&action=default&mobileredirect=true\"\n                                                }\n                                            ]\n                                        }\n                                    ]\n                                }\n                            ],\n                            \"horizontalAlignment\": \"Center\"\n                        }\n                    ]\n                }\n            ]\n        },\n        {\n            \"type\": \"TextBlock\",\n            \"text\": \"When you have read the document, please select the \\\"Read Confirmation\\\" button.\",\n            \"wrap\": true,\n            \"horizontalAlignment\": \"Center\"\n        },\n        {\n            \"type\": \"ActionSet\",\n            \"horizontalAlignment\": \"Center\",\n            \"actions\": [\n                {\n                    \"type\": \"Action.Submit\",\n                    \"title\": \"Read Confirmation\",\n                    \"data\": {\n                        \"policyTitle\": \"Your Policy Title\",\n                        \"userName\": \"User's Name\",\n                        \"confirmationStatus\": \"Confirmed\"\n                    }\n                }\n            ]\n        }\n    ]\n}","body/body/updateMessage":"Thank you for confirming","body/body/recipient/to":"@{triggerOutputs()?['body/Linktonewcompanyemailaddress/Email']};"},"authentication":"@parameters('$authentication')"}},"Get_file_metadata_-_Training_Record":{"runAfter":{"Post_adaptive_card_and_wait_for_a_response":["Succeeded"]},"metadata":{"%252fPDM%2bCompliance%2bDocuments%252fPDM-TPT-005%2bTraining%2bRecord.xlsx":"/PDM Compliance Documents/PDM-TPT-005 Training Record.xlsx","operationMetadataId":"be3f3a37-476b-4b5a-bad7-3bfe2f24a5c3"},"type":"OpenApiConnection","inputs":{"host":{"apiId":"/providers/Microsoft.PowerApps/apis/shared_sharepointonline","connectionName":"shared_sharepointonline","operationId":"GetFileMetadata"},"parameters":{"dataset":"https://mcadamlloyd.sharepoint.com/sites/ComplianceandQuality","id":"%252fPDM%2bCompliance%2bDocuments%252fPDM-TPT-005%2bTraining%2bRecord.xlsx"},"authentication":"@parameters('$authentication')"}},"Get_file_content_-_Training_Record":{"runAfter":{"Get_file_metadata_-_Training_Record":["Succeeded"]},"metadata":{"operationMetadataId":"b4917447-167e-44f9-a715-5981b3231a1c"},"type":"OpenApiConnection","inputs":{"host":{"apiId":"/providers/Microsoft.PowerApps/apis/shared_sharepointonline","connectionName":"shared_sharepointonline","operationId":"GetFileContent"},"parameters":{"dataset":"https://mcadamlloyd.sharepoint.com/sites/ComplianceandQuality","id":"@outputs('Get_file_metadata_-_Training_Record')?['body/Id']","inferContentType":true},"authentication":"@parameters('$authentication')"}},"Create_file_-_Training_Record":{"runAfter":{"Get_file_content_-_Training_Record":["Succeeded"]},"metadata":{"operationMetadataId":"b3c67710-cea0-4000-9ac3-e036e0f4418a"},"type":"OpenApiConnection","inputs":{"host":{"apiId":"/providers/Microsoft.PowerApps/apis/shared_sharepointonline","connectionName":"shared_sharepointonline","operationId":"CreateFile"},"parameters":{"dataset":"https://mcadamlloyd.sharepoint.com/sites/HR","folderPath":"Shared Documents/Employee Files/PDM Employees/@{triggerOutputs()?['body/Title']}/Training","name":"Training Record - @{triggerOutputs()?['body/Title']}.xlsx","body":"@body('Get_file_content_-_Training_Record')"},"authentication":"@parameters('$authentication')"},"runtimeConfiguration":{"contentTransfer":{"transferMode":"Chunked"}}},"Add_a_row_into_a_table_-_Health_and_Safety_Policy":{"runAfter":{"Convert_time_zone":["Succeeded"]},"metadata":{"operationMetadataId":"22b09dcd-a16d-49b9-9f5f-5ea78f5bdde1","tableId":"DocumentReadConfirmation"},"type":"OpenApiConnection","inputs":{"host":{"apiId":"/providers/Microsoft.PowerApps/apis/shared_excelonlinebusiness","connectionName":"shared_excelonlinebusiness","operationId":"AddRowV2"},"parameters":{"source":"sites/mcadamlloyd.sharepoint.com,77d88297-590b-49d9-9e59-9e05e5bae19f,881c1b0a-4a2d-49f3-ad5c-e459f936077c","drive":"b!l4LYdwtZ2UmeWZ4F5brhnwobHIgtSvNJrVzkWfk2B3xMdSitXetQRJwraFLmmzJj","file":"/Employee Files/PDM Employees/@{triggerOutputs()?['body/Title']}/Training/Training Record - @{triggerOutputs()?['body/Title']}.xlsx","table":"DocumentReadConfirmation","item":{"Document Name":"Health & Safety Policy","Employee Read Confirmation Date":"@{body('Convert_time_zone')}"}},"authentication":"@parameters('$authentication')"}},"Add_a_row_into_a_table_-_Quality_Policy":{"runAfter":{"Add_a_row_into_a_table_-_Health_and_Safety_Policy":["Succeeded"]},"metadata":{"operationMetadataId":"356d2522-d0f8-4035-80f9-52867f43affa","tableId":"DocumentReadConfirmation"},"type":"OpenApiConnection","inputs":{"host":{"apiId":"/providers/Microsoft.PowerApps/apis/shared_excelonlinebusiness","connectionName":"shared_excelonlinebusiness","operationId":"AddRowV2"},"parameters":{"source":"sites/mcadamlloyd.sharepoint.com,77d88297-590b-49d9-9e59-9e05e5bae19f,881c1b0a-4a2d-49f3-ad5c-e459f936077c","drive":"b!l4LYdwtZ2UmeWZ4F5brhnwobHIgtSvNJrVzkWfk2B3xMdSitXetQRJwraFLmmzJj","file":"/Employee Files/PDM Employees/@{triggerOutputs()?['body/Title']}/Training/Training Record - @{triggerOutputs()?['body/Title']}.xlsx","table":"DocumentReadConfirmation","item":{"Document Name":"Quality Policy Policy","Employee Read Confirmation Date":"@{body('Convert_time_zone')}"}},"authentication":"@parameters('$authentication')"}},"Add_a_row_into_a_table_-_General_Risk_Assessment":{"runAfter":{"Add_a_row_into_a_table_-_Quality_Policy":["Succeeded"]},"metadata":{"operationMetadataId":"8edcc659-e69b-4301-be58-450970123370","tableId":"DocumentReadConfirmation"},"type":"OpenApiConnection","inputs":{"host":{"apiId":"/providers/Microsoft.PowerApps/apis/shared_excelonlinebusiness","connectionName":"shared_excelonlinebusiness","operationId":"AddRowV2"},"parameters":{"source":"sites/mcadamlloyd.sharepoint.com,77d88297-590b-49d9-9e59-9e05e5bae19f,881c1b0a-4a2d-49f3-ad5c-e459f936077c","drive":"b!l4LYdwtZ2UmeWZ4F5brhnwobHIgtSvNJrVzkWfk2B3xMdSitXetQRJwraFLmmzJj","file":"/Employee Files/PDM Employees/@{triggerOutputs()?['body/Title']}/Training/Training Record - @{triggerOutputs()?['body/Title']}.xlsx","table":"DocumentReadConfirmation","item":{"Document Name":"General Risk Assessment","Employee Read Confirmation Date":"@{body('Convert_time_zone')}"}},"authentication":"@parameters('$authentication')"}},"Add_a_row_into_a_table_-_Fire_Risk_Assessment":{"runAfter":{"Add_a_row_into_a_table_-_General_Risk_Assessment":["Succeeded"]},"metadata":{"operationMetadataId":"10932dcf-4db9-480f-97ae-82ee8ebdd327","tableId":"DocumentReadConfirmation"},"type":"OpenApiConnection","inputs":{"host":{"apiId":"/providers/Microsoft.PowerApps/apis/shared_excelonlinebusiness","connectionName":"shared_excelonlinebusiness","operationId":"AddRowV2"},"parameters":{"source":"sites/mcadamlloyd.sharepoint.com,77d88297-590b-49d9-9e59-9e05e5bae19f,881c1b0a-4a2d-49f3-ad5c-e459f936077c","drive":"b!l4LYdwtZ2UmeWZ4F5brhnwobHIgtSvNJrVzkWfk2B3xMdSitXetQRJwraFLmmzJj","file":"/Employee Files/PDM Employees/@{triggerOutputs()?['body/Title']}/Training/Training Record - @{triggerOutputs()?['body/Title']}.xlsx","table":"DocumentReadConfirmation","item":{"Document Name":"Fire Risk Assessment","Employee Read Confirmation Date":"@{body('Convert_time_zone')}"}},"authentication":"@parameters('$authentication')"}},"Convert_time_zone":{"runAfter":{"Create_file_-_Training_Record":["Succeeded"]},"metadata":{"operationMetadataId":"be708890-36fb-4054-baf9-30d2e1d8bb62"},"type":"Expression","kind":"ConvertTimeZone","inputs":{"baseTime":"@{utcNow()}","formatString":"dd/MM/yyyy","sourceTimeZone":"UTC-11","destinationTimeZone":"GMT Standard Time"}}},"runAfter":{},"else":{"actions":{"Post_adaptive_card_and_wait_for_a_response_2":{"runAfter":{},"metadata":{"operationMetadataId":"4aa48b9a-6eb5-47f8-bd80-adf41f4b0379"},"type":"OpenApiConnectionWebhook","inputs":{"host":{"apiId":"/providers/Microsoft.PowerApps/apis/shared_teams","connectionName":"shared_teams","operationId":"PostCardAndWaitForResponse"},"parameters":{"poster":"Flow bot","location":"Chat with Flow bot","body/body/messageBody":"{\n    \"$schema\": \"http://adaptivecards.io/schemas/adaptive-card.json\",\n    \"type\": \"AdaptiveCard\",\n    \"version\": \"1.4\",\n    \"body\": [\n        {\n            \"type\": \"Image\",\n            \"url\": \"https://www.precisiondippings.co.uk/wp-content/themes/wp/images/logos/prediplogo.png\",\n            \"size\": \"Medium\",\n            \"horizontalAlignment\": \"Center\"\n        },\n        {\n            \"type\": \"TextBlock\",\n            \"text\": \"Action: Read Important Documents\",\n            \"size\": \"Large\",\n            \"weight\": \"Bolder\",\n            \"wrap\": true,\n            \"horizontalAlignment\": \"Center\"\n        },\n        {\n            \"type\": \"ColumnSet\",\n            \"columns\": [\n                {\n                    \"type\": \"Column\",\n                    \"width\": \"stretch\",\n                    \"items\": [\n                        {\n                            \"type\": \"TextBlock\",\n                            \"text\": \"Welcome to Precision Dippings, we require you to read the following important documents, click on the buttons below to view the documents:\",\n                            \"wrap\": true,\n                            \"horizontalAlignment\": \"Center\"\n                        },\n                        {\n                            \"type\": \"ColumnSet\",\n                            \"columns\": [\n                                {\n                                    \"type\": \"Column\",\n                                    \"width\": \"auto\",\n                                    \"items\": [\n                                        {\n                                            \"type\": \"ActionSet\",\n                                            \"actions\": [\n                                                {\n                                                    \"type\": \"Action.OpenUrl\",\n                                                    \"title\": \"Health & Safety Policy\",\n                                                    \"url\": \"https://mcadamlloyd.sharepoint.com/sites/ComplianceandQuality/PDM%20Compliance%20Documents/PDM-POL-004%20Health%20and%20Safety%20Policy.docx?web=1\"\n                                                }\n                                            ]\n                                        }\n                                    ]\n                                },\n                                {\n                                    \"type\": \"Column\",\n                                    \"width\": \"auto\",\n                                    \"items\": [\n                                        {\n                                            \"type\": \"ActionSet\",\n                                            \"actions\": [\n                                                {\n                                                    \"type\": \"Action.OpenUrl\",\n                                                    \"title\": \"Quality Policy\",\n                                                    \"url\": \"https://mcadamlloyd.sharepoint.com/sites/ComplianceandQuality/PDM%20Compliance%20Documents/PDM-POL-003%20Quality%20Policy%20Statement.docx?web=1\"\n                                                }\n                                            ]\n                                        }\n                                    ]\n                                },\n                                {\n                                    \"type\": \"Column\",\n                                    \"width\": \"auto\",\n                                    \"items\": [\n                                        {\n                                            \"type\": \"ActionSet\",\n                                            \"actions\": [\n                                                {\n                                                    \"type\": \"Action.OpenUrl\",\n                                                    \"title\": \"General Risk Assessment\",\n                                                    \"url\": \"https://mcadamlloyd.sharepoint.com/:w:/r/sites/ComplianceandQuality/_layouts/15/Doc.aspx?sourcedoc=%7BE2797CC6-3DCA-555B-8B55-7CB3394D6CF9%7D&file=General%20Workplace%20Risk%20Assessment%202023.doc&action=default&mobileredirect=true\"\n                                                }\n                                            ]\n                                        }\n                                    ]\n                                },\n                                {\n                                    \"type\": \"Column\",\n                                    \"width\": \"auto\",\n                                    \"items\": [\n                                        {\n                                            \"type\": \"ActionSet\",\n                                            \"actions\": [\n                                                {\n                                                    \"type\": \"Action.OpenUrl\",\n                                                    \"title\": \"Fire Risk Assessment\",\n                                                    \"url\": \"https://mcadamlloyd.sharepoint.com/:w:/r/sites/ComplianceandQuality/_layouts/15/Doc.aspx?sourcedoc=%7B29B65E36-E081-5842-A8BF-8EEF8DAC6657%7D&file=Fire%20Risk%20Assessment.doc&action=default&mobileredirect=true\"\n                                                }\n                                            ]\n                                        }\n                                    ]\n                                }\n                            ],\n                            \"horizontalAlignment\": \"Center\"\n                        }\n                    ]\n                }\n            ]\n        },\n        {\n            \"type\": \"TextBlock\",\n            \"text\": \"When you have read the document, please select the \\\"Read Confirmation\\\" button.\",\n            \"wrap\": true,\n            \"horizontalAlignment\": \"Center\"\n        },\n        {\n            \"type\": \"ActionSet\",\n            \"horizontalAlignment\": \"Center\",\n            \"actions\": [\n                {\n                    \"type\": \"Action.Submit\",\n                    \"title\": \"Read Confirmation\",\n                    \"data\": {\n                        \"policyTitle\": \"Your Policy Title\",\n                        \"userName\": \"User's Name\",\n                        \"confirmationStatus\": \"Confirmed\"\n                    }\n                }\n            ]\n        }\n    ]\n}","body/body/updateMessage":"Thanks for your confirming!","body/body/recipient/to":"@{triggerOutputs()?['body/Linktonewcompanyemailaddress/Email']}{\n    \"$schema\": \"http://adaptivecards.io/schemas/adaptive-card.json\",\n    \"type\": \"AdaptiveCard\",\n    \"version\": \"1.4\",\n    \"body\": [\n        {\n            \"type\": \"Image\",\n            \"url\": \"https://www.precisiondippings.co.uk/wp-content/themes/wp/images/logos/prediplogo.png\",\n            \"size\": \"Medium\",\n            \"horizontalAlignment\": \"Center\"\n        },\n        {\n            \"type\": \"TextBlock\",\n            \"text\": \"Action: Read Important Documents\",\n            \"size\": \"Large\",\n            \"weight\": \"Bolder\",\n            \"wrap\": true,\n            \"horizontalAlignment\": \"Center\"\n        },\n        {\n            \"type\": \"ColumnSet\",\n            \"columns\": [\n                {\n                    \"type\": \"Column\",\n                    \"width\": \"stretch\",\n                    \"items\": [\n                        {\n                            \"type\": \"TextBlock\",\n                            \"text\": \"Welcome to Precision Dippings, we require you to read the following important documents, click on the buttons below to view the documents:\",\n                            \"wrap\": true,\n                            \"horizontalAlignment\": \"Center\"\n                        },\n                        {\n                            \"type\": \"ColumnSet\",\n                            \"columns\": [\n                                {\n                                    \"type\": \"Column\",\n                                    \"width\": \"auto\",\n                                    \"items\": [\n                                        {\n                                            \"type\": \"ActionSet\",\n                                            \"actions\": [\n                                                {\n                                                    \"type\": \"Action.OpenUrl\",\n                                                    \"title\": \"Health & Safety Policy\",\n                                                    \"url\": \"https://mcadamlloyd.sharepoint.com/sites/ComplianceandQuality/PDM%20Compliance%20Documents/PDM-POL-004%20Health%20and%20Safety%20Policy.docx?web=1\"\n                                                }\n                                            ]\n                                        }\n                                    ]\n                                },\n                                {\n                                    \"type\": \"Column\",\n                                    \"width\": \"auto\",\n                                    \"items\": [\n                                        {\n                                            \"type\": \"ActionSet\",\n                                            \"actions\": [\n                                                {\n                                                    \"type\": \"Action.OpenUrl\",\n                                                    \"title\": \"Quality Policy\",\n                                                    \"url\": \"https://mcadamlloyd.sharepoint.com/sites/ComplianceandQuality/PDM%20Compliance%20Documents/PDM-POL-003%20Quality%20Policy%20Statement.docx?web=1\"\n                                                }\n                                            ]\n                                        }\n                                    ]\n                                },\n                                {\n                                    \"type\": \"Column\",\n                                    \"width\": \"auto\",\n                                    \"items\": [\n                                        {\n                                            \"type\": \"ActionSet\",\n                                            \"actions\": [\n                                                {\n                                                    \"type\": \"Action.OpenUrl\",\n                                                    \"title\": \"General Risk Assessment\",\n                                                    \"url\": \"https://mcadamlloyd.sharepoint.com/:w:/r/sites/ComplianceandQuality/_layouts/15/Doc.aspx?sourcedoc=%7BE2797CC6-3DCA-555B-8B55-7CB3394D6CF9%7D&file=General%20Workplace%20Risk%20Assessment%202023.doc&action=default&mobileredirect=true\"\n                                                }\n                                            ]\n                                        }\n                                    ]\n                                },\n                                {\n                                    \"type\": \"Column\",\n                                    \"width\": \"auto\",\n                                    \"items\": [\n                                        {\n                                            \"type\": \"ActionSet\",\n                                            \"actions\": [\n                                                {\n                                                    \"type\": \"Action.OpenUrl\",\n                                                    \"title\": \"Fire Risk Assessment\",\n                                                    \"url\": \"https://mcadamlloyd.sharepoint.com/:w:/r/sites/ComplianceandQuality/_layouts/15/Doc.aspx?sourcedoc=%7B29B65E36-E081-5842-A8BF-8EEF8DAC6657%7D&file=Fire%20Risk%20Assessment.doc&action=default&mobileredirect=true\"\n                                                }\n                                            ]\n                                        }\n                                    ]\n                                }\n                            ],\n                            \"horizontalAlignment\": \"Center\"\n                        }\n                    ]\n                }\n            ]\n        },\n        {\n            \"type\": \"TextBlock\",\n            \"text\": \"When you have read the document, please select the \\\"Read Confirmation\\\" button.\",\n            \"wrap\": true,\n            \"horizontalAlignment\": \"Center\"\n        },\n        {\n            \"type\": \"ActionSet\",\n            \"horizontalAlignment\": \"Center\",\n            \"actions\": [\n                {\n                    \"type\": \"Action.Submit\",\n                    \"title\": \"Read Confirmation\",\n                    \"data\": {\n                        \"policyTitle\": \"Your Policy Title\",\n                        \"userName\": \"User's Name\",\n                        \"confirmationStatus\": \"Confirmed\"\n                    }\n                }\n            ]\n        }\n    ]\n};"},"authentication":"@parameters('$authentication')"}},"Get_file_metadata_-_Peak_Training_Record":{"runAfter":{"Post_adaptive_card_and_wait_for_a_response_2":["Succeeded"]},"metadata":{"operationMetadataId":"5b4f9928-bb49-4ed7-a70f-2634fbb250b6"},"type":"OpenApiConnection","inputs":{"host":{"apiId":"/providers/Microsoft.PowerApps/apis/shared_sharepointonline","connectionName":"shared_sharepointonline","operationId":"GetFileMetadata"},"parameters":{"dataset":"https://mcadamlloyd.sharepoint.com/sites/ComplianceandQuality","id":"/PDM Compliance Documents/PDM-TPT-005 Training Record.xlsx"},"authentication":"@parameters('$authentication')"}},"Get_file_content_-_Peak_Training_Record":{"runAfter":{"Get_file_metadata_-_Peak_Training_Record":["Succeeded"]},"metadata":{"operationMetadataId":"e0bb20be-dec2-4fb9-8c9e-4585b415681a"},"type":"OpenApiConnection","inputs":{"host":{"apiId":"/providers/Microsoft.PowerApps/apis/shared_sharepointonline","connectionName":"shared_sharepointonline","operationId":"GetFileContent"},"parameters":{"dataset":"https://mcadamlloyd.sharepoint.com/sites/ComplianceandQuality","id":"@outputs('Get_file_metadata_-_Peak_Training_Record')?['body/Id']","inferContentType":true},"authentication":"@parameters('$authentication')"}},"Create_file_-_Peak_Training_Record":{"runAfter":{"Get_file_content_-_Peak_Training_Record":["Succeeded"]},"metadata":{"operationMetadataId":"4e1a26ca-98ae-4991-8423-5bea30771521"},"type":"OpenApiConnection","inputs":{"host":{"apiId":"/providers/Microsoft.PowerApps/apis/shared_sharepointonline","connectionName":"shared_sharepointonline","operationId":"CreateFile"},"parameters":{"dataset":"https://mcadamlloyd.sharepoint.com/sites/HR","folderPath":"Shared Documents/Employee Files/Peak Temporary Workers/@{triggerOutputs()?['body/Title']}/Training","name":"Training Record - @{triggerOutputs()?['body/Title']}.xlsx","body":"@body('Get_file_content_-_Peak_Training_Record')"},"authentication":"@parameters('$authentication')"},"runtimeConfiguration":{"contentTransfer":{"transferMode":"Chunked"}}},"Add_a_row_into_a_table_-_Health_and_Safety_Policy_Peak":{"runAfter":{"Convert_time_zone_2":["Succeeded"]},"metadata":{"operationMetadataId":"00d14ccb-89dd-4efa-96e5-1650ac68b285","tableId":"DocumentReadConfirmation"},"type":"OpenApiConnection","inputs":{"host":{"apiId":"/providers/Microsoft.PowerApps/apis/shared_excelonlinebusiness","connectionName":"shared_excelonlinebusiness","operationId":"AddRowV2"},"parameters":{"source":"sites/mcadamlloyd.sharepoint.com,77d88297-590b-49d9-9e59-9e05e5bae19f,881c1b0a-4a2d-49f3-ad5c-e459f936077c","drive":"b!l4LYdwtZ2UmeWZ4F5brhnwobHIgtSvNJrVzkWfk2B3xMdSitXetQRJwraFLmmzJj","file":"/Employee Files/Peak Temporary Workers/@{triggerOutputs()?['body/Title']}/Training/Training Record - @{triggerOutputs()?['body/Title']}.xlsx","table":"DocumentReadConfirmation","item":{"Document Name":"Health & Safety Policy","Employee Read Confirmation Date":"@{body('Convert_time_zone_2')}"}},"authentication":"@parameters('$authentication')"}},"Add_a_row_into_a_table_-_Quality_Policy_Peak":{"runAfter":{"Add_a_row_into_a_table_-_Health_and_Safety_Policy_Peak":["Succeeded"]},"metadata":{"operationMetadataId":"bd94a9b8-2b4a-4057-af46-96ff3603736a","tableId":"DocumentReadConfirmation"},"type":"OpenApiConnection","inputs":{"host":{"apiId":"/providers/Microsoft.PowerApps/apis/shared_excelonlinebusiness","connectionName":"shared_excelonlinebusiness","operationId":"AddRowV2"},"parameters":{"source":"sites/mcadamlloyd.sharepoint.com,77d88297-590b-49d9-9e59-9e05e5bae19f,881c1b0a-4a2d-49f3-ad5c-e459f936077c","drive":"b!l4LYdwtZ2UmeWZ4F5brhnwobHIgtSvNJrVzkWfk2B3xMdSitXetQRJwraFLmmzJj","file":"/Employee Files/Peak Temporary Workers/@{triggerOutputs()?['body/Title']}/Training/Training Record - @{triggerOutputs()?['body/Title']}.xlsx","table":"DocumentReadConfirmation","item":{"Document Name":"Quality Policy Policy","Employee Read Confirmation Date":"@{body('Convert_time_zone_2')}"}},"authentication":"@parameters('$authentication')"}},"Add_a_row_into_a_table_-_General_Risk_Assessment_Peak":{"runAfter":{"Add_a_row_into_a_table_-_Quality_Policy_Peak":["Succeeded"]},"metadata":{"operationMetadataId":"8c3c9cc0-cf0a-43db-957c-2d9aab7cec35","tableId":"DocumentReadConfirmation"},"type":"OpenApiConnection","inputs":{"host":{"apiId":"/providers/Microsoft.PowerApps/apis/shared_excelonlinebusiness","connectionName":"shared_excelonlinebusiness","operationId":"AddRowV2"},"parameters":{"source":"sites/mcadamlloyd.sharepoint.com,77d88297-590b-49d9-9e59-9e05e5bae19f,881c1b0a-4a2d-49f3-ad5c-e459f936077c","drive":"b!l4LYdwtZ2UmeWZ4F5brhnwobHIgtSvNJrVzkWfk2B3xMdSitXetQRJwraFLmmzJj","file":"/Employee Files/Peak Temporary Workers/@{triggerOutputs()?['body/Title']}/Training/Training Record - @{triggerOutputs()?['body/Title']}.xlsx","table":"DocumentReadConfirmation","item":{"Document Name":"General Risk Assessment","Employee Read Confirmation Date":"@{body('Convert_time_zone_2')}"}},"authentication":"@parameters('$authentication')"}},"Add_a_row_into_a_table_-_Fire_Risk_Assessment_Peak":{"runAfter":{"Add_a_row_into_a_table_-_General_Risk_Assessment_Peak":["Succeeded"]},"metadata":{"operationMetadataId":"2808bbfd-edf7-45ea-9dd7-12001eabb8f9","tableId":"DocumentReadConfirmation"},"type":"OpenApiConnection","inputs":{"host":{"apiId":"/providers/Microsoft.PowerApps/apis/shared_excelonlinebusiness","connectionName":"shared_excelonlinebusiness","operationId":"AddRowV2"},"parameters":{"source":"sites/mcadamlloyd.sharepoint.com,77d88297-590b-49d9-9e59-9e05e5bae19f,881c1b0a-4a2d-49f3-ad5c-e459f936077c","drive":"b!l4LYdwtZ2UmeWZ4F5brhnwobHIgtSvNJrVzkWfk2B3xMdSitXetQRJwraFLmmzJj","file":"/Employee Files/Peak Temporary Workers/@{triggerOutputs()?['body/Title']}/Training/Training Record - @{triggerOutputs()?['body/Title']}.xlsx","table":"DocumentReadConfirmation","item":{"Document Name":"Fire Risk Assessment","Employee Read Confirmation Date":"@{body('Convert_time_zone_2')}"}},"authentication":"@parameters('$authentication')"}},"Convert_time_zone_2":{"runAfter":{"Create_file_-_Peak_Training_Record":["Succeeded"]},"metadata":{"operationMetadataId":"9828063a-3ee9-4a30-a8c7-19e53d6c3208"},"type":"Expression","kind":"ConvertTimeZone","inputs":{"baseTime":"@{utcNow()}","formatString":"dd/MM/yyyy","sourceTimeZone":"UTC-11","destinationTimeZone":"GMT Standard Time"}}}},"expression":{"equals":["@triggerOutputs()?['body/OfferType/Value']","PDM"]},"metadata":{"operationMetadataId":"2099a9fd-d7c2-4e57-94c1-4fb2310d6921"},"type":"If"}},"runAfter":{},"else":{"actions":{"Terminate":{"runAfter":{},"metadata":{"operationMetadataId":"ac0545e7-6dec-4f78-bf3b-dca37a0e3e2d"},"type":"Terminate","inputs":{"runStatus":"Succeeded"}}}},"expression":{"and":[{"equals":["@triggerOutputs()?['body/Companyemailaddresssetupinfosent']",true]},{"equals":["@triggerOutputs()?['body/Status/Value']","Accepted"]}]},"metadata":{"operationMetadataId":"36bc8a03-2427-424a-9765-a72e3422ed4c"},"type":"If"}}},"connectionReferences":{"shared_teams":{"connectionName":"shared-teams-82b4823a-281d-45ae-8d45-f94d1a8d6e75","source":"Embedded","id":"/providers/Microsoft.PowerApps/apis/shared_teams","tier":"NotSpecified"},"shared_sharepointonline":{"connectionName":"6b8841c510124e29929ca4cbf098ca2e","source":"Embedded","id":"/providers/Microsoft.PowerApps/apis/shared_sharepointonline","tier":"NotSpecified"},"shared_excelonlinebusiness":{"connectionName":"shared-excelonlinebu-321f4e51-fcaf-46c7-aab7-215610df116e","source":"Embedded","id":"/providers/Microsoft.PowerApps/apis/shared_excelonlinebusiness","tier":"NotSpecified"}},"flowFailureAlertSubscribed":false,"isManaged":false}}