{"name":"d3e448f4-74ed-4d6c-980b-5a3d539f28b4","id":"/providers/Microsoft.Flow/flows/d3e448f4-74ed-4d6c-980b-5a3d539f28b4","type":"Microsoft.Flow/flows","properties":{"apiId":"/providers/Microsoft.PowerApps/apis/shared_logicflows","displayName":"Read Request & Recepit of PDM Documents","definition":{"metadata":{"workflowEntityId":null,"processAdvisorMetadata":null,"flowChargedByPaygo":null,"flowclientsuspensionreason":"None","flowclientsuspensiontime":null,"flowclientsuspensionreasondetails":null,"creator":{"id":"15563203-5c19-42b6-bb6e-bae52ebc4c29","type":"User","tenantId":"6827a2de-92bb-421b-9f69-90ae9935ec0b"},"provisioningMethod":"FromDefinition","failureAlertSubscription":true,"clientLastModifiedTime":"2023-07-22T06:26:05.7219966Z"},"$schema":"https://schema.management.azure.com/providers/Microsoft.Logic/schemas/2016-06-01/workflowdefinition.json#","contentVersion":"1.0.0.0","parameters":{"$connections":{"defaultValue":{},"type":"Object"},"$authentication":{"defaultValue":{},"type":"SecureObject"}},"triggers":{"manual":{"splitOn":"@triggerBody()['rows']","metadata":{"operationMetadataId":"541e641a-37ad-43f1-a1e6-ffa3c9bb5e7d"},"type":"Request","kind":"ApiConnection","inputs":{"schema":{"type":"object","properties":{"rows":{"type":"array","items":{"type":"object","properties":{"email":{"title":"Email","type":"string","format":"email","x-ms-dynamically-added":true,"description":"Please enter an e-mail address","x-ms-content-hint":"EMAIL"},"entity":{"type":"object","properties":{"ID":{"title":"ID","type":"integer","format":"int64"}},"required":["ID"]}},"required":["email","entity"]}}},"required":["rows"]},"host":{"connection":{"name":"@parameters('$connections')['shared_sharepointonline']['connectionId']"},"api":{"runtimeUrl":"https://flow-apim-europe-001-northeurope-01.azure-apim.net/apim/sharepointonline"}},"operationId":"ForASelectedFileHybridTrigger","parameters":{"dataset":"https://mcadamlloyd.sharepoint.com/sites/ComplianceandQuality","table":"11c31d81-a05c-4bd2-9d97-d605d028ab12"},"headersSchema":{"x-ms-user-email-encoded":{"title":"User email","type":"string","format":"byte","x-ms-dynamically-added":false}}}}},"actions":{"Get_file_properties":{"runAfter":{},"metadata":{"operationMetadataId":"2d18f088-7554-494a-b52e-7adb49255e58"},"type":"OpenApiConnection","inputs":{"host":{"apiId":"/providers/Microsoft.PowerApps/apis/shared_sharepointonline","connectionName":"shared_sharepointonline","operationId":"GetFileItem"},"parameters":{"dataset":"https://mcadamlloyd.sharepoint.com/sites/ComplianceandQuality","table":"11c31d81-a05c-4bd2-9d97-d605d028ab12","id":"@triggerBody()?['entity']?['ID']"},"authentication":{"value":"@json(decodeBase64(triggerOutputs().headers['X-MS-APIM-Tokens']))['$ConnectionKey']","type":"Raw"}}},"Get_user_profile_(V2)":{"runAfter":{"Compose_2":["Succeeded"]},"metadata":{"operationMetadataId":"fe467d48-6289-445d-8b98-70d46454cfc2"},"type":"OpenApiConnection","inputs":{"host":{"apiId":"/providers/Microsoft.PowerApps/apis/shared_office365users","connectionName":"shared_office365users","operationId":"UserProfile_V2"},"parameters":{"id":"@triggerOutputs()['headers']['x-ms-user-email-encoded']"},"authentication":{"value":"@json(decodeBase64(triggerOutputs().headers['X-MS-APIM-Tokens']))['$ConnectionKey']","type":"Raw"}}},"Apply_to_each":{"foreach":"@split(outputs('Compose_2'), ';')","actions":{"Get_user_profile_-_AssignedUser":{"runAfter":{"Post_adaptive_card_and_wait_for_a_response":["Succeeded"]},"metadata":{"operationMetadataId":"d772dd7b-90bd-4f38-8483-dc6d2e1de689"},"type":"OpenApiConnection","inputs":{"host":{"apiId":"/providers/Microsoft.PowerApps/apis/shared_office365users","connectionName":"shared_office365users","operationId":"UserProfile_V2"},"parameters":{"id":"@items('Apply_to_each')"},"authentication":{"value":"@json(decodeBase64(triggerOutputs().headers['X-MS-APIM-Tokens']))['$ConnectionKey']","type":"Raw"}}},"Create_item":{"runAfter":{"Get_user_profile_-_AssignedUser":["Succeeded"]},"metadata":{"operationMetadataId":"937b4a03-36f0-4395-9745-e83ca9c24c62"},"type":"OpenApiConnection","inputs":{"host":{"apiId":"/providers/Microsoft.PowerApps/apis/shared_sharepointonline","connectionName":"shared_sharepointonline","operationId":"PostItem"},"parameters":{"dataset":"https://mcadamlloyd.sharepoint.com/sites/ComplianceandQuality","table":"1bcbe57e-9d0f-42a5-b7d2-90dc075aa53a","item/Title":"@outputs('Get_file_properties')?['body/{Name}']","item/NameofPerson_x0023_":"@outputs('Get_user_profile_-_AssignedUser')?['body/displayName']","item/ReadConfirmationDate":"@utcNow()"},"authentication":{"value":"@json(decodeBase64(triggerOutputs().headers['X-MS-APIM-Tokens']))['$ConnectionKey']","type":"Raw"}}},"Post_adaptive_card_and_wait_for_a_response":{"runAfter":{},"metadata":{"operationMetadataId":"d737b0eb-c6cb-430f-9a22-60d2db2c073a"},"type":"OpenApiConnectionWebhook","inputs":{"host":{"apiId":"/providers/Microsoft.PowerApps/apis/shared_teams","connectionName":"shared_teams","operationId":"PostCardAndWaitForResponse"},"parameters":{"poster":"Flow bot","location":"Chat with Flow bot","body/body/messageBody":"{\n    \"$schema\": \"http://adaptivecards.io/schemas/adaptive-card.json\",\n    \"type\": \"AdaptiveCard\",\n    \"version\": \"1.4\",\n    \"body\": [\n        {\n            \"type\": \"Image\",\n            \"url\": \"https://www.precisiondippings.co.uk/wp-content/themes/wp/images/logos/prediplogo.png\",\n            \"size\": \"Medium\",\n            \"horizontalAlignment\": \"Center\"\n        },\n        {\n            \"type\": \"TextBlock\",\n            \"text\": \"Action: Read Important Document\",\n            \"size\": \"Large\",\n            \"weight\": \"Bolder\",\n            \"wrap\": true,\n            \"horizontalAlignment\": \"Center\"\n        },\n        {\n            \"type\": \"ColumnSet\",\n            \"columns\": [\n                {\n                    \"type\": \"Column\",\n                    \"width\": \"stretch\",\n                    \"items\": [\n                        {\n                            \"type\": \"TextBlock\",\n                            \"text\": \"@{outputs('Get_user_profile_(V2)')?['body/displayName']} requires you to read an important document, click on the button below to read the document:\",\n                            \"wrap\": true,\n                            \"horizontalAlignment\": \"Center\"\n                        }\n                    ]\n                }\n            ]\n        },\n        {\n            \"type\": \"ActionSet\",\n            \"actions\": [\n                {\n                    \"type\": \"Action.OpenUrl\",\n                    \"title\": \"@{outputs('Get_file_properties')?['body/{Name}']}\",\n                    \"url\": \"\",\n                    \"style\": \"positive\"\n                }\n            ],\n            \"horizontalAlignment\": \"Center\"\n        },\n        {\n            \"type\": \"TextBlock\",\n            \"text\": \"When you have read the document, please select the \\\"Read Confirmation\\\" button.\",\n            \"wrap\": true,\n            \"horizontalAlignment\": \"Center\"\n        },\n        {\n            \"type\": \"ActionSet\",\n            \"horizontalAlignment\": \"Center\",\n            \"actions\": [\n                {\n                    \"type\": \"Action.Submit\",\n                    \"title\": \"Read Confirmation\",\n                    \"data\": {\n                        \"policyTitle\": \"@{outputs('Get_file_properties')?['body/{Name}']}\",\n                        \"userName\": \"\",\n                        \"confirmationStatus\": \"Confirmed\"\n                    }\n                }\n            ]\n        }\n    ]\n}","body/body/updateMessage":"Thank you for confirming","body/body/recipient/to":"@{items('Apply_to_each')};"},"authentication":{"value":"@json(decodeBase64(triggerOutputs().headers['X-MS-APIM-Tokens']))['$ConnectionKey']","type":"Raw"}}}},"runAfter":{"Get_user_profile_(V2)":["Succeeded"]},"metadata":{"operationMetadataId":"4f4649a3-eacc-473e-874c-024e24842697"},"type":"Foreach"},"Compose_2":{"runAfter":{"Get_file_properties":["Succeeded"]},"metadata":{"operationMetadataId":"1c50517a-53f7-4eb6-8765-2bc6f71ca99c"},"type":"Compose","inputs":"@triggerBody()['email']"}}},"connectionReferences":{"shared_sharepointonline":{"connectionName":"6b8841c510124e29929ca4cbf098ca2e","source":"Invoker","id":"/providers/Microsoft.PowerApps/apis/shared_sharepointonline","tier":"NotSpecified"},"shared_office365users":{"connectionName":"shared-office365user-ee1936c8-109b-439a-8bea-e074ae10b833","source":"Invoker","id":"/providers/Microsoft.PowerApps/apis/shared_office365users","tier":"NotSpecified"},"shared_teams":{"connectionName":"shared-teams-82b4823a-281d-45ae-8d45-f94d1a8d6e75","source":"Invoker","id":"/providers/Microsoft.PowerApps/apis/shared_teams","tier":"NotSpecified"}},"flowFailureAlertSubscribed":false,"isManaged":false}}