{"name":"e5e20d86-87dd-4955-a153-582cfeb55c6b","id":"/providers/Microsoft.Flow/flows/e5e20d86-87dd-4955-a153-582cfeb55c6b","type":"Microsoft.Flow/flows","properties":{"apiId":"/providers/Microsoft.PowerApps/apis/shared_logicflows","displayName":"Suppliers - Create Folder & Channel & Supplier Questionnaire","definition":{"metadata":{"workflowEntityId":null,"processAdvisorMetadata":null,"flowChargedByPaygo":null,"flowclientsuspensionreason":"None","flowclientsuspensiontime":null,"flowclientsuspensionreasondetails":null,"creator":{"id":"d80946cf-9971-4e62-a505-94a91fdf95b2","type":"User","tenantId":"eebf42f0-fb5a-460f-a80a-1b6593988a6e"},"provisioningMethod":"FromDefinition","failureAlertSubscription":true,"clientLastModifiedTime":"2023-05-01T14:10:44.1700809Z"},"$schema":"https://schema.management.azure.com/providers/Microsoft.Logic/schemas/2016-06-01/workflowdefinition.json#","contentVersion":"1.0.0.0","parameters":{"$connections":{"defaultValue":{},"type":"Object"},"$authentication":{"defaultValue":{},"type":"SecureObject"}},"triggers":{"When_an_item_is_created":{"recurrence":{"frequency":"Minute","interval":1},"splitOn":"@triggerOutputs()?['body/value']","metadata":{"operationMetadataId":"1aed9ab1-3bb2-415d-b16f-e45d6078c445"},"type":"OpenApiConnection","inputs":{"host":{"apiId":"/providers/Microsoft.PowerApps/apis/shared_sharepointonline","connectionName":"shared_sharepointonline","operationId":"GetOnNewItems"},"parameters":{"dataset":"https://assureddt.sharepoint.com/sites/Suppliers/","table":"991f06b2-ea7a-4ef8-a1d0-5d0279271065"},"authentication":"@parameters('$authentication')"}}},"actions":{"Create_new_folder":{"runAfter":{},"metadata":{"operationMetadataId":"63099f6e-a081-488d-92ee-3a10e43364e8"},"type":"OpenApiConnection","inputs":{"host":{"apiId":"/providers/Microsoft.PowerApps/apis/shared_sharepointonline","connectionName":"shared_sharepointonline","operationId":"CreateNewFolder"},"parameters":{"dataset":"https://assureddt.sharepoint.com/sites/Suppliers/","table":"75860981-3e02-4dab-b92a-33f8a2a9833c","parameters/path":"@triggerOutputs()?['body/Title']"},"authentication":"@parameters('$authentication')"}},"Create_a_channel":{"runAfter":{"Create_new_folder":["Succeeded"]},"metadata":{"operationMetadataId":"f1ae28ea-a51a-4219-bbb3-11f3901c5bb8"},"type":"OpenApiConnection","inputs":{"host":{"apiId":"/providers/Microsoft.PowerApps/apis/shared_teams","connectionName":"shared_teams","operationId":"CreateChannel"},"parameters":{"groupId":"70e23575-cff1-4ac1-abbd-a46d83b9b685","body/displayName":"@outputs('Create_new_folder')?['body/Title']"},"authentication":"@parameters('$authentication')"}},"Get_file_metadata":{"runAfter":{"Create_a_channel":["Succeeded"]},"metadata":{"%252fADT%2bCompliance%2bDocuments%252fADT-TPT-095%2bADT%2bSupplier%2bQuestionnaire.xlsx":"/ADT Compliance Documents/ADT-TPT-095 ADT Supplier Questionnaire.xlsx","operationMetadataId":"237fb4bd-559f-408f-8662-34e398084a34"},"type":"OpenApiConnection","inputs":{"host":{"apiId":"/providers/Microsoft.PowerApps/apis/shared_sharepointonline","connectionName":"shared_sharepointonline","operationId":"GetFileMetadata"},"parameters":{"dataset":"https://assureddt.sharepoint.com/sites/ISCompliance","id":"%252fADT%2bCompliance%2bDocuments%252fADT-TPT-095%2bADT%2bSupplier%2bQuestionnaire.xlsx"},"authentication":"@parameters('$authentication')"}},"Get_file_content":{"runAfter":{"Get_file_metadata":["Succeeded"]},"metadata":{"operationMetadataId":"92903c6d-9d69-42ea-ac79-c78145584bf9"},"type":"OpenApiConnection","inputs":{"host":{"apiId":"/providers/Microsoft.PowerApps/apis/shared_sharepointonline","connectionName":"shared_sharepointonline","operationId":"GetFileContent"},"parameters":{"dataset":"https://assureddt.sharepoint.com/sites/ISCompliance","id":"@outputs('Get_file_metadata')?['body/Id']","inferContentType":true},"authentication":"@parameters('$authentication')"}},"Create_file":{"runAfter":{"Get_file_content":["Succeeded"]},"metadata":{"operationMetadataId":"78d9ea84-62c5-4384-9bb2-438a6e555012"},"type":"OpenApiConnection","inputs":{"host":{"apiId":"/providers/Microsoft.PowerApps/apis/shared_sharepointonline","connectionName":"shared_sharepointonline","operationId":"CreateFile"},"parameters":{"dataset":"https://assureddt.sharepoint.com/sites/Suppliers/","folderPath":"@outputs('Create_new_folder')?['body/{FullPath}']","name":"@{outputs('Create_new_folder')?['body/Title']} - ADT Supplier Questionnaire.xlsx","body":"@body('Get_file_content')"},"authentication":"@parameters('$authentication')"},"runtimeConfiguration":{"contentTransfer":{"transferMode":"Chunked"}}},"Post_message_in_a_chat_or_channel":{"runAfter":{"Get_file_properties":["Succeeded"]},"metadata":{"operationMetadataId":"f14836ba-6f61-4cfd-bf35-5bfc4577475c"},"type":"OpenApiConnection","inputs":{"host":{"apiId":"/providers/Microsoft.PowerApps/apis/shared_teams","connectionName":"shared_teams","operationId":"PostMessageToConversation"},"parameters":{"poster":"Flow bot","location":"Chat with Flow bot","body/recipient":"@{triggerOutputs()?['body/Author/Email']};","body/messageBody":"<p>Hi,<br>\n<br>\nYou have just added a new supplier to the approved supplier list.<br>\n<br>\nPlease make sure the supplier completes the ADT Supplier Questionnaire otherwise no payment will be made.<br>\n<br>\nPlease see link to view the questionnaire which has been created for this supplier: &nbsp;@{outputs('Get_file_properties')?['body/{Link}']}<br>\n<br>\nOnce completed, submit the supplier for approval.<br>\n<br>\nThank you</p>","body/isAlert":true},"authentication":"@parameters('$authentication')"}},"Get_file_properties":{"runAfter":{"Create_file":["Succeeded"]},"metadata":{"operationMetadataId":"ecb6042b-3576-4d13-91d6-32d0b190fb5a"},"type":"OpenApiConnection","inputs":{"host":{"apiId":"/providers/Microsoft.PowerApps/apis/shared_sharepointonline","connectionName":"shared_sharepointonline","operationId":"GetFileItem"},"parameters":{"dataset":"https://assureddt.sharepoint.com/sites/Suppliers/","table":"75860981-3e02-4dab-b92a-33f8a2a9833c","id":"@outputs('Create_file')?['body/ItemId']"},"authentication":"@parameters('$authentication')"}}}},"connectionReferences":{"shared_sharepointonline":{"connectionName":"shared-sharepointonl-eceac7d4-dffb-4774-a969-6deeb960fa0d","source":"Embedded","id":"/providers/Microsoft.PowerApps/apis/shared_sharepointonline","tier":"NotSpecified"},"shared_teams":{"connectionName":"shared-teams-b8f35eb8-b633-493b-acc6-d72e563558d6","source":"Embedded","id":"/providers/Microsoft.PowerApps/apis/shared_teams","tier":"NotSpecified"}},"flowFailureAlertSubscribed":false,"isManaged":false}}