{"name":"d9e2a55c-4ab4-478a-8d15-54d875491afa","id":"/providers/Microsoft.Flow/flows/d9e2a55c-4ab4-478a-8d15-54d875491afa","type":"Microsoft.Flow/flows","properties":{"apiId":"/providers/Microsoft.PowerApps/apis/shared_logicflows","displayName":"When a Customer changes from Lead to Customer Autotask","definition":{"metadata":{"workflowEntityId":null,"processAdvisorMetadata":null,"flowclientsuspensionreason":"None","flowclientsuspensiontime":null,"flowclientsuspensionreasondetails":null,"creator":{"id":"d80946cf-9971-4e62-a505-94a91fdf95b2","type":"User","tenantId":"eebf42f0-fb5a-460f-a80a-1b6593988a6e"},"provisioningMethod":"FromDefinition","failureAlertSubscription":true,"clientLastModifiedTime":"2023-02-24T15:34:29.2320172Z"},"$schema":"https://schema.management.azure.com/providers/Microsoft.Logic/schemas/2016-06-01/workflowdefinition.json#","contentVersion":"1.0.0.0","parameters":{"$connections":{"defaultValue":{},"type":"Object"},"$authentication":{"defaultValue":{},"type":"SecureObject"}},"triggers":{"manual":{"metadata":{"operationMetadataId":"438ea13e-4368-4076-9111-a06459873476"},"type":"Request","kind":"Http","inputs":{},"conditions":[]}},"actions":{"Parse_JSON":{"runAfter":{},"metadata":{"operationMetadataId":"db312f74-e291-4b8e-a7ad-167e323c95a2"},"type":"ParseJson","inputs":{"content":"@triggerBody()","schema":{"type":"object","properties":{"item":{"type":"object","properties":{"id":{"type":"integer"},"additionalAddressInformation":{"type":"string"},"address1":{},"address2":{},"alternatePhone1":{"type":"string"},"alternatePhone2":{"type":"string"},"apiVendorID":{},"assetValue":{},"billToCompanyLocationID":{},"billToAdditionalAddressInformation":{"type":"string"},"billingAddress1":{"type":"string"},"billingAddress2":{"type":"string"},"billToAddressToUse":{"type":"integer"},"billToAttention":{"type":"string"},"billToCity":{"type":"string"},"billToCountryID":{"type":"integer"},"billToState":{"type":"string"},"billToZipCode":{"type":"string"},"city":{"type":"string"},"classification":{"type":"integer"},"companyCategoryID":{"type":"integer"},"companyName":{"type":"string"},"companyNumber":{"type":"string"},"companyType":{"type":"integer"},"competitorID":{},"countryID":{"type":"integer"},"createDate":{"type":"string"},"createdByResourceID":{"type":"integer"},"currencyID":{"type":"integer"},"fax":{"type":"string"},"impersonatorCreatorResourceID":{},"invoiceEmailMessageID":{"type":"integer"},"invoiceMethod":{},"invoiceNonContractItemsToParentCompany":{},"invoiceTemplateID":{"type":"integer"},"isActive":{"type":"boolean"},"isClientPortalActive":{"type":"boolean"},"isEnabledForComanaged":{"type":"boolean"},"isTaskFireActive":{"type":"boolean"},"isTaxExempt":{"type":"boolean"},"lastActivityDate":{"type":"string"},"lastTrackedModifiedDateTime":{"type":"string"},"marketSegmentID":{},"ownerResourceID":{"type":"integer"},"parentCompanyID":{},"phone":{"type":"string"},"postalCode":{"type":"string"},"purchaseOrderTemplateID":{},"quoteEmailMessageID":{"type":"integer"},"quoteTemplateID":{"type":"integer"},"sicCode":{"type":"string"},"state":{"type":"string"},"stockMarket":{"type":"string"},"stockSymbol":{"type":"string"},"surveyCompanyRating":{},"taxID":{"type":"string"},"taxRegionID":{"type":"integer"},"territoryID":{"type":"integer"},"webAddress":{},"userDefinedFields":{"type":"array","items":{"type":"object","properties":{"name":{"type":"string"},"value":{"type":"string"}},"required":["name","value"]}}}}}}}},"Condition":{"actions":{"Get_Autotask_Customer":{"runAfter":{},"metadata":{"operationMetadataId":"69beb12e-8c0f-40c0-a861-24b079ce986c"},"type":"Http","inputs":{"method":"GET","uri":"https://webservices16.autotask.net/ATServicesRest/V1.0/Companies/@{variables('AutotaskCompanyID')}","headers":{"ApiIntegrationCode":"@variables('ApiIntegrationCode')","UserName":"@variables('UserName')","Secret":"@variables('Secret')"}}},"Parse_JSON_2":{"runAfter":{"Get_Autotask_Customer":["Succeeded"]},"metadata":{"operationMetadataId":"c236acae-0edc-4c22-b287-413e600b5b55"},"type":"ParseJson","inputs":{"content":"@body('Get_Autotask_Customer')","schema":{"type":"object","properties":{"item":{"type":"object","properties":{"id":{"type":"integer"},"additionalAddressInformation":{"type":"string"},"address1":{},"address2":{},"alternatePhone1":{"type":"string"},"alternatePhone2":{"type":"string"},"apiVendorID":{},"assetValue":{},"billToCompanyLocationID":{},"billToAdditionalAddressInformation":{"type":"string"},"billingAddress1":{"type":"string"},"billingAddress2":{"type":"string"},"billToAddressToUse":{"type":"integer"},"billToAttention":{"type":"string"},"billToCity":{"type":"string"},"billToCountryID":{"type":"integer"},"billToState":{"type":"string"},"billToZipCode":{"type":"string"},"city":{"type":"string"},"classification":{"type":"integer"},"companyCategoryID":{"type":"integer"},"companyName":{"type":"string"},"companyNumber":{"type":"string"},"companyType":{"type":"integer"},"competitorID":{},"countryID":{"type":"integer"},"createDate":{"type":"string"},"createdByResourceID":{"type":"integer"},"currencyID":{"type":"integer"},"fax":{"type":"string"},"impersonatorCreatorResourceID":{},"invoiceEmailMessageID":{"type":"integer"},"invoiceMethod":{},"invoiceNonContractItemsToParentCompany":{},"invoiceTemplateID":{"type":"integer"},"isActive":{"type":"boolean"},"isClientPortalActive":{"type":"boolean"},"isEnabledForComanaged":{"type":"boolean"},"isTaskFireActive":{"type":"boolean"},"isTaxExempt":{"type":"boolean"},"lastActivityDate":{"type":"string"},"lastTrackedModifiedDateTime":{"type":"string"},"marketSegmentID":{},"ownerResourceID":{"type":"integer"},"parentCompanyID":{},"phone":{"type":"string"},"postalCode":{"type":"string"},"purchaseOrderTemplateID":{},"quoteEmailMessageID":{"type":"integer"},"quoteTemplateID":{"type":"integer"},"sicCode":{"type":"string"},"state":{"type":"string"},"stockMarket":{"type":"string"},"stockSymbol":{"type":"string"},"surveyCompanyRating":{},"taxID":{"type":"string"},"taxRegionID":{"type":"integer"},"territoryID":{"type":"integer"},"webAddress":{}}}}}}},"Create_security_group":{"runAfter":{"Parse_JSON_2":["Succeeded"]},"metadata":{"operationMetadataId":"1fef545e-e443-4b77-8141-ae1150756c6c"},"type":"OpenApiConnection","inputs":{"host":{"apiId":"/providers/Microsoft.PowerApps/apis/shared_azuread","connectionName":"shared_azuread","operationId":"CreateSecurityGroup"},"parameters":{"body/displayName":"SP - Customer Hub - @{body('Parse_JSON_2')?['item']?['companyName']}","body/description":"Created by Power Automate - Security Group for Access to Customer Hub for @{body('Parse_JSON_2')?['item']?['companyName']}","body/mailNickname":"@variables('AutotaskCompanyID')","body/securityEnabled":true,"body/mailEnabled":false},"authentication":"@parameters('$authentication')"}},"Add_user_to_group":{"runAfter":{"Create_security_group":["Succeeded"]},"metadata":{"operationMetadataId":"13d5faf5-a1bd-450c-a19d-09ab5395656a"},"type":"OpenApiConnection","inputs":{"host":{"apiId":"/providers/Microsoft.PowerApps/apis/shared_azuread","connectionName":"shared_azuread","operationId":"AddUserToGroup"},"parameters":{"id":"220aebab-1244-4b68-a8f6-77f3a0f8932a","body/@odata.id":"@outputs('Create_security_group')?['body/id']"},"authentication":"@parameters('$authentication')"}}},"runAfter":{"Compose":["Succeeded"]},"else":{"actions":{"Terminate":{"runAfter":{},"metadata":{"operationMetadataId":"88da3a57-e917-420c-8be4-9eb14fefa884"},"type":"Terminate","inputs":{"runStatus":"Cancelled"}}}},"expression":{"startsWith":["@outputs('Compose')","yes"]},"metadata":{"operationMetadataId":"14828562-b8ed-4fff-85c2-fb08537ed53c"},"type":"If"},"AutotaskCompanyID":{"runAfter":{"companyTypeID":["Succeeded"]},"metadata":{"operationMetadataId":"72eaf372-5ae7-4e02-8821-bf15a50be581"},"type":"InitializeVariable","inputs":{"variables":[{"name":"AutotaskCompanyID","type":"string","value":"@{triggerBody()?['id']}"}]}},"ApiIntegrationCode":{"runAfter":{"AutotaskCompanyID":["Succeeded"]},"metadata":{"operationMetadataId":"de4eacee-8813-4f89-ba31-db7e9ad5531f"},"type":"InitializeVariable","inputs":{"variables":[{"name":"ApiIntegrationCode","type":"string","value":"DJRSAGFMC35RJWRBU2BIY6EEDMW"}]}},"UserName":{"runAfter":{"ApiIntegrationCode":["Succeeded"]},"metadata":{"operationMetadataId":"c8f6f989-12a9-41e2-8741-ce369db27e90"},"type":"InitializeVariable","inputs":{"variables":[{"name":"UserName","type":"string","value":"datto_powerautomate_api@assureddigitaltech.com"}]}},"Secret":{"runAfter":{"UserName":["Succeeded"]},"metadata":{"operationMetadataId":"f6b2ab12-8ef4-44ef-825d-ea0115530ce6"},"type":"InitializeVariable","inputs":{"variables":[{"name":"Secret","type":"string","value":"J#x2$g3NX5*t~d0GoA@8B$1jm"}]}},"companyTypeID":{"runAfter":{"Parse_JSON":["Succeeded"]},"metadata":{"operationMetadataId":"efd32a65-1e82-431b-8f81-a3301e3c3bcc"},"type":"InitializeVariable","inputs":{"variables":[{"name":"companyTypeID","type":"string","value":"@{triggerBody()?['Fields']?['CompanyType']}"}]}},"Compose":{"runAfter":{"Secret":["Succeeded"]},"metadata":{"operationMetadataId":"e55feb23-75e7-4f3d-90c5-6a734f8e4892"},"type":"Compose","inputs":"@if(equals(triggerOutputs()?['body/Fields/CompanyType'], '1'), 'Yes', 'No')\r\n"}},"outputs":{}},"connectionReferences":{"shared_azuread":{"connectionName":"shared-azuread-72e2f75b-e82f-4fd3-b5ce-37f2-ab7eef74","source":"Embedded","id":"/providers/Microsoft.PowerApps/apis/shared_azuread","tier":"NotSpecified"}},"flowFailureAlertSubscribed":false,"isManaged":false}}