{
  "properties": {
    "connectionReferences": {
      "shared_sharepointonline": {
        "runtimeSource": "embedded",
        "connection": {
          "connectionReferenceLogicalName": "aw_sharedsharepointonline_4083a"
        },
        "api": {
          "name": "shared_sharepointonline"
        }
      }
    },
    "definition": {
      "$schema": "https://schema.management.azure.com/providers/Microsoft.Logic/schemas/2016-06-01/workflowdefinition.json#",
      "contentVersion": "1.0.0.0",
      "parameters": {
        "$connections": {
          "defaultValue": {},
          "type": "Object"
        },
        "$authentication": {
          "defaultValue": {},
          "type": "SecureObject"
        }
      },
      "triggers": {
        "When_an_item_is_created": {
          "recurrence": {
            "frequency": "Minute",
            "interval": 1
          },
          "splitOn": "@triggerOutputs()?['body/value']",
          "metadata": {
            "operationMetadataId": "7f53c555-811c-4653-9a52-bc2908e8cdcd"
          },
          "type": "OpenApiConnection",
          "inputs": {
            "host": {
              "apiId": "/providers/Microsoft.PowerApps/apis/shared_sharepointonline",
              "connectionName": "shared_sharepointonline",
              "operationId": "GetOnNewItems"
            },
            "parameters": {
              "dataset": "https://shinesportscoaching.sharepoint.com/sites/OfficeSupport",
              "table": "59a843ca-0adc-4b86-b39b-a1ec1c4a2db9"
            },
            "authentication": "@parameters('$authentication')"
          }
        }
      },
      "actions": {
        "Update_item": {
          "runAfter": {
            "Initialize_variable": [
              "Succeeded"
            ]
          },
          "metadata": {
            "operationMetadataId": "45304606-1621-4a37-a571-802f5f59cd9e"
          },
          "type": "OpenApiConnection",
          "inputs": {
            "host": {
              "apiId": "/providers/Microsoft.PowerApps/apis/shared_sharepointonline",
              "connectionName": "shared_sharepointonline",
              "operationId": "PatchItem"
            },
            "parameters": {
              "dataset": "https://shinesportscoaching.sharepoint.com/sites/OfficeSupport",
              "table": "59a843ca-0adc-4b86-b39b-a1ec1c4a2db9",
              "id": "@triggerOutputs()?['body/ID']",
              "item/Title": "@{variables('MonthName')} - @{triggerOutputs()?['body/Employee/DisplayName']}"
            },
            "authentication": "@parameters('$authentication')"
          }
        },
        "Initialize_variable": {
          "runAfter": {},
          "metadata": {
            "operationMetadataId": "fca7271a-ef67-42e4-9535-11a5c442f640"
          },
          "type": "InitializeVariable",
          "inputs": {
            "variables": [
              {
                "name": "MonthName",
                "type": "string",
                "value": "@{utcNow('MMMM')}"
              }
            ]
          }
        }
      }
    },
    "templateName": null
  },
  "schemaVersion": "1.0.0.0"
}