{
  "properties": {
    "connectionReferences": {
      "shared_sharepointonline": {
        "runtimeSource": "embedded",
        "connection": {
          "connectionReferenceLogicalName": "aw_sharedsharepointonline_4083a"
        },
        "api": {
          "name": "shared_sharepointonline"
        }
      },
      "shared_sharepointonline-2": {
        "runtimeSource": "embedded",
        "connection": {
          "connectionReferenceLogicalName": "aw_sharedsharepointonline_3c66d"
        },
        "api": {
          "name": "shared_sharepointonline"
        }
      }
    },
    "definition": {
      "$schema": "https://schema.management.azure.com/providers/Microsoft.Logic/schemas/2016-06-01/workflowdefinition.json#",
      "contentVersion": "1.0.0.0",
      "parameters": {
        "$authentication": {
          "defaultValue": {},
          "type": "SecureObject"
        },
        "$connections": {
          "defaultValue": {},
          "type": "Object"
        }
      },
      "triggers": {
        "When_an_item_is_created": {
          "recurrence": {
            "frequency": "Minute",
            "interval": 1
          },
          "splitOn": "@triggerOutputs()?['body/value']",
          "metadata": {
            "operationMetadataId": "cef30965-b4fe-480d-a264-a72392dcb4c4"
          },
          "type": "OpenApiConnection",
          "inputs": {
            "parameters": {
              "dataset": "https://shinesportscoaching.sharepoint.com/sites/OfficeSupport",
              "table": "a53d9d58-edd6-4857-aa07-6c571084e567"
            },
            "host": {
              "apiId": "/providers/Microsoft.PowerApps/apis/shared_sharepointonline",
              "operationId": "GetOnNewItems",
              "connectionName": "shared_sharepointonline"
            }
          }
        }
      },
      "actions": {
        "Get_item": {
          "runAfter": {},
          "metadata": {
            "operationMetadataId": "a11839b7-dd7a-4c7a-8a4e-6ba10efc70e9"
          },
          "type": "OpenApiConnection",
          "inputs": {
            "parameters": {
              "dataset": "https://shinesportscoaching.sharepoint.com/sites/OfficeSupport",
              "table": "a53d9d58-edd6-4857-aa07-6c571084e567",
              "id": "@triggerOutputs()?['body/ID']"
            },
            "host": {
              "apiId": "/providers/Microsoft.PowerApps/apis/shared_sharepointonline",
              "operationId": "GetItem",
              "connectionName": "shared_sharepointonline"
            }
          }
        },
        "Condition": {
          "actions": {
            "Update_item": {
              "runAfter": {
                "Compose": [
                  "Succeeded"
                ]
              },
              "type": "OpenApiConnection",
              "inputs": {
                "parameters": {
                  "dataset": "https://shinesportscoaching.sharepoint.com/sites/OfficeSupport",
                  "table": "a53d9d58-edd6-4857-aa07-6c571084e567",
                  "id": "@body('Get_item')?['ID']",
                  "item/TotalAmountclaimed": "@outputs('Compose')"
                },
                "host": {
                  "apiId": "/providers/Microsoft.PowerApps/apis/shared_sharepointonline",
                  "operationId": "PatchItem",
                  "connectionName": "shared_sharepointonline-2"
                }
              }
            },
            "Compose": {
              "type": "Compose",
              "inputs": "@body('Get_item')?['Mileage_x0020_Amount_x0020_Claim']"
            }
          },
          "runAfter": {
            "Get_item": [
              "Succeeded"
            ]
          },
          "else": {
            "actions": {
              "Terminate": {
                "type": "Terminate",
                "inputs": {
                  "runStatus": "Cancelled"
                }
              }
            }
          },
          "expression": {
            "and": [
              {
                "equals": [
                  "@body('Get_item')?['ExpenseType']?['Value']",
                  "Mileage"
                ]
              }
            ]
          },
          "type": "If"
        }
      }
    },
    "templateName": null
  },
  "schemaVersion": "1.0.0.0"
}