{"name":"ebd5182d-6e5a-44c4-8412-5c4e44c2551b","id":"/providers/Microsoft.Flow/flows/ebd5182d-6e5a-44c4-8412-5c4e44c2551b","type":"Microsoft.Flow/flows","properties":{"apiId":"/providers/Microsoft.PowerApps/apis/shared_logicflows","displayName":"Request Peer Review Approval [Clients]","definition":{"metadata":{"workflowEntityId":null,"processAdvisorMetadata":null,"flowclientsuspensionreason":"None","flowclientsuspensiontime":null,"flowclientsuspensionreasondetails":null,"creator":{"id":"d80946cf-9971-4e62-a505-94a91fdf95b2","type":"User","tenantId":"eebf42f0-fb5a-460f-a80a-1b6593988a6e"},"provisioningMethod":"FromDefinition","failureAlertSubscription":true,"clientLastModifiedTime":"2023-02-17T16:57:54.314173Z"},"$schema":"https://schema.management.azure.com/providers/Microsoft.Logic/schemas/2016-06-01/workflowdefinition.json#","contentVersion":"1.0.0.0","parameters":{"$connections":{"defaultValue":{},"type":"Object"},"$authentication":{"defaultValue":{},"type":"SecureObject"},"sharepoint.site":{"defaultValue":"","type":"String"},"sharepoint.list":{"defaultValue":"","type":"String"}},"triggers":{"manual":{"splitOn":"@triggerBody()['rows']","metadata":{"operationMetadataId":"8c3a6097-5145-4b43-9392-856cfc879bc2"},"type":"Request","kind":"ApiConnection","inputs":{"schema":{"type":"object","properties":{"rows":{"type":"array","items":{"type":"object","properties":{"text":{"title":"Request","type":"string","x-ms-dynamically-added":true,"description":"Please enter your message sent to the approvers","x-ms-content-hint":"TEXT"},"entity":{"type":"object","properties":{"ID":{"title":"ID","type":"integer","format":"int64"}},"required":["ID"]}},"required":["text","entity"]}}},"required":["rows"]},"headersSchema":{"x-ms-user-name-encoded":{"title":"User name","type":"string","format":"byte","x-ms-dynamically-added":false},"x-ms-user-email-encoded":{"title":"User email","type":"string","format":"byte","x-ms-dynamically-added":false}},"host":{"connection":{"name":"@parameters('$connections')['shared_sharepointonline']['connectionId']"},"api":{"runtimeUrl":"https://uk-001.azure-apim.net/apim/sharepointonline"}},"operationId":"ForASelectedFileHybridTrigger","parameters":{"dataset":"https://assureddt.sharepoint.com/sites/Clients","table":"272e06a2-ebab-419b-b585-78c7b1e9f318"}}}},"actions":{"Initialize_approval_done_variable":{"runAfter":{"Get_file_properties":["Succeeded"]},"metadata":{"operationMetadataId":"5bf61cf3-01c1-4ffd-a815-ab4588bf67e1"},"type":"InitializeVariable","inputs":{"variables":[{"name":"approvalDone","type":"boolean","value":"@false"}]}},"Set_variable":{"runAfter":{"Wait_for_an_approval":["Succeeded"]},"metadata":{"operationMetadataId":"a3e641ab-49c1-4817-9894-5c326ce79318"},"type":"SetVariable","inputs":{"name":"approvalDone","value":"@true"}},"Initialize_approvers_list_variable":{"runAfter":{"Initialize_approval_done_variable":["Succeeded"]},"metadata":{"operationMetadataId":"d55f9c4b-4ce8-46ad-99dd-da1f3fd9a8c7"},"type":"InitializeVariable","inputs":{"variables":[{"name":"approversList","type":"string"}]}},"Initialize_approval_respond_link_variable":{"runAfter":{"Initialize_approvers_list_variable":["Succeeded"]},"metadata":{"operationMetadataId":"8461cb0f-d448-43c5-806c-d94538c4e337"},"type":"InitializeVariable","inputs":{"variables":[{"name":"approvalRespondLink","type":"string"}]}},"Set_respond_to_approval_link":{"runAfter":{"Create_an_approval":["Succeeded"]},"metadata":{"operationMetadataId":"5ae808de-2141-48b9-9a36-bc2c2469574c"},"type":"SetVariable","inputs":{"name":"approvalRespondLink","value":"@body('Create_an_approval')?['respondLink']"}},"Wait_for_an_approval":{"runAfter":{"Set_respond_to_approval_link":["Succeeded"]},"metadata":{"flowSystemMetadata":{"swaggerOperationId":"WaitForAnApproval"},"operationMetadataId":"a23beaf9-c33d-4854-85cc-2946b0fe1aa0"},"type":"ApiConnectionWebhook","inputs":{"host":{"connection":{"name":"@json(decodeBase64(triggerOutputs().headers['X-MS-APIM-Tokens']))['$connections']['shared_approvals']['connectionId']"},"api":{"runtimeUrl":"https://uk-001.azure-apim.net/apim/approvals"}},"body":{"notificationUrl":"@{listCallbackUrl()}"},"path":"/approvals/@{encodeURIComponent(body('Create_an_approval')?['name'])}/subscriptions","authentication":{"type":"Raw","value":"@json(decodeBase64(triggerOutputs().headers['X-MS-APIM-Tokens']))['$ConnectionKey']"}}},"Select":{"runAfter":{"Set_variable":["Succeeded"]},"metadata":{"operationMetadataId":"67346a1d-dcdb-47c3-aebb-8e57641c6de8"},"type":"Select","inputs":{"from":"@body('Wait_for_an_approval')?['responses']","select":{"Approver":"@item()?['responder']?['displayName']","Comments":"@if(empty(item()?['comments']),'No comments',item()['comments'])","Response":"@item()?['approverResponse']"}}},"Create_HTML_table":{"runAfter":{"Select":["Succeeded"]},"metadata":{"operationMetadataId":"6e251c9b-4105-4771-85e7-25416a4d17c2"},"type":"Table","inputs":{"from":"@body('Select')","format":"HTML"}},"HTML_Table_with_Styles":{"runAfter":{"Create_HTML_table":["Succeeded"]},"metadata":{"operationMetadataId":"faf9e0b1-546e-412a-ae34-9285f52d938b"},"type":"Compose","inputs":"<style>\ntable {\n  width: 100%;\n  background-color: #FFFFFF;\n  border-collapse: collapse;\n  border-width: 2px;\n  border-color: #7EA8F8;\n  border-style: solid;\n  color: #000000;\n  text-align: left;\n}\n\ntable td, table th {\n  border-width: 2px;\n  border-color: #7EA8F8;\n  border-style: solid;\n  padding: 5px;\n}\n\ntable thead {\n  background-color: #DEDEDE;\n}\n</style>\n@{body('Create_HTML_table')}"},"Create_an_approval":{"runAfter":{"Send_an_email_(V2)":["Succeeded"]},"metadata":{"flowSystemMetadata":{"swaggerOperationId":"CreateAnApproval"},"operationMetadataId":"c09c8796-6a3f-4797-83e1-3240ff82ee26"},"type":"ApiConnection","inputs":{"host":{"connection":{"name":"@json(decodeBase64(triggerOutputs().headers['X-MS-APIM-Tokens']))['$connections']['shared_approvals']['connectionId']"},"api":{"runtimeUrl":"https://uk-001.azure-apim.net/apim/approvals"}},"method":"post","body":{"title":"Please approve @{body('Get_file_properties')?['Title']}","assignedTo":"@{body('Get_file_properties')?['Document_x0020_Approver']?['Email']};","details":"The item '@{body('Get_file_properties')?['{Name}']}' is submitted for approval by @{base64ToString(triggerOutputs()['headers']['x-ms-user-name-encoded'])}\n\nThe message with the request:\n@{triggerBody()['text']}\n\nPlease review, and then approve or reject the request.","itemLink":"@body('Get_file_properties')?['{Link}']","itemLinkDescription":"@body('Get_file_properties')?['{Name}']","requestor":"@{base64ToString(triggerOutputs()['headers']['x-ms-user-email-encoded'])};","enableNotifications":true,"enableReassignment":true},"path":"/types/@{encodeURIComponent('Basic')}","authentication":{"type":"Raw","value":"@json(decodeBase64(triggerOutputs().headers['X-MS-APIM-Tokens']))['$ConnectionKey']"}}},"Check_if_request_is_approved":{"actions":{"Item_approved":{"runAfter":{},"metadata":{"flowSystemMetadata":{"swaggerOperationId":"SendEmailV2"},"operationMetadataId":"d5fa0c2d-017e-4c24-9a6c-fb58e9e0c6d6"},"type":"ApiConnection","inputs":{"host":{"connection":{"name":"@json(decodeBase64(triggerOutputs().headers['X-MS-APIM-Tokens']))['$connections']['shared_office365']['connectionId']"},"api":{"runtimeUrl":"https://uk-001.azure-apim.net/apim/office365"}},"method":"post","body":{"To":"@{body('Get_file_properties')?['Document_x0020_Owner']?['Email']};@{base64ToString(triggerOutputs()['headers']['x-ms-user-email-encoded'])}","Subject":"File: Approved","Body":"<p>Your request for '@{body('Get_file_properties')?['{Name}']}' has been approved.<br>\n<br>\nApproval details below:<br>\n<br>\n@{outputs('HTML_Table_with_Styles')}</p>","From":"approvals@assureddigitaltech.com","Cc":"Mel.Jady@assureddigitaltech.com","Importance":"High"},"path":"/v2/Mail","authentication":{"type":"Raw","value":"@json(decodeBase64(triggerOutputs().headers['X-MS-APIM-Tokens']))['$ConnectionKey']"}}},"Update_file_properties_-_Document_Approval":{"runAfter":{"Item_approved":["Succeeded"]},"metadata":{"flowSystemMetadata":{"swaggerOperationId":"PatchFileItem"},"operationMetadataId":"cbbb5cfe-e1a4-418d-851b-331e178a1a29"},"type":"ApiConnection","inputs":{"host":{"connection":{"name":"@json(decodeBase64(triggerOutputs().headers['X-MS-APIM-Tokens']))['$connections']['shared_sharepointonline']['connectionId']"},"api":{"runtimeUrl":"https://uk-001.azure-apim.net/apim/sharepointonline"}},"method":"patch","body":{"Approval_x0020_Status":{"Value":"Approved"},"Approval_x0020_Status1":{"Value":"Approved"}},"path":"/datasets/@{encodeURIComponent(encodeURIComponent('https://assureddt.sharepoint.com/sites/Clients'))}/tables/@{encodeURIComponent(encodeURIComponent('272e06a2-ebab-419b-b585-78c7b1e9f318'))}/items/@{encodeURIComponent(body('Get_file_properties')?['ID'])}/patchfileitem","authentication":{"type":"Raw","value":"@json(decodeBase64(triggerOutputs().headers['X-MS-APIM-Tokens']))['$ConnectionKey']"}}}},"runAfter":{"Get_file_metadata":["Succeeded"]},"else":{"actions":{"Item_rejected":{"runAfter":{},"metadata":{"flowSystemMetadata":{"swaggerOperationId":"SendEmailV2"},"operationMetadataId":"dfe8d20f-2726-4150-a0e7-276773dd3086"},"type":"ApiConnection","inputs":{"host":{"connection":{"name":"@json(decodeBase64(triggerOutputs().headers['X-MS-APIM-Tokens']))['$connections']['shared_office365']['connectionId']"},"api":{"runtimeUrl":"https://uk-001.azure-apim.net/apim/office365"}},"method":"post","body":{"To":"@{body('Get_file_properties')?['Document_x0020_Owner']?['Email']};@{base64ToString(triggerOutputs()['headers']['x-ms-user-email-encoded'])}","Subject":"File: Rejected","Body":"<p>Your request for '@{body('Get_file_properties')?['{Name}']}' has been rejected.<br>\n<br>\nApproval details below:<br>\n<br>\n@{outputs('HTML_Table_with_Styles')}</p>","From":"approvals@assureddigitaltech.com","Importance":"High"},"path":"/v2/Mail","authentication":{"type":"Raw","value":"@json(decodeBase64(triggerOutputs().headers['X-MS-APIM-Tokens']))['$ConnectionKey']"}}},"Update_file_properties_-_Document_Rejection":{"runAfter":{"Item_rejected":["Succeeded"]},"metadata":{"operationMetadataId":"1f3fb213-35f0-45c3-bdc9-23cb32d336e5","flowSystemMetadata":{"swaggerOperationId":"PatchFileItem"}},"type":"ApiConnection","inputs":{"host":{"connection":{"name":"@json(decodeBase64(triggerOutputs().headers['X-MS-APIM-Tokens']))['$connections']['shared_sharepointonline']['connectionId']"},"api":{"runtimeUrl":"https://uk-001.azure-apim.net/apim/sharepointonline"}},"method":"patch","body":{"Approval_x0020_Status":{"Value":"Rejected"},"Approval_x0020_Status1":{"Value":"Rejected"}},"path":"/datasets/@{encodeURIComponent(encodeURIComponent('https://assureddt.sharepoint.com/sites/Clients'))}/tables/@{encodeURIComponent(encodeURIComponent('272e06a2-ebab-419b-b585-78c7b1e9f318'))}/items/@{encodeURIComponent(body('Get_file_properties')?['ID'])}/patchfileitem","authentication":{"type":"Raw","value":"@json(decodeBase64(triggerOutputs().headers['X-MS-APIM-Tokens']))['$ConnectionKey']"}}}}},"expression":"@equals(body('Wait_for_an_approval')?['outcome'], 'Approve')","metadata":{"operationMetadataId":"5be61a96-6ac9-4157-9180-9f9798aa2261"},"type":"If"},"Get_file_properties":{"runAfter":{},"metadata":{"flowSystemMetadata":{"swaggerOperationId":"GetFileItem"},"operationMetadataId":"ea68ac1d-0767-490c-95b7-297e4b6ef6a0"},"type":"ApiConnection","inputs":{"host":{"connection":{"name":"@json(decodeBase64(triggerOutputs().headers['X-MS-APIM-Tokens']))['$connections']['shared_sharepointonline']['connectionId']"},"api":{"runtimeUrl":"https://uk-001.azure-apim.net/apim/sharepointonline"}},"method":"get","path":"/datasets/@{encodeURIComponent(encodeURIComponent('https://assureddt.sharepoint.com/sites/Clients'))}/tables/@{encodeURIComponent(encodeURIComponent('272e06a2-ebab-419b-b585-78c7b1e9f318'))}/items/@{encodeURIComponent(triggerBody()?['entity']?['ID'])}/getfileitem","authentication":{"type":"Raw","value":"@json(decodeBase64(triggerOutputs().headers['X-MS-APIM-Tokens']))['$ConnectionKey']"}}},"Get_file_metadata":{"runAfter":{"HTML_Table_with_Styles":["Succeeded"]},"metadata":{"flowSystemMetadata":{"swaggerOperationId":"GetFileMetadata"},"operationMetadataId":"b2b73b38-b362-4b91-828d-d7087db072d8"},"type":"ApiConnection","inputs":{"host":{"connection":{"name":"@json(decodeBase64(triggerOutputs().headers['X-MS-APIM-Tokens']))['$connections']['shared_sharepointonline']['connectionId']"},"api":{"runtimeUrl":"https://uk-001.azure-apim.net/apim/sharepointonline"}},"method":"get","path":"/datasets/@{encodeURIComponent(encodeURIComponent('https://assureddt.sharepoint.com/sites/Clients'))}/files/@{encodeURIComponent(body('Get_file_properties')?['{Identifier}'])}","authentication":{"type":"Raw","value":"@json(decodeBase64(triggerOutputs().headers['X-MS-APIM-Tokens']))['$ConnectionKey']"}}},"Send_an_email_(V2)":{"runAfter":{"Initialize_approval_respond_link_variable":["Succeeded"]},"metadata":{"flowSystemMetadata":{"swaggerOperationId":"SendEmailV2"},"operationMetadataId":"902c941f-d8fb-4603-8139-6b267e2be5a8"},"type":"ApiConnection","inputs":{"host":{"connection":{"name":"@json(decodeBase64(triggerOutputs().headers['X-MS-APIM-Tokens']))['$connections']['shared_office365_1']['connectionId']"},"api":{"runtimeUrl":"https://uk-001.azure-apim.net/apim/office365"}},"method":"post","body":{"To":"@body('Get_file_properties')?['Document_x0020_Owner']?['Email']","Subject":"Approval Requested For: @{body('Get_file_properties')?['{Name}']}","Body":"<p>An approval has been triggered for:<br>\n<br>\n@{body('Get_file_properties')?['{Name}']}<br>\n<br>\nRequested By: @{base64ToString(triggerOutputs()['headers']['x-ms-user-name-encoded'])}<br>\n<br>\nAn approval has been sent to: @{body('Get_file_properties')?['Document_x0020_Approver']?['DisplayName']}</p>","From":"approvals@assureddigitaltech.com","Cc":"@{base64ToString(triggerOutputs()['headers']['x-ms-user-email-encoded'])};Mel.Jady@assureddigitaltech.com","Importance":"High"},"path":"/v2/Mail","authentication":{"type":"Raw","value":"@json(decodeBase64(triggerOutputs().headers['X-MS-APIM-Tokens']))['$ConnectionKey']"}}}},"description":""},"connectionReferences":{"shared_approvals":{"connectionName":"shared-approvals-67695f6a-1267-4ac7-9b81-97ff17564ba8","source":"Invoker","id":"/providers/Microsoft.PowerApps/apis/shared_approvals","tier":"NotSpecified"},"shared_office365":{"connectionName":"shared-office365-9d2e5c99-c849-4336-98c7-9fae1d132a43","source":"Invoker","id":"/providers/Microsoft.PowerApps/apis/shared_office365","tier":"NotSpecified"},"shared_sharepointonline":{"connectionName":"shared-sharepointonl-eceac7d4-dffb-4774-a969-6deeb960fa0d","source":"Invoker","id":"/providers/Microsoft.PowerApps/apis/shared_sharepointonline","tier":"NotSpecified"},"shared_office365_1":{"connectionName":"shared-office365-76285799-5653-47ae-a89e-a73f309d6b6d","source":"Invoker","id":"/providers/Microsoft.PowerApps/apis/shared_office365","tier":"NotSpecified"}},"flowFailureAlertSubscribed":false,"isManaged":false}}