{"name":"e8e12f48-448f-4067-bda1-eea9f965fb2c","id":"/providers/Microsoft.Flow/flows/e8e12f48-448f-4067-bda1-eea9f965fb2c","type":"Microsoft.Flow/flows","properties":{"apiId":"/providers/Microsoft.PowerApps/apis/shared_logicflows","displayName":"HR - Creation of Employee Folder & Offer Letter","definition":{"metadata":{"workflowEntityId":null,"processAdvisorMetadata":null,"flowChargedByPaygo":null,"flowclientsuspensionreason":"None","flowclientsuspensiontime":null,"flowclientsuspensionreasondetails":null,"creator":{"id":"15563203-5c19-42b6-bb6e-bae52ebc4c29","type":"User","tenantId":"6827a2de-92bb-421b-9f69-90ae9935ec0b"},"provisioningMethod":"FromDefinition","failureAlertSubscription":true,"clientLastModifiedTime":"2023-07-27T14:40:21.4475036Z"},"$schema":"https://schema.management.azure.com/providers/Microsoft.Logic/schemas/2016-06-01/workflowdefinition.json#","contentVersion":"1.0.0.0","parameters":{"$connections":{"defaultValue":{},"type":"Object"},"$authentication":{"defaultValue":{},"type":"SecureObject"}},"triggers":{"When_an_item_is_created":{"recurrence":{"frequency":"Minute","interval":3},"splitOn":"@triggerOutputs()?['body/value']","metadata":{"operationMetadataId":"0df8517a-b8b0-4336-9161-bca07bac4904"},"type":"OpenApiConnection","inputs":{"host":{"apiId":"/providers/Microsoft.PowerApps/apis/shared_sharepointonline","connectionName":"shared_sharepointonline","operationId":"GetOnNewItems"},"parameters":{"dataset":"https://mcadamlloyd.sharepoint.com/sites/HR","table":"c38b426d-71b1-47e5-b046-9f86a0968828"},"authentication":"@parameters('$authentication')"}}},"actions":{"Condition":{"actions":{"Create_new_folder_-_Employee_Name_Folder":{"runAfter":{},"metadata":{"operationMetadataId":"42df6f38-9bc8-4b7a-ab7c-383004f246f8"},"type":"OpenApiConnection","inputs":{"host":{"apiId":"/providers/Microsoft.PowerApps/apis/shared_sharepointonline","connectionName":"shared_sharepointonline","operationId":"CreateNewFolder"},"parameters":{"dataset":"https://mcadamlloyd.sharepoint.com/sites/HR","table":"ad28754c-eb5d-4450-9c2b-6852e69b3263","parameters/path":"Employee Files/PDM Employees/@{triggerOutputs()?['body/Title']}"},"authentication":"@parameters('$authentication')"}},"Create_new_folder_-_Employee_Confidential":{"runAfter":{"Create_new_folder_-_Employee_Name_Folder":["Succeeded"]},"metadata":{"operationMetadataId":"96726498-673a-4832-a7c0-919368afa62c"},"type":"OpenApiConnection","inputs":{"host":{"apiId":"/providers/Microsoft.PowerApps/apis/shared_sharepointonline","connectionName":"shared_sharepointonline","operationId":"CreateNewFolder"},"parameters":{"dataset":"https://mcadamlloyd.sharepoint.com/sites/HR","table":"ad28754c-eb5d-4450-9c2b-6852e69b3263","parameters/path":"Employee Files/PDM Employees/@{triggerOutputs()?['body/Title']}/Employee Confidential"},"authentication":"@parameters('$authentication')"}},"Get_file_properties_-_Employee_Confidential":{"runAfter":{"Create_new_folder_-_Employee_Confidential":["Succeeded"]},"metadata":{"operationMetadataId":"dd1dfbef-0966-4ab8-9956-214064481611"},"type":"OpenApiConnection","inputs":{"host":{"apiId":"/providers/Microsoft.PowerApps/apis/shared_sharepointonline","connectionName":"shared_sharepointonline","operationId":"GetFileItem"},"parameters":{"dataset":"https://mcadamlloyd.sharepoint.com/sites/HR","table":"ad28754c-eb5d-4450-9c2b-6852e69b3263","id":"@outputs('Create_new_folder_-_Employee_Confidential')?['body/ID']"},"authentication":"@parameters('$authentication')"}},"Send_an_HTTP_request_to_SharePoint_-_Break_Inheritance":{"runAfter":{"Get_file_properties_-_Employee_Confidential":["Succeeded"]},"metadata":{"operationMetadataId":"63999f0a-ed22-4f1b-a9c3-da8983723f76"},"type":"OpenApiConnection","inputs":{"host":{"apiId":"/providers/Microsoft.PowerApps/apis/shared_sharepointonline","connectionName":"shared_sharepointonline","operationId":"HttpRequest"},"parameters":{"dataset":"https://mcadamlloyd.sharepoint.com/sites/HR","parameters/method":"POST","parameters/uri":"_api/web/GetFolderByServerRelativeUrl('Shared Documents/Employee Files/PDM Employees/@{triggerOutputs()?['body/Title']}/Employee Confidential')/ListItemAllFields/breakroleinheritance(copyRoleAssignments=false,clearSubscopes=true)"},"authentication":"@parameters('$authentication')"}},"Get_group":{"runAfter":{"Send_an_HTTP_request_to_SharePoint_-_Break_Inheritance":["Succeeded"]},"metadata":{"operationMetadataId":"65f0a6df-714c-4893-b443-5d34ea2d82aa"},"type":"OpenApiConnection","inputs":{"host":{"apiId":"/providers/Microsoft.PowerApps/apis/shared_azuread","connectionName":"shared_azuread_1","operationId":"GetGroup"},"parameters":{"id":"59b5b5b5-7dc3-4cab-8b49-e6bda56fe817"},"authentication":"@parameters('$authentication')"}},"Send_an_HTTP_request_to_SharePoint":{"runAfter":{"Set_variable_-_varSPHRConfidential":["Succeeded"]},"metadata":{"operationMetadataId":"7be75a0f-b5f3-422b-aafd-f2466ac7af8e"},"type":"OpenApiConnection","inputs":{"host":{"apiId":"/providers/Microsoft.PowerApps/apis/shared_sharepointonline","connectionName":"shared_sharepointonline","operationId":"HttpRequest"},"parameters":{"dataset":"https://mcadamlloyd.sharepoint.com/sites/HR","parameters/method":"POST","parameters/uri":"_api/web/GetFolderByServerRelativeUrl('Shared Documents/Employee Files/PDM Employees/@{triggerOutputs()?['body/Title']}/Employee Confidential')/ListItemAllFields/roleassignments/addroleassignment(principalid=@{variables('varSPHRConfidential')},roledefid=1073741827)"},"authentication":"@parameters('$authentication')"}},"Create_new_folder_-_Offer_Letter_Forms":{"runAfter":{"Send_an_HTTP_request_to_SharePoint":["Succeeded"]},"metadata":{"operationMetadataId":"aa482879-9123-41e9-b66f-4c38b7324df4"},"type":"OpenApiConnection","inputs":{"host":{"apiId":"/providers/Microsoft.PowerApps/apis/shared_sharepointonline","connectionName":"shared_sharepointonline","operationId":"CreateNewFolder"},"parameters":{"dataset":"https://mcadamlloyd.sharepoint.com/sites/HR","table":"ad28754c-eb5d-4450-9c2b-6852e69b3263","parameters/path":"Employee Files/PDM Employees/@{triggerOutputs()?['body/Title']}/Employee Confidential/Offer Letter Forms"},"authentication":"@parameters('$authentication')"}},"Create_new_folder_-_Training":{"runAfter":{"Create_new_folder_-_Offer_Letter_Forms":["Succeeded"]},"metadata":{"operationMetadataId":"a326e797-c01c-46c4-8e75-fd8185fbd637"},"type":"OpenApiConnection","inputs":{"host":{"apiId":"/providers/Microsoft.PowerApps/apis/shared_sharepointonline","connectionName":"shared_sharepointonline","operationId":"CreateNewFolder"},"parameters":{"dataset":"https://mcadamlloyd.sharepoint.com/sites/HR","table":"ad28754c-eb5d-4450-9c2b-6852e69b3263","parameters/path":"Employee Files/PDM Employees/@{triggerOutputs()?['body/Title']}/Training"},"authentication":"@parameters('$authentication')"}},"Send_an_HTTP_request_to_SharePoint_Ensure_User":{"runAfter":{"Get_group":["Succeeded"]},"metadata":{"operationMetadataId":"3893d109-9094-4c82-95b8-e9a51a22b4b5"},"type":"OpenApiConnection","inputs":{"host":{"apiId":"/providers/Microsoft.PowerApps/apis/shared_sharepointonline","connectionName":"shared_sharepointonline","operationId":"HttpRequest"},"parameters":{"dataset":"https://mcadamlloyd.sharepoint.com/sites/HR","parameters/method":"POST","parameters/uri":"_api/web/EnsureUser('SP - HR Confidential')","parameters/headers":{"Accept":"application/json;odata=verbose","Content-Type":"application/json;odata=verbose"}},"authentication":"@parameters('$authentication')"}},"Set_variable_-_varSPHRConfidential":{"runAfter":{"Send_an_HTTP_request_to_SharePoint_Ensure_User":["Succeeded"]},"metadata":{"operationMetadataId":"0c0691d7-4634-4784-af67-ee69ae95400c"},"type":"SetVariable","inputs":{"name":"varSPHRConfidential","value":"@body('Send_an_HTTP_request_to_SharePoint_Ensure_User')['d']['id']"}}},"runAfter":{"Initialize_variable_varSPHRConfidential":["Succeeded"]},"else":{"actions":{"Create_new_folder_-_Employee_Name_Folder_2":{"runAfter":{},"metadata":{"operationMetadataId":"42df6f38-9bc8-4b7a-ab7c-383004f246f8"},"type":"OpenApiConnection","inputs":{"host":{"apiId":"/providers/Microsoft.PowerApps/apis/shared_sharepointonline","connectionName":"shared_sharepointonline","operationId":"CreateNewFolder"},"parameters":{"dataset":"https://mcadamlloyd.sharepoint.com/sites/HR","table":"ad28754c-eb5d-4450-9c2b-6852e69b3263","parameters/path":"Employee Files/Peak Temporary Workers/@{triggerOutputs()?['body/Title']}"},"authentication":"@parameters('$authentication')"}},"Create_new_folder_-_Employee_Confidential_2":{"runAfter":{"Create_new_folder_-_Employee_Name_Folder_2":["Succeeded"]},"metadata":{"operationMetadataId":"96726498-673a-4832-a7c0-919368afa62c"},"type":"OpenApiConnection","inputs":{"host":{"apiId":"/providers/Microsoft.PowerApps/apis/shared_sharepointonline","connectionName":"shared_sharepointonline","operationId":"CreateNewFolder"},"parameters":{"dataset":"https://mcadamlloyd.sharepoint.com/sites/HR","table":"ad28754c-eb5d-4450-9c2b-6852e69b3263","parameters/path":"Employee Files/Peak Temporary Workers/@{triggerOutputs()?['body/Title']}/Employee Confidential"},"authentication":"@parameters('$authentication')"}},"Get_file_properties_-_Employee_Confidential_2":{"runAfter":{"Create_new_folder_-_Employee_Confidential_2":["Succeeded"]},"metadata":{"operationMetadataId":"dd1dfbef-0966-4ab8-9956-214064481611"},"type":"OpenApiConnection","inputs":{"host":{"apiId":"/providers/Microsoft.PowerApps/apis/shared_sharepointonline","connectionName":"shared_sharepointonline","operationId":"GetFileItem"},"parameters":{"dataset":"https://mcadamlloyd.sharepoint.com/sites/HR","table":"ad28754c-eb5d-4450-9c2b-6852e69b3263","id":"@outputs('Create_new_folder_-_Employee_Confidential_2')?['body/ID']"},"authentication":"@parameters('$authentication')"}},"Send_an_HTTP_request_to_SharePoint_-_Break_Inheritance_2":{"runAfter":{"Get_file_properties_-_Employee_Confidential_2":["Succeeded"]},"metadata":{"operationMetadataId":"63999f0a-ed22-4f1b-a9c3-da8983723f76"},"type":"OpenApiConnection","inputs":{"host":{"apiId":"/providers/Microsoft.PowerApps/apis/shared_sharepointonline","connectionName":"shared_sharepointonline","operationId":"HttpRequest"},"parameters":{"dataset":"https://mcadamlloyd.sharepoint.com/sites/HR","parameters/method":"POST","parameters/uri":"_api/web/GetFolderByServerRelativeUrl('Shared Documents/Employee Files/Peak Temporary Workers/@{triggerOutputs()?['body/Title']}/Employee Confidential')/ListItemAllFields/breakroleinheritance(copyRoleAssignments=false,clearSubscopes=true)"},"authentication":"@parameters('$authentication')"}},"Get_group_2":{"runAfter":{"Send_an_HTTP_request_to_SharePoint_-_Break_Inheritance_2":["Succeeded"]},"metadata":{"operationMetadataId":"65f0a6df-714c-4893-b443-5d34ea2d82aa"},"type":"OpenApiConnection","inputs":{"host":{"apiId":"/providers/Microsoft.PowerApps/apis/shared_azuread","connectionName":"shared_azuread_1","operationId":"GetGroup"},"parameters":{"id":"59b5b5b5-7dc3-4cab-8b49-e6bda56fe817"},"authentication":"@parameters('$authentication')"}},"Send_an_HTTP_request_to_SharePoint_Ensure_User_2":{"runAfter":{"Get_group_2":["Succeeded"]},"metadata":{"operationMetadataId":"3893d109-9094-4c82-95b8-e9a51a22b4b5"},"type":"OpenApiConnection","inputs":{"host":{"apiId":"/providers/Microsoft.PowerApps/apis/shared_sharepointonline","connectionName":"shared_sharepointonline","operationId":"HttpRequest"},"parameters":{"dataset":"https://mcadamlloyd.sharepoint.com/sites/HR","parameters/method":"POST","parameters/uri":"_api/web/EnsureUser('SP - HR Confidential')","parameters/headers":{"Accept":"application/json;odata=verbose","Content-Type":"application/json;odata=verbose"}},"authentication":"@parameters('$authentication')"}},"Set_variable_-_varSPHRConfidential_2":{"runAfter":{"Send_an_HTTP_request_to_SharePoint_Ensure_User_2":["Succeeded"]},"metadata":{"operationMetadataId":"0c0691d7-4634-4784-af67-ee69ae95400c"},"type":"SetVariable","inputs":{"name":"varSPHRConfidential","value":"@body('Send_an_HTTP_request_to_SharePoint_Ensure_User_2')?['d']['id']"}},"Send_an_HTTP_request_to_SharePoint_2":{"runAfter":{"Set_variable_-_varSPHRConfidential_2":["Succeeded"]},"metadata":{"operationMetadataId":"7be75a0f-b5f3-422b-aafd-f2466ac7af8e"},"type":"OpenApiConnection","inputs":{"host":{"apiId":"/providers/Microsoft.PowerApps/apis/shared_sharepointonline","connectionName":"shared_sharepointonline","operationId":"HttpRequest"},"parameters":{"dataset":"https://mcadamlloyd.sharepoint.com/sites/HR","parameters/method":"POST","parameters/uri":"_api/web/GetFolderByServerRelativeUrl('Shared Documents/Employee Files/Peak Temporary Workers/@{triggerOutputs()?['body/Title']}/Employee Confidential')/ListItemAllFields/roleassignments/addroleassignment(principalid=@{variables('varSPHRConfidential')},roledefid=1073741827)"},"authentication":"@parameters('$authentication')"}},"Create_new_folder_-_Offer_Letter_Forms_2":{"runAfter":{"Send_an_HTTP_request_to_SharePoint_2":["Succeeded"]},"metadata":{"operationMetadataId":"aa482879-9123-41e9-b66f-4c38b7324df4"},"type":"OpenApiConnection","inputs":{"host":{"apiId":"/providers/Microsoft.PowerApps/apis/shared_sharepointonline","connectionName":"shared_sharepointonline","operationId":"CreateNewFolder"},"parameters":{"dataset":"https://mcadamlloyd.sharepoint.com/sites/HR","table":"ad28754c-eb5d-4450-9c2b-6852e69b3263","parameters/path":"Employee Files/Peak Temporary Workers/@{triggerOutputs()?['body/Title']}/Employee Confidential/Offer Letter Forms"},"authentication":"@parameters('$authentication')"}},"Create_new_folder_-_Training_2":{"runAfter":{"Create_new_folder_-_Offer_Letter_Forms_2":["Succeeded"]},"metadata":{"operationMetadataId":"a326e797-c01c-46c4-8e75-fd8185fbd637"},"type":"OpenApiConnection","inputs":{"host":{"apiId":"/providers/Microsoft.PowerApps/apis/shared_sharepointonline","connectionName":"shared_sharepointonline","operationId":"CreateNewFolder"},"parameters":{"dataset":"https://mcadamlloyd.sharepoint.com/sites/HR","table":"ad28754c-eb5d-4450-9c2b-6852e69b3263","parameters/path":"Employee Files/Peak Temporary Workers/@{triggerOutputs()?['body/Title']}/Training"},"authentication":"@parameters('$authentication')"}}}},"expression":{"and":[{"equals":["@triggerOutputs()?['body/Status/Value']","Offer Stage"]},{"equals":["@triggerOutputs()?['body/OfferType/Value']","PDM"]}]},"metadata":{"operationMetadataId":"01823485-697c-4360-acf9-186af769fa6a"},"type":"If"},"Initialize_variable_varSPHRConfidential":{"runAfter":{},"metadata":{"operationMetadataId":"bded7e43-05f4-485f-a772-61458ff2529a"},"type":"InitializeVariable","inputs":{"variables":[{"name":"varSPHRConfidential","type":"integer"}]}},"Switch":{"runAfter":{"Condition":["Succeeded"]},"cases":{"PDM":{"case":"PDM","actions":{"Get_file_metadata_-_Application_Form":{"runAfter":{},"metadata":{"%252fShared%2bDocuments%252fHuman%2bResources%252fPDM%2bEmployment%2bForms%252fApplication%2bform%2bPDM.doc":"/Shared Documents/Human Resources/PDM Employment Forms/Application form PDM.doc","operationMetadataId":"3d6f92f6-4c42-4d11-a947-969fbf262a7e","%252fPDM%2bCompliance%2bDocuments%252fPDM-TPT-001%2bApplication%2bForm.docx":"/PDM Compliance Documents/PDM-TPT-001 Application Form.docx"},"type":"OpenApiConnection","inputs":{"host":{"apiId":"/providers/Microsoft.PowerApps/apis/shared_sharepointonline","connectionName":"shared_sharepointonline","operationId":"GetFileMetadata"},"parameters":{"dataset":"https://mcadamlloyd.sharepoint.com/sites/ComplianceandQuality","id":"%252fPDM%2bCompliance%2bDocuments%252fPDM-TPT-001%2bApplication%2bForm.docx"},"authentication":"@parameters('$authentication')"}},"Get_file_content_-_Application_Form":{"runAfter":{"Get_file_metadata_-_Application_Form":["Succeeded"]},"metadata":{"operationMetadataId":"842a4c2d-5c5d-44c6-b6a4-8234653d1774"},"type":"OpenApiConnection","inputs":{"host":{"apiId":"/providers/Microsoft.PowerApps/apis/shared_sharepointonline","connectionName":"shared_sharepointonline","operationId":"GetFileContent"},"parameters":{"dataset":"https://mcadamlloyd.sharepoint.com/sites/ComplianceandQuality","id":"@outputs('Get_file_metadata_-_Application_Form')?['body/Id']","inferContentType":true},"authentication":"@parameters('$authentication')"}},"Create_file_-_Application_Form":{"runAfter":{"Get_file_content_-_Application_Form":["Succeeded"]},"metadata":{"operationMetadataId":"6e45fbb6-fb53-4b73-a110-f44334ffa1b7"},"type":"OpenApiConnection","inputs":{"host":{"apiId":"/providers/Microsoft.PowerApps/apis/shared_sharepointonline","connectionName":"shared_sharepointonline","operationId":"CreateFile"},"parameters":{"dataset":"https://mcadamlloyd.sharepoint.com/sites/HR","folderPath":"Shared Documents/Employee Files/PDM Employees/@{triggerOutputs()?['body/Title']}/Employee Confidential/Offer Letter Forms","name":"Application Form - @{triggerOutputs()?['body/Title']}.docx","body":"@body('Get_file_content_-_Application_Form')"},"authentication":"@parameters('$authentication')"},"runtimeConfiguration":{"contentTransfer":{"transferMode":"Chunked"}}},"Get_file_metadata_-_Health_Questionnaire":{"runAfter":{"Create_file_-_Application_Form":["Succeeded"]},"metadata":{"%252fPDM%2bCompliance%2bDocuments%252fPDM-TPT-002%2bHealth%2bQuestionaire.docx":"/PDM Compliance Documents/PDM-TPT-002 Health Questionaire.docx","operationMetadataId":"a7ce99f6-885a-4b9b-aaf1-887dcec500cd"},"type":"OpenApiConnection","inputs":{"host":{"apiId":"/providers/Microsoft.PowerApps/apis/shared_sharepointonline","connectionName":"shared_sharepointonline","operationId":"GetFileMetadata"},"parameters":{"dataset":"https://mcadamlloyd.sharepoint.com/sites/ComplianceandQuality","id":"%252fPDM%2bCompliance%2bDocuments%252fPDM-TPT-002%2bHealth%2bQuestionaire.docx"},"authentication":"@parameters('$authentication')"}},"Get_file_content_-_Health_Questionnaire":{"runAfter":{"Get_file_metadata_-_Health_Questionnaire":["Succeeded"]},"metadata":{"operationMetadataId":"bb678494-8fd6-4986-bd2d-6c75b190d27e"},"type":"OpenApiConnection","inputs":{"host":{"apiId":"/providers/Microsoft.PowerApps/apis/shared_sharepointonline","connectionName":"shared_sharepointonline","operationId":"GetFileContent"},"parameters":{"dataset":"https://mcadamlloyd.sharepoint.com/sites/ComplianceandQuality","id":"@outputs('Get_file_metadata_-_Health_Questionnaire')?['body/Id']","inferContentType":true},"authentication":"@parameters('$authentication')"}},"Create_file_-_Health_Questionnaire":{"runAfter":{"Get_file_content_-_Health_Questionnaire":["Succeeded"]},"metadata":{"operationMetadataId":"bc1b40fe-ba8f-4064-97bd-7fa27cd4195b"},"type":"OpenApiConnection","inputs":{"host":{"apiId":"/providers/Microsoft.PowerApps/apis/shared_sharepointonline","connectionName":"shared_sharepointonline","operationId":"CreateFile"},"parameters":{"dataset":"https://mcadamlloyd.sharepoint.com/sites/HR","folderPath":"Shared Documents/Employee Files/PDM Employees/@{triggerOutputs()?['body/Title']}/Employee Confidential/Offer Letter Forms","name":"Health Questionnaire - @{triggerOutputs()?['body/Title']}.docx","body":"@body('Get_file_content_-_Health_Questionnaire')"},"authentication":"@parameters('$authentication')"},"runtimeConfiguration":{"contentTransfer":{"transferMode":"Chunked"}}},"Get_file_metadata_-_Bank_Details_Form":{"runAfter":{"Create_file_-_Health_Questionnaire":["Succeeded"]},"metadata":{"%252fPDM%2bCompliance%2bDocuments%252fPDM-TPT-004%2bPDM%2bBank%2bDetails%2bForm.docx":"/PDM Compliance Documents/PDM-TPT-004 PDM Bank Details Form.docx","operationMetadataId":"1e45d904-9fa3-4f2a-ad86-7bef3b5087ea"},"type":"OpenApiConnection","inputs":{"host":{"apiId":"/providers/Microsoft.PowerApps/apis/shared_sharepointonline","connectionName":"shared_sharepointonline","operationId":"GetFileMetadata"},"parameters":{"dataset":"https://mcadamlloyd.sharepoint.com/sites/ComplianceandQuality","id":"%252fPDM%2bCompliance%2bDocuments%252fPDM-TPT-004%2bPDM%2bBank%2bDetails%2bForm.docx"},"authentication":"@parameters('$authentication')"}},"Get_file_content__-_Bank_Details_Form":{"runAfter":{"Get_file_metadata_-_Bank_Details_Form":["Succeeded"]},"metadata":{"operationMetadataId":"230ce1dc-1a82-4a4d-a6d0-d6c4fcf590be"},"type":"OpenApiConnection","inputs":{"host":{"apiId":"/providers/Microsoft.PowerApps/apis/shared_sharepointonline","connectionName":"shared_sharepointonline","operationId":"GetFileContent"},"parameters":{"dataset":"https://mcadamlloyd.sharepoint.com/sites/ComplianceandQuality","id":"@outputs('Get_file_metadata_-_Bank_Details_Form')?['body/Id']","inferContentType":true},"authentication":"@parameters('$authentication')"}},"Create_file__-_Bank_Details_Form":{"runAfter":{"Get_file_content__-_Bank_Details_Form":["Succeeded"]},"metadata":{"operationMetadataId":"06f8c632-e5a2-4f4e-b549-12aba2e867ab"},"type":"OpenApiConnection","inputs":{"host":{"apiId":"/providers/Microsoft.PowerApps/apis/shared_sharepointonline","connectionName":"shared_sharepointonline","operationId":"CreateFile"},"parameters":{"dataset":"https://mcadamlloyd.sharepoint.com/sites/HR","folderPath":"Shared Documents/Employee Files/PDM Employees/@{triggerOutputs()?['body/Title']}/Employee Confidential/Offer Letter Forms","name":"Bank Details Form - @{triggerOutputs()?['body/Title']}.docx","body":"@body('Get_file_content__-_Bank_Details_Form')"},"authentication":"@parameters('$authentication')"},"runtimeConfiguration":{"contentTransfer":{"transferMode":"Chunked"}}},"Get_file_metadata_-_Agreement_to_opt_out_of_48_hour_week":{"runAfter":{"Create_file__-_Bank_Details_Form":["Succeeded"]},"metadata":{"%252fPDM%2bCompliance%2bDocuments%252fPDM-TPT-003%2bPDM%2b48%2bHour%2bOpt%2bOut%2bAgreement.docx":"/PDM Compliance Documents/PDM-TPT-003 PDM 48 Hour Opt Out Agreement.docx","operationMetadataId":"1d197be8-e0cc-4352-9401-321b79ebcf9b"},"type":"OpenApiConnection","inputs":{"host":{"apiId":"/providers/Microsoft.PowerApps/apis/shared_sharepointonline","connectionName":"shared_sharepointonline","operationId":"GetFileMetadata"},"parameters":{"dataset":"https://mcadamlloyd.sharepoint.com/sites/ComplianceandQuality","id":"%252fPDM%2bCompliance%2bDocuments%252fPDM-TPT-003%2bPDM%2b48%2bHour%2bOpt%2bOut%2bAgreement.docx"},"authentication":"@parameters('$authentication')"}},"Get_file_content_-_Agreement_to_opt_out_of_48_hour_week":{"runAfter":{"Get_file_metadata_-_Agreement_to_opt_out_of_48_hour_week":["Succeeded"]},"metadata":{"operationMetadataId":"19bf2b33-ac41-4656-8e85-b2c146b935e6"},"type":"OpenApiConnection","inputs":{"host":{"apiId":"/providers/Microsoft.PowerApps/apis/shared_sharepointonline","connectionName":"shared_sharepointonline","operationId":"GetFileContent"},"parameters":{"dataset":"https://mcadamlloyd.sharepoint.com/sites/ComplianceandQuality","id":"@outputs('Get_file_metadata_-_Agreement_to_opt_out_of_48_hour_week')?['body/Id']","inferContentType":true},"authentication":"@parameters('$authentication')"}},"Create_file_-_Agreement_to_opt_out_of_48_hour_week":{"runAfter":{"Get_file_content_-_Agreement_to_opt_out_of_48_hour_week":["Succeeded"]},"metadata":{"operationMetadataId":"62299416-f734-4daf-a34d-d5902350836d"},"type":"OpenApiConnection","inputs":{"host":{"apiId":"/providers/Microsoft.PowerApps/apis/shared_sharepointonline","connectionName":"shared_sharepointonline","operationId":"CreateFile"},"parameters":{"dataset":"https://mcadamlloyd.sharepoint.com/sites/HR","folderPath":"Shared Documents/Employee Files/PDM Empoyees/@{triggerOutputs()?['body/Title']}/Employee Confidential/Offer Letter Forms","name":"Agreement to opt out of 48 hour week - @{triggerOutputs()?['body/Title']}.docx","body":"@body('Get_file_content_-_Agreement_to_opt_out_of_48_hour_week')"},"authentication":"@parameters('$authentication')"},"runtimeConfiguration":{"contentTransfer":{"transferMode":"Chunked"}}},"Get_file_metadata_-_HMRC_Starter_Checklist":{"runAfter":{"Create_file_-_Agreement_to_opt_out_of_48_hour_week":["Succeeded"]},"metadata":{"%252fShared%2bDocuments%252fTemplates%2b-%2bPDM%252fHR%2b-%2bPeak%252fStarter-checklist_English_2022.pdf":"/Shared Documents/Templates - PDM/HR - Peak/Starter-checklist_English_2022.pdf","operationMetadataId":"ad3d1ebc-716e-4374-829c-f74b51c1d0a9"},"type":"OpenApiConnection","inputs":{"host":{"apiId":"/providers/Microsoft.PowerApps/apis/shared_sharepointonline","connectionName":"shared_sharepointonline","operationId":"GetFileMetadata"},"parameters":{"dataset":"https://mcadamlloyd.sharepoint.com/sites/ComplianceandQuality","id":"%252fShared%2bDocuments%252fTemplates%2b-%2bPDM%252fHR%2b-%2bPeak%252fStarter-checklist_English_2022.pdf"},"authentication":"@parameters('$authentication')"}},"Get_file_content_-_HMRC_Starter_Checklist":{"runAfter":{"Get_file_metadata_-_HMRC_Starter_Checklist":["Succeeded"]},"metadata":{"operationMetadataId":"b3baf469-33c6-42ea-b15b-79b4e405e2f5"},"type":"OpenApiConnection","inputs":{"host":{"apiId":"/providers/Microsoft.PowerApps/apis/shared_sharepointonline","connectionName":"shared_sharepointonline","operationId":"GetFileContent"},"parameters":{"dataset":"https://mcadamlloyd.sharepoint.com/sites/ComplianceandQuality","id":"@outputs('Get_file_metadata_-_HMRC_Starter_Checklist')?['body/Id']","inferContentType":true},"authentication":"@parameters('$authentication')"}},"Create_file_-_HMRC_Starter_Checklist":{"runAfter":{"Get_file_content_-_HMRC_Starter_Checklist":["Succeeded"]},"metadata":{"operationMetadataId":"f9651c30-6455-4a5a-ace5-ee0d69b4bd84"},"type":"OpenApiConnection","inputs":{"host":{"apiId":"/providers/Microsoft.PowerApps/apis/shared_sharepointonline","connectionName":"shared_sharepointonline","operationId":"CreateFile"},"parameters":{"dataset":"https://mcadamlloyd.sharepoint.com/sites/HR","folderPath":"Shared Documents/Employee Files/PDM Employees/@{triggerOutputs()?['body/Title']}/Employee Confidential/Offer Letter Forms","name":"HMRC Starter Checklist - @{triggerOutputs()?['body/Title']}.pdf","body":"@body('Get_file_content_-_HMRC_Starter_Checklist')"},"authentication":"@parameters('$authentication')"},"runtimeConfiguration":{"contentTransfer":{"transferMode":"Chunked"}}}}},"PEK":{"case":"PEK","actions":{"Get_file_metadata_-_Peak_Registration_Form":{"runAfter":{},"metadata":{"%252fPEK%2bCompliance%2bDocuments%252fPEK-TPT-003%2bPeak%2bPermanent%2bApplication%2bForm.docx":"/PEK Compliance Documents/PEK-TPT-003 Peak Permanent Application Form.docx","operationMetadataId":"d4776666-29e0-4366-a974-b524513e7512","%252fPEK%2bCompliance%2bDocuments%252fPEK-TPT-006%2bPeak%2bRegistration%2bForm.docx":"/PEK Compliance Documents/PEK-TPT-006 Peak Registration Form.docx"},"type":"OpenApiConnection","inputs":{"host":{"apiId":"/providers/Microsoft.PowerApps/apis/shared_sharepointonline","connectionName":"shared_sharepointonline","operationId":"GetFileMetadata"},"parameters":{"dataset":"https://mcadamlloyd.sharepoint.com/sites/ComplianceandQuality","id":"%252fPEK%2bCompliance%2bDocuments%252fPEK-TPT-006%2bPeak%2bRegistration%2bForm.docx"},"authentication":"@parameters('$authentication')"}},"Get_file_content_-_Peak_Registration_Form":{"runAfter":{"Get_file_metadata_-_Peak_Registration_Form":["Succeeded"]},"metadata":{"operationMetadataId":"ff38d0c7-7996-4baa-8fdc-f20a4e0214f5"},"type":"OpenApiConnection","inputs":{"host":{"apiId":"/providers/Microsoft.PowerApps/apis/shared_sharepointonline","connectionName":"shared_sharepointonline","operationId":"GetFileContent"},"parameters":{"dataset":"https://mcadamlloyd.sharepoint.com/sites/ComplianceandQuality","id":"@outputs('Get_file_metadata_-_Peak_Registration_Form')?['body/Id']","inferContentType":true},"authentication":"@parameters('$authentication')"}},"Create_file_-_Peak_Registration_Form":{"runAfter":{"Get_file_content_-_Peak_Registration_Form":["Succeeded"]},"metadata":{"operationMetadataId":"4cd9937a-97ae-43e9-9b1b-eae3dece3100"},"type":"OpenApiConnection","inputs":{"host":{"apiId":"/providers/Microsoft.PowerApps/apis/shared_sharepointonline","connectionName":"shared_sharepointonline","operationId":"CreateFile"},"parameters":{"dataset":"https://mcadamlloyd.sharepoint.com/sites/HR","folderPath":"Shared Documents/Employee Files/Peak Temporary Workers/@{triggerOutputs()?['body/Title']}/Employee Confidential/Offer Letter Forms","name":"Registration Form - @{triggerOutputs()?['body/Title']}.docx","body":"@body('Get_file_content_-_Peak_Registration_Form')"},"authentication":"@parameters('$authentication')"},"runtimeConfiguration":{"contentTransfer":{"transferMode":"Chunked"}}},"Get_file_metadata_-_Peak_Health_Questionnaire":{"runAfter":{"Create_file_-_Peak_Registration_Form":["Succeeded"]},"metadata":{"%252fPEK%2bCompliance%2bDocuments%252fPEK-TPT-004%2bPeak%2bHealth%2bQuestionaire.docx":"/PEK Compliance Documents/PEK-TPT-004 Peak Health Questionaire.docx","operationMetadataId":"76d74837-6878-484b-bb3d-dc8a3accab02"},"type":"OpenApiConnection","inputs":{"host":{"apiId":"/providers/Microsoft.PowerApps/apis/shared_sharepointonline","connectionName":"shared_sharepointonline","operationId":"GetFileMetadata"},"parameters":{"dataset":"https://mcadamlloyd.sharepoint.com/sites/ComplianceandQuality","id":"%252fPEK%2bCompliance%2bDocuments%252fPEK-TPT-004%2bPeak%2bHealth%2bQuestionaire.docx"},"authentication":"@parameters('$authentication')"}},"Get_file_content_-_Peak_Health_Questionnaire":{"runAfter":{"Get_file_metadata_-_Peak_Health_Questionnaire":["Succeeded"]},"metadata":{"operationMetadataId":"3741f835-3052-42a5-8cb0-c6a4ea6099e8"},"type":"OpenApiConnection","inputs":{"host":{"apiId":"/providers/Microsoft.PowerApps/apis/shared_sharepointonline","connectionName":"shared_sharepointonline","operationId":"GetFileContent"},"parameters":{"dataset":"https://mcadamlloyd.sharepoint.com/sites/ComplianceandQuality","id":"@outputs('Get_file_metadata_-_Peak_Health_Questionnaire')?['body/Id']","inferContentType":true},"authentication":"@parameters('$authentication')"}},"Create_file_-_Peak_Health_Questionnaire":{"runAfter":{"Get_file_content_-_Peak_Health_Questionnaire":["Succeeded"]},"metadata":{"operationMetadataId":"f4deb36b-a5d4-41f7-b933-52baa796cc82"},"type":"OpenApiConnection","inputs":{"host":{"apiId":"/providers/Microsoft.PowerApps/apis/shared_sharepointonline","connectionName":"shared_sharepointonline","operationId":"CreateFile"},"parameters":{"dataset":"https://mcadamlloyd.sharepoint.com/sites/HR","folderPath":"Shared Documents/Employee Files/Peak Temporary/@{triggerOutputs()?['body/Title']}/Employee Confidential/Offer Letter Forms","name":"Registration Form - @{triggerOutputs()?['body/Title']}.docx","body":"@body('Get_file_content_-_Peak_Health_Questionnaire')"},"authentication":"@parameters('$authentication')"},"runtimeConfiguration":{"contentTransfer":{"transferMode":"Chunked"}}},"Get_file_metadata_-_Terms_of_Engagement":{"runAfter":{"Create_file_-_Peak_Health_Questionnaire":["Succeeded"]},"metadata":{"%252fPEK%2bCompliance%2bDocuments%252fPEK-TPT-008%2bTerms%2bof%2bEngagement.docx":"/PEK Compliance Documents/PEK-TPT-008 Terms of Engagement.docx","operationMetadataId":"626bbe46-3708-4464-ad06-af3f36b0d644"},"type":"OpenApiConnection","inputs":{"host":{"apiId":"/providers/Microsoft.PowerApps/apis/shared_sharepointonline","connectionName":"shared_sharepointonline","operationId":"GetFileMetadata"},"parameters":{"dataset":"https://mcadamlloyd.sharepoint.com/sites/ComplianceandQuality","id":"%252fPEK%2bCompliance%2bDocuments%252fPEK-TPT-008%2bTerms%2bof%2bEngagement.docx"},"authentication":"@parameters('$authentication')"}},"Get_file_content_-_Terms_of_Engagement":{"runAfter":{"Get_file_metadata_-_Terms_of_Engagement":["Succeeded"]},"metadata":{"operationMetadataId":"0ee7b610-763d-4e0e-9c21-fc591b197b22"},"type":"OpenApiConnection","inputs":{"host":{"apiId":"/providers/Microsoft.PowerApps/apis/shared_sharepointonline","connectionName":"shared_sharepointonline","operationId":"GetFileContent"},"parameters":{"dataset":"https://mcadamlloyd.sharepoint.com/sites/ComplianceandQuality","id":"@outputs('Get_file_metadata_-_Terms_of_Engagement')?['body/Id']","inferContentType":true},"authentication":"@parameters('$authentication')"}},"Create_file_-_Terms_of_Engagement":{"runAfter":{"Get_file_content_-_Terms_of_Engagement":["Succeeded"]},"metadata":{"operationMetadataId":"be6b8ad1-aae9-4e38-9890-cebc33c9e397"},"type":"OpenApiConnection","inputs":{"host":{"apiId":"/providers/Microsoft.PowerApps/apis/shared_sharepointonline","connectionName":"shared_sharepointonline","operationId":"CreateFile"},"parameters":{"dataset":"https://mcadamlloyd.sharepoint.com/sites/HR","folderPath":"Shared Documents/Employee Files/Peak Temporary Workers/@{triggerOutputs()?['body/Title']}/Employee Confidential/Offer Letter Forms","name":"Terms of Engagement - @{triggerOutputs()?['body/Title']}.docx","body":"@body('Get_file_content_-_Terms_of_Engagement')"},"authentication":"@parameters('$authentication')"},"runtimeConfiguration":{"contentTransfer":{"transferMode":"Chunked"}}},"Get_file_metadata_-_Peak_HMRC_Starter_Checklist":{"runAfter":{"Create_file_-_Terms_of_Engagement":["Succeeded"]},"metadata":{"operationMetadataId":"5654d80b-4742-4978-83b4-511a74c21d06"},"type":"OpenApiConnection","inputs":{"host":{"apiId":"/providers/Microsoft.PowerApps/apis/shared_sharepointonline","connectionName":"shared_sharepointonline","operationId":"GetFileMetadata"},"parameters":{"dataset":"https://mcadamlloyd.sharepoint.com/sites/ComplianceandQuality","id":"/Shared Documents/Templates - PDM/HR - Peak/Starter-checklist_English_2022.pdf"},"authentication":"@parameters('$authentication')"}},"Get_file_content_-_Peak_HMRC_Starter_Checklist":{"runAfter":{"Get_file_metadata_-_Peak_HMRC_Starter_Checklist":["Succeeded"]},"metadata":{"operationMetadataId":"7fc59ccd-ab47-47b9-ba4c-f0a771b68fa5"},"type":"OpenApiConnection","inputs":{"host":{"apiId":"/providers/Microsoft.PowerApps/apis/shared_sharepointonline","connectionName":"shared_sharepointonline","operationId":"GetFileContent"},"parameters":{"dataset":"https://mcadamlloyd.sharepoint.com/sites/ComplianceandQuality","id":"@outputs('Get_file_metadata_-_Peak_HMRC_Starter_Checklist')?['body/Id']","inferContentType":true},"authentication":"@parameters('$authentication')"}},"Create_file_-_Peak_HMRC_Starter_Checklist":{"runAfter":{"Get_file_content_-_Peak_HMRC_Starter_Checklist":["Succeeded"]},"metadata":{"operationMetadataId":"3ba2a9c4-be6a-4fa3-bc79-be20479bb415"},"type":"OpenApiConnection","inputs":{"host":{"apiId":"/providers/Microsoft.PowerApps/apis/shared_sharepointonline","connectionName":"shared_sharepointonline","operationId":"CreateFile"},"parameters":{"dataset":"https://mcadamlloyd.sharepoint.com/sites/HR","folderPath":"Shared Documents/Employee Files/Peak Temporary Workers/@{triggerOutputs()?['body/Title']}/Employee Confidential/Offer Letter Forms","name":"HMRC Starter Checklist - @{triggerOutputs()?['body/Title']}.pdf","body":"@body('Get_file_content_-_Peak_HMRC_Starter_Checklist')"},"authentication":"@parameters('$authentication')"},"runtimeConfiguration":{"contentTransfer":{"transferMode":"Chunked"}}}}}},"default":{"actions":{}},"expression":"@triggerOutputs()?['body/OfferType/Value']","metadata":{"operationMetadataId":"5fe8f56e-5faf-46b1-8e95-36a5a48b15a4"},"type":"Switch"}}},"connectionReferences":{"shared_sharepointonline":{"connectionName":"6b8841c510124e29929ca4cbf098ca2e","source":"Embedded","id":"/providers/Microsoft.PowerApps/apis/shared_sharepointonline","tier":"NotSpecified"},"shared_azuread_1":{"connectionName":"shared-azuread-bb198474-b54c-4fd2-a0fb-79cfcdf8dbe7","source":"Embedded","id":"/providers/Microsoft.PowerApps/apis/shared_azuread","tier":"NotSpecified"}},"flowFailureAlertSubscribed":false,"isManaged":false}}