{"name":"fd3077aa-2d76-439a-8fb2-d1cb056fae63","id":"/providers/Microsoft.Flow/flows/fd3077aa-2d76-439a-8fb2-d1cb056fae63","type":"Microsoft.Flow/flows","properties":{"apiId":"/providers/Microsoft.PowerApps/apis/shared_logicflows","displayName":"Request Approval [IS & Compliance]","definition":{"metadata":{"workflowEntityId":null,"processAdvisorMetadata":null,"flowclientsuspensionreason":"AllActionsFailingDetected","flowclientsuspensiontime":"2023-05-14T09:21:33.6468434Z","flowclientsuspensionreasondetails":"Your flow has failed consistently for 14 days. We disabled it on 5/14/2023 9:21:33 AM.","creator":{"id":"d80946cf-9971-4e62-a505-94a91fdf95b2","type":"User","tenantId":"eebf42f0-fb5a-460f-a80a-1b6593988a6e"},"provisioningMethod":"FromDefinition","failureAlertSubscription":true,"clientLastModifiedTime":"2023-05-24T14:07:17.6695486Z"},"$schema":"https://schema.management.azure.com/providers/Microsoft.Logic/schemas/2016-06-01/workflowdefinition.json#","contentVersion":"1.0.0.0","parameters":{"$connections":{"defaultValue":{},"type":"Object"},"$authentication":{"defaultValue":{},"type":"SecureObject"},"sharepoint.site":{"defaultValue":"","type":"String"},"sharepoint.list":{"defaultValue":"","type":"String"}},"triggers":{"manual":{"splitOn":"@triggerBody()['rows']","metadata":{"operationMetadataId":"bfa1312e-0d7a-473e-8be2-409c8c2ec65a"},"type":"Request","kind":"ApiConnection","inputs":{"schema":{"type":"object","properties":{"rows":{"type":"array","items":{"type":"object","properties":{"text":{"title":"Request","type":"string","x-ms-dynamically-added":true,"description":"Please enter your message sent to the approvers","x-ms-content-hint":"TEXT"},"entity":{"type":"object","properties":{"ID":{"title":"ID","type":"integer","format":"int64"}},"required":["ID"]}},"required":["text","entity"]}}},"required":["rows"]},"host":{"connection":{"name":"@parameters('$connections')['shared_sharepointonline']['connectionId']"},"api":{"runtimeUrl":"https://uk-001.azure-apim.net/apim/sharepointonline"}},"operationId":"ForASelectedFileHybridTrigger","parameters":{"dataset":"https://assureddt.sharepoint.com/sites/ISCompliance","table":"119edc4b-aeae-4feb-8d22-890887d6c895"},"headersSchema":{"x-ms-user-name-encoded":{"title":"User name","type":"string","format":"byte","x-ms-dynamically-added":false},"x-ms-user-email-encoded":{"title":"User email","type":"string","format":"byte","x-ms-dynamically-added":false}}}}},"actions":{"Initialize_approval_done_variable":{"runAfter":{"Get_file_properties":["Succeeded"]},"metadata":{"operationMetadataId":"1af9a455-bcab-4519-9cd8-00f999f17593"},"type":"InitializeVariable","inputs":{"variables":[{"name":"approvalDone","type":"boolean","value":"@false"}]}},"Set_variable":{"runAfter":{"Wait_for_an_approval":["Succeeded"]},"metadata":{"operationMetadataId":"3b90219d-988f-411d-9553-e7e1fea10d76"},"type":"SetVariable","inputs":{"name":"approvalDone","value":"@true"}},"Initialize_approvers_list_variable":{"runAfter":{"Initialize_approval_done_variable":["Succeeded"]},"metadata":{"operationMetadataId":"8f387bfc-afcd-4138-8e90-8f76a7d04b14"},"type":"InitializeVariable","inputs":{"variables":[{"name":"approversList","type":"string"}]}},"Initialize_approval_respond_link_variable":{"runAfter":{"Initialize_approvers_list_variable":["Succeeded"]},"metadata":{"operationMetadataId":"47935a3c-9c75-4899-ba85-51a06e8a29b6"},"type":"InitializeVariable","inputs":{"variables":[{"name":"approvalRespondLink","type":"string"}]}},"Set_respond_to_approval_link":{"runAfter":{"Create_an_approval":["Succeeded"]},"metadata":{"operationMetadataId":"7839bcdf-29b6-4021-bb3e-57b63a9796e8"},"type":"SetVariable","inputs":{"name":"approvalRespondLink","value":"@body('Create_an_approval')?['respondLink']"}},"Wait_for_an_approval":{"runAfter":{"Set_respond_to_approval_link":["Succeeded"]},"metadata":{"flowSystemMetadata":{"swaggerOperationId":"WaitForAnApproval"},"operationMetadataId":"6cdfe6b9-173f-4b62-88cc-03d273b85780"},"type":"ApiConnectionWebhook","inputs":{"host":{"connection":{"name":"@json(decodeBase64(triggerOutputs().headers['X-MS-APIM-Tokens']))['$connections']['shared_approvals']['connectionId']"},"api":{"runtimeUrl":"https://uk-001.azure-apim.net/apim/approvals"}},"body":{"notificationUrl":"@{listCallbackUrl()}"},"path":"/approvals/@{encodeURIComponent(body('Create_an_approval')?['name'])}/subscriptions","authentication":{"type":"Raw","value":"@json(decodeBase64(triggerOutputs().headers['X-MS-APIM-Tokens']))['$ConnectionKey']"}}},"Select":{"runAfter":{"Set_variable":["Succeeded"]},"metadata":{"operationMetadataId":"88c8be1e-e611-472f-9965-4c3280dc1be2"},"type":"Select","inputs":{"from":"@body('Wait_for_an_approval')?['responses']","select":{"Approver":"@item()?['responder']?['displayName']","Comments":"@if(empty(item()?['comments']),'No comments',item()['comments'])","Response":"@item()?['approverResponse']"}}},"Create_HTML_table":{"runAfter":{"Select":["Succeeded"]},"metadata":{"operationMetadataId":"40cf76bc-05f7-4d83-919d-2c4451dae31b"},"type":"Table","inputs":{"from":"@body('Select')","format":"HTML"}},"HTML_Table_with_Styles":{"runAfter":{"Create_HTML_table":["Succeeded"]},"metadata":{"operationMetadataId":"2e430a96-53b5-48c5-ae6b-9fd21cab68e9"},"type":"Compose","inputs":"<style>\ntable {\n  width: 100%;\n  background-color: #FFFFFF;\n  border-collapse: collapse;\n  border-width: 2px;\n  border-color: #7EA8F8;\n  border-style: solid;\n  color: #000000;\n  text-align: left;\n}\n\ntable td, table th {\n  border-width: 2px;\n  border-color: #7EA8F8;\n  border-style: solid;\n  padding: 5px;\n}\n\ntable thead {\n  background-color: #DEDEDE;\n}\n</style>\n@{body('Create_HTML_table')}"},"Create_an_approval":{"runAfter":{"Send_an_email_(V2)":["Succeeded"]},"metadata":{"flowSystemMetadata":{"swaggerOperationId":"CreateAnApproval"},"operationMetadataId":"ab27c9d7-44d7-4a9e-9df3-7a6333db062c"},"type":"ApiConnection","inputs":{"host":{"connection":{"name":"@json(decodeBase64(triggerOutputs().headers['X-MS-APIM-Tokens']))['$connections']['shared_approvals']['connectionId']"},"api":{"runtimeUrl":"https://uk-001.azure-apim.net/apim/approvals"}},"method":"post","body":{"title":"Please approve @{body('Get_file_properties')?['Title']}","assignedTo":"@{body('Get_file_properties')?['Document_x0020_Approver']?['Email']};","details":"The item '@{body('Get_file_properties')?['{Name}']}' is submitted for approval by @{base64ToString(triggerOutputs()['headers']['x-ms-user-name-encoded'])}\n\nThe message with the request:\n@{triggerBody()['text']}\n\nPlease review, and then approve or reject the request.","itemLink":"@body('Get_file_properties')?['{Link}']","itemLinkDescription":"@body('Get_file_properties')?['{Name}']","requestor":"@{base64ToString(triggerOutputs()['headers']['x-ms-user-email-encoded'])};","enableNotifications":true,"enableReassignment":true},"path":"/types/@{encodeURIComponent('Basic')}","authentication":{"type":"Raw","value":"@json(decodeBase64(triggerOutputs().headers['X-MS-APIM-Tokens']))['$ConnectionKey']"}}},"Check_if_request_is_approved":{"actions":{"Item_approved":{"runAfter":{},"metadata":{"flowSystemMetadata":{"swaggerOperationId":"SendEmailV2"},"operationMetadataId":"0d5e82c0-8696-48c1-9d59-8dcb21a07dc9"},"type":"ApiConnection","inputs":{"host":{"connection":{"name":"@json(decodeBase64(triggerOutputs().headers['X-MS-APIM-Tokens']))['$connections']['shared_office365']['connectionId']"},"api":{"runtimeUrl":"https://uk-001.azure-apim.net/apim/office365"}},"method":"post","body":{"To":"@{body('Get_file_properties')?['Document_x0020_Owner']?['Email']};@{base64ToString(triggerOutputs()['headers']['x-ms-user-email-encoded'])}","Subject":"File: Approved","Body":"<p>Your request for '@{body('Get_file_properties')?['{Name}']}' has been approved.<br>\n<br>\nApproval details below:<br>\n<br>\n@{outputs('HTML_Table_with_Styles')}</p>","From":"approvals@assureddigitaltech.com","Importance":"High"},"path":"/v2/Mail","authentication":{"type":"Raw","value":"@json(decodeBase64(triggerOutputs().headers['X-MS-APIM-Tokens']))['$ConnectionKey']"}}},"Update_file_properties":{"runAfter":{"Item_approved":["Succeeded"]},"metadata":{"flowSystemMetadata":{"swaggerOperationId":"PatchFileItem"},"operationMetadataId":"620bf0d8-cfdd-439c-b06c-4b4cd0527125"},"type":"ApiConnection","inputs":{"host":{"connection":{"name":"@json(decodeBase64(triggerOutputs().headers['X-MS-APIM-Tokens']))['$connections']['shared_sharepointonline']['connectionId']"},"api":{"runtimeUrl":"https://uk-001.azure-apim.net/apim/sharepointonline"}},"method":"patch","body":{"Last_x0020_Reviewed_x0020_Date":"@{utcNow()}","Archive":false},"path":"/datasets/@{encodeURIComponent(encodeURIComponent('https://assureddt.sharepoint.com/sites/ISCompliance'))}/tables/@{encodeURIComponent(encodeURIComponent('119edc4b-aeae-4feb-8d22-890887d6c895'))}/items/@{encodeURIComponent(body('Get_file_properties')?['ID'])}/patchfileitem","authentication":{"type":"Raw","value":"@json(decodeBase64(triggerOutputs().headers['X-MS-APIM-Tokens']))['$ConnectionKey']"}}},"Add_to_time":{"runAfter":{"Update_file_properties":["Succeeded"]},"metadata":{"operationMetadataId":"bf983c93-e7bc-45ac-be87-5f86eabf5072"},"type":"Expression","kind":"AddToTime","inputs":{"baseTime":"@body('Get_file_properties')?['Last_x0020_Reviewed_x0020_Date']","interval":12,"timeUnit":"Month"}},"Update_file_properties_2":{"runAfter":{"Add_to_time":["Succeeded"]},"metadata":{"flowSystemMetadata":{"swaggerOperationId":"PatchFileItem"},"operationMetadataId":"3da79ff9-f05e-4a89-8024-a622d3591c4e"},"type":"ApiConnection","inputs":{"host":{"connection":{"name":"@json(decodeBase64(triggerOutputs().headers['X-MS-APIM-Tokens']))['$connections']['shared_sharepointonline']['connectionId']"},"api":{"runtimeUrl":"https://uk-001.azure-apim.net/apim/sharepointonline"}},"method":"patch","body":{"Next_x0020_Review_x0020_Date":"@body('Add_to_time')"},"path":"/datasets/@{encodeURIComponent(encodeURIComponent('https://assureddt.sharepoint.com/sites/ISCompliance'))}/tables/@{encodeURIComponent(encodeURIComponent('119edc4b-aeae-4feb-8d22-890887d6c895'))}/items/@{encodeURIComponent(body('Get_file_properties')?['ID'])}/patchfileitem","authentication":{"type":"Raw","value":"@json(decodeBase64(triggerOutputs().headers['X-MS-APIM-Tokens']))['$ConnectionKey']"}}}},"runAfter":{"Get_file_metadata":["Succeeded"]},"else":{"actions":{"Item_rejected":{"runAfter":{},"metadata":{"flowSystemMetadata":{"swaggerOperationId":"SendEmailV2"},"operationMetadataId":"303f9658-9f4e-48a3-9a52-866df4c29c76"},"type":"ApiConnection","inputs":{"host":{"connection":{"name":"@json(decodeBase64(triggerOutputs().headers['X-MS-APIM-Tokens']))['$connections']['shared_office365']['connectionId']"},"api":{"runtimeUrl":"https://uk-001.azure-apim.net/apim/office365"}},"method":"post","body":{"To":"@{body('Get_file_properties')?['Document_x0020_Owner']?['Email']};@{base64ToString(triggerOutputs()['headers']['x-ms-user-email-encoded'])}","Subject":"File: Rejected","Body":"<p>Your request for '@{body('Get_file_properties')?['{Name}']}' has been rejected.<br>\n<br>\nApproval details below:<br>\n<br>\n@{outputs('HTML_Table_with_Styles')}</p>","From":"approvals@assureddigitaltech.com","Importance":"High"},"path":"/v2/Mail","authentication":{"type":"Raw","value":"@json(decodeBase64(triggerOutputs().headers['X-MS-APIM-Tokens']))['$ConnectionKey']"}}}}},"expression":"@equals(body('Wait_for_an_approval')?['outcome'], 'Approve')","metadata":{"operationMetadataId":"ca1cbac2-948f-472a-900c-cc1c26703833"},"type":"If"},"Get_file_properties":{"runAfter":{},"metadata":{"flowSystemMetadata":{"swaggerOperationId":"GetFileItem"},"operationMetadataId":"edead7c1-4fe1-4411-9cf3-a36b51672ef2"},"type":"ApiConnection","inputs":{"host":{"connection":{"name":"@json(decodeBase64(triggerOutputs().headers['X-MS-APIM-Tokens']))['$connections']['shared_sharepointonline']['connectionId']"},"api":{"runtimeUrl":"https://uk-001.azure-apim.net/apim/sharepointonline"}},"method":"get","path":"/datasets/@{encodeURIComponent(encodeURIComponent('https://assureddt.sharepoint.com/sites/ISCompliance'))}/tables/@{encodeURIComponent(encodeURIComponent('119edc4b-aeae-4feb-8d22-890887d6c895'))}/items/@{encodeURIComponent(triggerBody()?['entity']?['ID'])}/getfileitem","authentication":{"type":"Raw","value":"@json(decodeBase64(triggerOutputs().headers['X-MS-APIM-Tokens']))['$ConnectionKey']"}}},"Get_file_metadata":{"runAfter":{"HTML_Table_with_Styles":["Succeeded"]},"metadata":{"flowSystemMetadata":{"swaggerOperationId":"GetFileMetadata"},"operationMetadataId":"2119083a-29e3-4113-a832-f66061e32e34"},"type":"ApiConnection","inputs":{"host":{"connection":{"name":"@json(decodeBase64(triggerOutputs().headers['X-MS-APIM-Tokens']))['$connections']['shared_sharepointonline']['connectionId']"},"api":{"runtimeUrl":"https://uk-001.azure-apim.net/apim/sharepointonline"}},"method":"get","path":"/datasets/@{encodeURIComponent(encodeURIComponent('https://assureddt.sharepoint.com/sites/ISCompliance'))}/files/@{encodeURIComponent(body('Get_file_properties')?['{Identifier}'])}","authentication":{"type":"Raw","value":"@json(decodeBase64(triggerOutputs().headers['X-MS-APIM-Tokens']))['$ConnectionKey']"}}},"Set_content_approval_status_3":{"runAfter":{"Check_if_request_is_approved":["Succeeded"]},"metadata":{"flowSystemMetadata":{"swaggerOperationId":"SetApprovalStatus"},"operationMetadataId":"ec17d031-68a3-4c96-a5ab-1342ef1b0dc0"},"type":"ApiConnection","inputs":{"host":{"connection":{"name":"@json(decodeBase64(triggerOutputs().headers['X-MS-APIM-Tokens']))['$connections']['shared_sharepointonline']['connectionId']"},"api":{"runtimeUrl":"https://uk-001.azure-apim.net/apim/sharepointonline"}},"method":"post","path":"/datasets/@{encodeURIComponent(encodeURIComponent('https://assureddt.sharepoint.com/sites/ISCompliance'))}/tables/@{encodeURIComponent(encodeURIComponent('119edc4b-aeae-4feb-8d22-890887d6c895'))}/items/@{encodeURIComponent(encodeURIComponent(body('Get_file_metadata')?['ItemId']))}/setapprovalstatus","queries":{"approvalAction":"Submit","comments":"","entityTag":"@body('Get_file_metadata')?['ETag']"},"authentication":{"type":"Raw","value":"@json(decodeBase64(triggerOutputs().headers['X-MS-APIM-Tokens']))['$ConnectionKey']"}}},"Condition":{"actions":{"Set_content_approval_status":{"runAfter":{},"metadata":{"flowSystemMetadata":{"swaggerOperationId":"SetApprovalStatus"},"operationMetadataId":"b03beaf9-1d1c-4c66-9be1-7377f5a580d3"},"type":"ApiConnection","inputs":{"host":{"connection":{"name":"@json(decodeBase64(triggerOutputs().headers['X-MS-APIM-Tokens']))['$connections']['shared_sharepointonline']['connectionId']"},"api":{"runtimeUrl":"https://uk-001.azure-apim.net/apim/sharepointonline"}},"method":"post","path":"/datasets/@{encodeURIComponent(encodeURIComponent('https://assureddt.sharepoint.com/sites/ISCompliance'))}/tables/@{encodeURIComponent(encodeURIComponent('119edc4b-aeae-4feb-8d22-890887d6c895'))}/items/@{encodeURIComponent(encodeURIComponent(body('Get_file_metadata')?['ItemId']))}/setapprovalstatus","queries":{"approvalAction":"Approve","comments":"","entityTag":"@body('Set_content_approval_status_3')?['ETag']"},"authentication":{"type":"Raw","value":"@json(decodeBase64(triggerOutputs().headers['X-MS-APIM-Tokens']))['$ConnectionKey']"}}}},"runAfter":{"Set_content_approval_status_3":["Succeeded"]},"else":{"actions":{"Set_content_approval_status_2":{"runAfter":{},"metadata":{"flowSystemMetadata":{"swaggerOperationId":"SetApprovalStatus"},"operationMetadataId":"fd7ab5d9-2399-45d2-842d-85fdc8c91220"},"type":"ApiConnection","inputs":{"host":{"connection":{"name":"@json(decodeBase64(triggerOutputs().headers['X-MS-APIM-Tokens']))['$connections']['shared_sharepointonline']['connectionId']"},"api":{"runtimeUrl":"https://uk-001.azure-apim.net/apim/sharepointonline"}},"method":"post","path":"/datasets/@{encodeURIComponent(encodeURIComponent('https://assureddt.sharepoint.com/sites/ISCompliance'))}/tables/@{encodeURIComponent(encodeURIComponent('119edc4b-aeae-4feb-8d22-890887d6c895'))}/items/@{encodeURIComponent(encodeURIComponent(body('Get_file_metadata')?['ItemId']))}/setapprovalstatus","queries":{"approvalAction":"Reject","comments":"","entityTag":"@body('Set_content_approval_status_3')?['ETag']"},"authentication":{"type":"Raw","value":"@json(decodeBase64(triggerOutputs().headers['X-MS-APIM-Tokens']))['$ConnectionKey']"}}}}},"expression":{"equals":["@body('Wait_for_an_approval')?['outcome']","Approve"]},"metadata":{"operationMetadataId":"a0d50ba6-7149-4a19-b828-18b8b98d104b"},"type":"If"},"Send_an_email_(V2)":{"runAfter":{"Initialize_approval_respond_link_variable":["Succeeded"]},"metadata":{"flowSystemMetadata":{"swaggerOperationId":"SendEmailV2"},"operationMetadataId":"216daeaa-3027-4ae9-91e7-26e38a1a2569"},"type":"ApiConnection","inputs":{"host":{"connection":{"name":"@json(decodeBase64(triggerOutputs().headers['X-MS-APIM-Tokens']))['$connections']['shared_office365_1']['connectionId']"},"api":{"runtimeUrl":"https://uk-001.azure-apim.net/apim/office365"}},"method":"post","body":{"To":"@body('Get_file_properties')?['Document_x0020_Owner']?['Email']","Subject":"Approval Requested For: @{body('Get_file_properties')?['{Name}']}","Body":"<p>An approval has been triggered for: <br>\n<br>\n@{body('Get_file_properties')?['{Name}']}<br>\n<br>\nRequested By: @{base64ToString(triggerOutputs()['headers']['x-ms-user-name-encoded'])}<br>\n<br>\nAn approval has been sent to: @{body('Get_file_properties')?['Document_x0020_Approver']?['DisplayName']}</p>","From":"approvals@assureddigitaltech.com","Cc":"@base64ToString(triggerOutputs()['headers']['x-ms-user-email-encoded'])","Bcc":"Andrew.Strachan@assureddigitaltech.com","Importance":"High"},"path":"/v2/Mail","authentication":{"type":"Raw","value":"@json(decodeBase64(triggerOutputs().headers['X-MS-APIM-Tokens']))['$ConnectionKey']"}}}},"description":"Request approval (first to respond) for a selected file in a SharePoint library, along with approval reminder options."},"connectionReferences":{"shared_approvals":{"connectionName":"shared-approvals-67695f6a-1267-4ac7-9b81-97ff17564ba8","source":"Invoker","id":"/providers/Microsoft.PowerApps/apis/shared_approvals","tier":"NotSpecified"},"shared_office365":{"connectionName":"shared-office365-9d2e5c99-c849-4336-98c7-9fae1d132a43","source":"Invoker","id":"/providers/Microsoft.PowerApps/apis/shared_office365","tier":"NotSpecified"},"shared_sharepointonline":{"connectionName":"shared-sharepointonl-eceac7d4-dffb-4774-a969-6deeb960fa0d","source":"Invoker","id":"/providers/Microsoft.PowerApps/apis/shared_sharepointonline","tier":"NotSpecified"},"shared_office365_1":{"connectionName":"shared-office365-76285799-5653-47ae-a89e-a73f309d6b6d","source":"Invoker","id":"/providers/Microsoft.PowerApps/apis/shared_office365","tier":"NotSpecified"}},"flowFailureAlertSubscribed":false,"isManaged":false}}