{"name":"9981b1cf-fb49-491b-898c-95d190d1d0ba","id":"/providers/Microsoft.Flow/flows/9981b1cf-fb49-491b-898c-95d190d1d0ba","type":"Microsoft.Flow/flows","properties":{"apiId":"/providers/Microsoft.PowerApps/apis/shared_logicflows","displayName":"Transition to Project Process","definition":{"metadata":{"workflowEntityId":null,"processAdvisorMetadata":null,"flowclientsuspensionreason":"None","flowclientsuspensiontime":null,"flowclientsuspensionreasondetails":null,"creator":{"id":"d80946cf-9971-4e62-a505-94a91fdf95b2","type":"User","tenantId":"eebf42f0-fb5a-460f-a80a-1b6593988a6e"},"provisioningMethod":"FromDefinition","failureAlertSubscription":true,"clientLastModifiedTime":"2023-03-07T12:58:48.4643597Z"},"$schema":"https://schema.management.azure.com/providers/Microsoft.Logic/schemas/2016-06-01/workflowdefinition.json#","contentVersion":"1.0.0.0","parameters":{"$connections":{"defaultValue":{},"type":"Object"},"$authentication":{"defaultValue":{},"type":"SecureObject"}},"triggers":{"When_a_new_response_is_submitted":{"splitOn":"@triggerOutputs()?['body/value']","metadata":{"operationMetadataId":"cdf9aa6d-cffa-4c3a-97e4-22845ccdcbef"},"type":"OpenApiConnectionWebhook","inputs":{"host":{"apiId":"/providers/Microsoft.PowerApps/apis/shared_microsoftforms","connectionName":"shared_microsoftforms","operationId":"CreateFormWebhook"},"parameters":{"form_id":"8EK_7lr7D0aoChtlk5iKbgwEJdW5JrxDtq38iYgeyZVUN0owNDlHSzJVUko0TFE2MjA0MEs0RExHTCQlQCN0PWcu"},"authentication":"@parameters('$authentication')"}}},"actions":{"Get_response_details":{"runAfter":{},"metadata":{"operationMetadataId":"c23ff67f-8799-4da6-bc06-fd9fc008a21f"},"type":"OpenApiConnection","inputs":{"host":{"apiId":"/providers/Microsoft.PowerApps/apis/shared_microsoftforms","connectionName":"shared_microsoftforms","operationId":"GetFormResponseById"},"parameters":{"form_id":"8EK_7lr7D0aoChtlk5iKbgwEJdW5JrxDtq38iYgeyZVUN0owNDlHSzJVUko0TFE2MjA0MEs0RExHTCQlQCN0PWcu","response_id":"@triggerOutputs()?['body/resourceData/responseId']"},"authentication":"@parameters('$authentication')"}},"Condition":{"actions":{"Email_to_Sales_Admin_for_Purchasing_Items":{"runAfter":{},"metadata":{"operationMetadataId":"fe427e33-7c5c-4130-ae25-b4fc63d91a8c"},"type":"OpenApiConnection","inputs":{"host":{"apiId":"/providers/Microsoft.PowerApps/apis/shared_office365","connectionName":"shared_office365","operationId":"SendEmailV2"},"parameters":{"emailMessage/To":"Matthew.Baker@assureddigitaltech.com","emailMessage/Subject":"@{outputs('Get_response_details')?['body/rf37e2ac260974fda86ee8d28049534a0']} - Items Requiring Purchase","emailMessage/Body":"<p>Hi,<br>\n<br>\n@{outputs('Get_response_details')?['body/rf37e2ac260974fda86ee8d28049534a0']} is requiring items to be purchased.<br>\n<br>\nPlease see costbook to view items: @{outputs('Get_response_details')?['body/rd03536ac227e425ba20a3e5db40e9a8c']}<br>\n<br>\nThank you</p>","emailMessage/From":"no.reply@assureddigitaltech.com","emailMessage/Importance":"High"},"authentication":"@parameters('$authentication')"}},"Populate_a_Microsoft_Word_template_-_Transition_to_Project":{"runAfter":{"Email_to_Sales_Admin_for_Purchasing_Items":["Succeeded"]},"metadata":{"0132MKOWNSRRGLMMJFIJDJ7RCR3V66PO2O":"/ADT-TPT-085 Transition to Project Document Template.docx","operationMetadataId":"b21d80e7-712e-4649-9a90-cfefb058a9a8"},"type":"OpenApiConnection","inputs":{"host":{"apiId":"/providers/Microsoft.PowerApps/apis/shared_wordonlinebusiness","connectionName":"shared_wordonlinebusiness","operationId":"CreateFileItem"},"parameters":{"source":"sites/assureddt.sharepoint.com,00436fb0-eb76-4475-97d1-f04032b02f93,3775ad6b-389a-46b5-bcb9-c5c66ea4b394","drive":"b!sG9DAHbrdUSX0fBAMrAvk2utdTeaOLVGvLnFxm6ks5Rxt8U7DBcxTrhqzHKD7qzv","file":"0132MKOWNSRRGLMMJFIJDJ7RCR3V66PO2O","dynamicFileSchema/67084580":"@outputs('Get_response_details')?['body/r3b2066d0e5c14255afd21e8d324a98ed']","dynamicFileSchema/186639913":"@outputs('Get_response_details')?['body/r44a70d77d22c43c49bea3f25ed090803']","dynamicFileSchema/314611177":"@outputs('Get_response_details')?['body/rf37e2ac260974fda86ee8d28049534a0']","dynamicFileSchema/388310189":"@outputs('Get_response_details')?['body/rb8994117560d47788a051ebbc2a1af1b']","dynamicFileSchema/419765465":"@outputs('Get_response_details')?['body/r7dff74644f7545e0b62144bf00b7a0eb']","dynamicFileSchema/542951096":"@outputs('Get_response_details')?['body/r7dff74644f7545e0b62144bf00b7a0eb']","dynamicFileSchema/947123913":"@outputs('Get_response_details')?['body/r68881b64e8374dfb908f6a09c95ad2fe']","dynamicFileSchema/1032611105":"@outputs('Get_response_details')?['body/r3ac21bcf35d14c36824334f336d8926b']","dynamicFileSchema/1038631438":"@outputs('Get_response_details')?['body/r2c56a5e6fe3645eba43c3d93a7f5454b']","dynamicFileSchema/1156725091":"@outputs('Get_response_details')?['body/rbcea3a65edfa4bb0887c371dfbaa6a81']","dynamicFileSchema/1367108211":"@outputs('Get_response_details')?['body/re63b647e9b4846a38d24302d78da9e55']","dynamicFileSchema/1811681042":"@outputs('Get_response_details')?['body/r8a3cfe7f8c0a46bea3d61c6abbeeddf1']","dynamicFileSchema/-1840532707":"@outputs('Get_response_details')?['body/r6069fad3ef72400894fe70bbb58d2afe']","dynamicFileSchema/-1800131165":"@outputs('Get_response_details')?['body/rb99f462a351d4d8e839ef9d961831f90']","dynamicFileSchema/-397676244":"@outputs('Get_response_details')?['body/r010e50c2b2774c5399b41ebd527f3a44']","dynamicFileSchema/-695931070":"@outputs('Get_response_details')?['body/rc7c9a788dfb44fbf99eebceab729d1a1']","dynamicFileSchema/-1574505152":"@outputs('Get_response_details')?['body/rfe5f88f4adfb45bd8b2e0d0833fde3d1']","dynamicFileSchema/-729994918":"@outputs('Get_response_details')?['body/r143ce0b7a0aa4156b0aa4e51d4b83767']","dynamicFileSchema/-502740531":"@outputs('Get_response_details')?['body/rde1aa24df46d4bbdbbac314b04b65e08']","dynamicFileSchema/-1354187412":"@outputs('Get_response_details')?['body/rcceb521f615c423cbe947daccd0a4ada']","dynamicFileSchema/-71743640":"@outputs('Get_response_details')?['body/r190f42bc8cdd4ba99a46332d5ae0a11a']","dynamicFileSchema/-715351022":"@outputs('Get_response_details')?['body/r7e85e9b81ad648b4af93daa47de80d10']"},"authentication":"@parameters('$authentication')"}},"Create_file_4":{"runAfter":{"Populate_a_Microsoft_Word_template_-_Transition_to_Project":["Succeeded"]},"metadata":{"operationMetadataId":"7d1f398f-f0f6-4d9e-ae99-743c233bfa8a"},"type":"OpenApiConnection","inputs":{"host":{"apiId":"/providers/Microsoft.PowerApps/apis/shared_sharepointonline","connectionName":"shared_sharepointonline","operationId":"CreateFile"},"parameters":{"dataset":"https://assureddt.sharepoint.com/sites/Testing","folderPath":"@{outputs('Get_response_details')?['body/rc7c9a788dfb44fbf99eebceab729d1a1']}/@{variables('TopLevelClientProjectFolderName')}/ADT-@{outputs('Get_response_details')?['body/r5ade85345cba4346b91c031735b515b6']}-@{outputs('Get_response_details')?['body/r19bfe3dbc06d4b58b3df07b769b0ca01']}","name":"ADT-@{outputs('Get_response_details')?['body/r5ade85345cba4346b91c031735b515b6']}-@{outputs('Get_response_details')?['body/r19bfe3dbc06d4b58b3df07b769b0ca01']}- Transition to Project.docx","body":"@body('Populate_a_Microsoft_Word_template_-_Transition_to_Project')"},"authentication":"@parameters('$authentication')"},"runtimeConfiguration":{"contentTransfer":{"transferMode":"Chunked"}}},"Start_and_wait_for_an_approval":{"runAfter":{"Get_file_properties":["Succeeded"]},"metadata":{"operationMetadataId":"55716a41-f513-40f8-9338-8a525ec9cf54"},"type":"OpenApiConnectionWebhook","inputs":{"host":{"apiId":"/providers/Microsoft.PowerApps/apis/shared_approvals","connectionName":"shared_approvals","operationId":"StartAndWaitForAnApproval"},"parameters":{"approvalType":"Basic","WebhookApprovalCreationInput/title":"ADT-@{outputs('Get_response_details')?['body/r5ade85345cba4346b91c031735b515b6']}-@{outputs('Get_response_details')?['body/r19bfe3dbc06d4b58b3df07b769b0ca01']}- Transition to Project","WebhookApprovalCreationInput/assignedTo":"Mel.Jady@assureddigitaltech.com;","WebhookApprovalCreationInput/details":"ADT-@{outputs('Get_response_details')?['body/r5ade85345cba4346b91c031735b515b6']}-@{outputs('Get_response_details')?['body/r19bfe3dbc06d4b58b3df07b769b0ca01']}- Transition to Project is ready for approval\n\nThere are items to be purchased which has been sent to Sales Admin.","WebhookApprovalCreationInput/itemLink":"@outputs('Get_file_properties')?['body/{Link}']","WebhookApprovalCreationInput/itemLinkDescription":"ADT-@{outputs('Get_response_details')?['body/r5ade85345cba4346b91c031735b515b6']}-@{outputs('Get_response_details')?['body/r19bfe3dbc06d4b58b3df07b769b0ca01']}- Transition to Project.docx","WebhookApprovalCreationInput/enableNotifications":true,"WebhookApprovalCreationInput/enableReassignment":true},"authentication":"@parameters('$authentication')"}},"Get_file_properties":{"runAfter":{"Create_file_4":["Succeeded"]},"metadata":{"operationMetadataId":"0b72e100-3f01-4c02-a8a8-785bec37d9a5"},"type":"OpenApiConnection","inputs":{"host":{"apiId":"/providers/Microsoft.PowerApps/apis/shared_sharepointonline","connectionName":"shared_sharepointonline","operationId":"GetFileItem"},"parameters":{"dataset":"https://assureddt.sharepoint.com/sites/Testing","table":"3bc5b771-170c-4e31-b86a-cc7283eeacef","id":"@outputs('Create_file_4')?['body/ItemId']"},"authentication":"@parameters('$authentication')"}},"Condition_2":{"actions":{"Item_approved":{"runAfter":{},"metadata":{"operationMetadataId":"6ecdb9ab-bfcc-44d2-979b-a4147898cab6"},"type":"OpenApiConnection","inputs":{"host":{"apiId":"/providers/Microsoft.PowerApps/apis/shared_office365","connectionName":"shared_office365_1","operationId":"SendEmailV2"},"parameters":{"emailMessage/To":"@outputs('Get_response_details')?['body/responder']","emailMessage/Subject":"Approved: ADT-@{outputs('Get_response_details')?['body/r5ade85345cba4346b91c031735b515b6']}-@{outputs('Get_response_details')?['body/r19bfe3dbc06d4b58b3df07b769b0ca01']}- Transition to Project","emailMessage/Body":"<p>Your request for approval on Transition to Project Document has been approved: &nbsp;<br>\n<br>\nClient Name: @{outputs('Get_response_details')?['body/rc7c9a788dfb44fbf99eebceab729d1a1']}<br>\n<br>\nAutotask Opp ID: @{outputs('Get_response_details')?['body/r5ade85345cba4346b91c031735b515b6']}<br>\n<br>\nProject Name: @{outputs('Get_response_details')?['body/r19bfe3dbc06d4b58b3df07b769b0ca01']}<br>\n<br>\nDetails below:<br>\n@{outputs('Start_and_wait_for_an_approval')?['body/details']}</p>","emailMessage/From":"approvals@assureddigitaltech.com","emailMessage/Importance":"High"},"authentication":"@parameters('$authentication')"}}},"runAfter":{"Start_and_wait_for_an_approval":["Succeeded"]},"else":{"actions":{"Item_Rejected":{"runAfter":{},"metadata":{"operationMetadataId":"0897e495-8e49-4481-8cba-ddb81cfb8892"},"type":"OpenApiConnection","inputs":{"host":{"apiId":"/providers/Microsoft.PowerApps/apis/shared_office365","connectionName":"shared_office365_1","operationId":"SendEmailV2"},"parameters":{"emailMessage/To":"@outputs('Get_response_details')?['body/responder']","emailMessage/Subject":"Rejected: ADT-@{outputs('Get_response_details')?['body/r5ade85345cba4346b91c031735b515b6']}-@{outputs('Get_response_details')?['body/r19bfe3dbc06d4b58b3df07b769b0ca01']}- Transition to Project","emailMessage/Body":"<p>Your request for approval on Transition to Project Document has been rejected: &nbsp;<br>\n<br>\nClient Name: @{outputs('Get_response_details')?['body/rc7c9a788dfb44fbf99eebceab729d1a1']}<br>\n<br>\nAutotask Opp ID: @{outputs('Get_response_details')?['body/r5ade85345cba4346b91c031735b515b6']}<br>\n<br>\nProject Name: @{outputs('Get_response_details')?['body/r19bfe3dbc06d4b58b3df07b769b0ca01']}<br>\n<br>\nDetails below:<br>\n@{outputs('Start_and_wait_for_an_approval')?['body/details']}</p>","emailMessage/From":"approvals@assureddigitaltech.com","emailMessage/Importance":"High"},"authentication":"@parameters('$authentication')"}}}},"expression":{"equals":["@outputs('Start_and_wait_for_an_approval')?['body/outcome']","Approve"]},"metadata":{"operationMetadataId":"2b9005fb-3e33-4387-8a4a-b1d27588b34c"},"type":"If"}},"runAfter":{"TopLevelClientProjectFolderName":["Succeeded"]},"else":{"actions":{"Populate_a_Microsoft_Word_template_-_Transition_to_Project_2":{"runAfter":{},"metadata":{"0132MKOWNSRRGLMMJFIJDJ7RCR3V66PO2O":"/ADT-TPT-085 Transition to Project Document Template.docx","operationMetadataId":"5cea8cfe-36f4-4a36-a79b-445b4e5bf309"},"type":"OpenApiConnection","inputs":{"host":{"apiId":"/providers/Microsoft.PowerApps/apis/shared_wordonlinebusiness","connectionName":"shared_wordonlinebusiness","operationId":"CreateFileItem"},"parameters":{"source":"sites/assureddt.sharepoint.com,00436fb0-eb76-4475-97d1-f04032b02f93,3775ad6b-389a-46b5-bcb9-c5c66ea4b394","drive":"b!sG9DAHbrdUSX0fBAMrAvk2utdTeaOLVGvLnFxm6ks5Rxt8U7DBcxTrhqzHKD7qzv","file":"0132MKOWNSRRGLMMJFIJDJ7RCR3V66PO2O","dynamicFileSchema/67084580":"@outputs('Get_response_details')?['body/r3b2066d0e5c14255afd21e8d324a98ed']","dynamicFileSchema/186639913":"@outputs('Get_response_details')?['body/r44a70d77d22c43c49bea3f25ed090803']","dynamicFileSchema/314611177":"@outputs('Get_response_details')?['body/rf37e2ac260974fda86ee8d28049534a0']","dynamicFileSchema/388310189":"@outputs('Get_response_details')?['body/rb8994117560d47788a051ebbc2a1af1b']","dynamicFileSchema/419765465":"@outputs('Get_response_details')?['body/r7dff74644f7545e0b62144bf00b7a0eb']","dynamicFileSchema/542951096":"@outputs('Get_response_details')?['body/r7dff74644f7545e0b62144bf00b7a0eb']","dynamicFileSchema/947123913":"@outputs('Get_response_details')?['body/r68881b64e8374dfb908f6a09c95ad2fe']","dynamicFileSchema/1032611105":"@outputs('Get_response_details')?['body/r3ac21bcf35d14c36824334f336d8926b']","dynamicFileSchema/1038631438":"@outputs('Get_response_details')?['body/r2c56a5e6fe3645eba43c3d93a7f5454b']","dynamicFileSchema/1156725091":"@outputs('Get_response_details')?['body/rbcea3a65edfa4bb0887c371dfbaa6a81']","dynamicFileSchema/1367108211":"@outputs('Get_response_details')?['body/re63b647e9b4846a38d24302d78da9e55']","dynamicFileSchema/1811681042":"@outputs('Get_response_details')?['body/r8a3cfe7f8c0a46bea3d61c6abbeeddf1']","dynamicFileSchema/-1840532707":"@outputs('Get_response_details')?['body/r6069fad3ef72400894fe70bbb58d2afe']","dynamicFileSchema/-1800131165":"@outputs('Get_response_details')?['body/rb99f462a351d4d8e839ef9d961831f90']","dynamicFileSchema/-397676244":"@outputs('Get_response_details')?['body/r010e50c2b2774c5399b41ebd527f3a44']","dynamicFileSchema/-695931070":"@outputs('Get_response_details')?['body/rc7c9a788dfb44fbf99eebceab729d1a1']","dynamicFileSchema/-1574505152":"@outputs('Get_response_details')?['body/rfe5f88f4adfb45bd8b2e0d0833fde3d1']","dynamicFileSchema/-729994918":"@outputs('Get_response_details')?['body/r143ce0b7a0aa4156b0aa4e51d4b83767']","dynamicFileSchema/-502740531":"@outputs('Get_response_details')?['body/rde1aa24df46d4bbdbbac314b04b65e08']","dynamicFileSchema/-1354187412":"@outputs('Get_response_details')?['body/rcceb521f615c423cbe947daccd0a4ada']","dynamicFileSchema/-71743640":"@outputs('Get_response_details')?['body/r190f42bc8cdd4ba99a46332d5ae0a11a']","dynamicFileSchema/-715351022":"@outputs('Get_response_details')?['body/r7e85e9b81ad648b4af93daa47de80d10']"},"authentication":"@parameters('$authentication')"}},"Create_file":{"runAfter":{"Populate_a_Microsoft_Word_template_-_Transition_to_Project_2":["Succeeded"]},"metadata":{"operationMetadataId":"7d1f398f-f0f6-4d9e-ae99-743c233bfa8a"},"type":"OpenApiConnection","inputs":{"host":{"apiId":"/providers/Microsoft.PowerApps/apis/shared_sharepointonline","connectionName":"shared_sharepointonline","operationId":"CreateFile"},"parameters":{"dataset":"https://assureddt.sharepoint.com/sites/Testing","folderPath":"@{outputs('Get_response_details')?['body/rc7c9a788dfb44fbf99eebceab729d1a1']}/@{variables('TopLevelClientProjectFolderName')}/ADT-@{outputs('Get_response_details')?['body/r5ade85345cba4346b91c031735b515b6']}-@{outputs('Get_response_details')?['body/r19bfe3dbc06d4b58b3df07b769b0ca01']}","name":"ADT-@{outputs('Get_response_details')?['body/r5ade85345cba4346b91c031735b515b6']}-@{outputs('Get_response_details')?['body/r19bfe3dbc06d4b58b3df07b769b0ca01']}- Transition to Project.docx","body":"@body('Populate_a_Microsoft_Word_template_-_Transition_to_Project_2')"},"authentication":"@parameters('$authentication')"},"runtimeConfiguration":{"contentTransfer":{"transferMode":"Chunked"}}},"Get_file_properties_2":{"runAfter":{"Create_file":["Succeeded"]},"metadata":{"operationMetadataId":"158d3699-f347-4adf-bd41-71d12aa0cda4"},"type":"OpenApiConnection","inputs":{"host":{"apiId":"/providers/Microsoft.PowerApps/apis/shared_sharepointonline","connectionName":"shared_sharepointonline","operationId":"GetFileItem"},"parameters":{"dataset":"https://assureddt.sharepoint.com/sites/Testing","table":"3bc5b771-170c-4e31-b86a-cc7283eeacef","id":"@outputs('Create_file')?['body/ItemId']"},"authentication":"@parameters('$authentication')"}},"Start_and_wait_for_an_approval_2":{"runAfter":{"Get_file_properties_2":["Succeeded"]},"metadata":{"operationMetadataId":"b50b9218-7386-4973-bc2c-96be9a588c30"},"type":"OpenApiConnectionWebhook","inputs":{"host":{"apiId":"/providers/Microsoft.PowerApps/apis/shared_approvals","connectionName":"shared_approvals","operationId":"StartAndWaitForAnApproval"},"parameters":{"approvalType":"Basic","WebhookApprovalCreationInput/title":"ADT-@{outputs('Get_response_details')?['body/r5ade85345cba4346b91c031735b515b6']}-@{outputs('Get_response_details')?['body/r19bfe3dbc06d4b58b3df07b769b0ca01']}- Transition to Project","WebhookApprovalCreationInput/assignedTo":"Mel.Jady@assureddigitaltech.com;","WebhookApprovalCreationInput/details":"ADT-@{outputs('Get_response_details')?['body/r5ade85345cba4346b91c031735b515b6']}-@{outputs('Get_response_details')?['body/r19bfe3dbc06d4b58b3df07b769b0ca01']}- Transition to Project is ready for approval\n\nThere are no items to be purchased","WebhookApprovalCreationInput/itemLink":"@outputs('Get_file_properties_2')?['body/{Link}']","WebhookApprovalCreationInput/itemLinkDescription":"ADT-@{outputs('Get_response_details')?['body/r5ade85345cba4346b91c031735b515b6']}-@{outputs('Get_response_details')?['body/r19bfe3dbc06d4b58b3df07b769b0ca01']}- Transition to Project.docx","WebhookApprovalCreationInput/enableNotifications":true,"WebhookApprovalCreationInput/enableReassignment":true},"authentication":"@parameters('$authentication')"}},"Condition_3":{"actions":{"Item_Approved_2":{"runAfter":{},"metadata":{"operationMetadataId":"12e0b967-0a61-4a8e-902c-19fcb567f03c"},"type":"OpenApiConnection","inputs":{"host":{"apiId":"/providers/Microsoft.PowerApps/apis/shared_office365","connectionName":"shared_office365","operationId":"SendEmailV2"},"parameters":{"emailMessage/To":"@outputs('Get_response_details')?['body/responder']","emailMessage/Subject":"Approved: ADT-@{outputs('Get_response_details')?['body/r5ade85345cba4346b91c031735b515b6']}-@{outputs('Get_response_details')?['body/r19bfe3dbc06d4b58b3df07b769b0ca01']}- Transition to Project","emailMessage/Body":"<p>Your request for approval on Transition to Project Document has been approved: &nbsp;<br>\n<br>\nClient Name: @{outputs('Get_response_details')?['body/rc7c9a788dfb44fbf99eebceab729d1a1']}<br>\n<br>\nAutotask Opp ID: @{outputs('Get_response_details')?['body/r5ade85345cba4346b91c031735b515b6']}<br>\n<br>\nProject Name: @{outputs('Get_response_details')?['body/r19bfe3dbc06d4b58b3df07b769b0ca01']}<br>\n<br>\nDetails below:<br>\n@{outputs('Start_and_wait_for_an_approval_2')?['body/details']}</p>","emailMessage/From":"approvals@assureddigitaltech.com","emailMessage/Importance":"High"},"authentication":"@parameters('$authentication')"}}},"runAfter":{"Start_and_wait_for_an_approval_2":["Succeeded"]},"else":{"actions":{"Item_Rejected_2":{"runAfter":{},"metadata":{"operationMetadataId":"98f72261-0ca5-4a62-b80c-8e96a2364f54"},"type":"OpenApiConnection","inputs":{"host":{"apiId":"/providers/Microsoft.PowerApps/apis/shared_office365","connectionName":"shared_office365","operationId":"SendEmailV2"},"parameters":{"emailMessage/To":"@outputs('Get_response_details')?['body/responder']","emailMessage/Subject":"Rejected: ADT-@{outputs('Get_response_details')?['body/r5ade85345cba4346b91c031735b515b6']}-@{outputs('Get_response_details')?['body/r19bfe3dbc06d4b58b3df07b769b0ca01']}- Transition to Project","emailMessage/Body":"<p>Your request for approval on Transition to Project Document has been approved: &nbsp;<br>\n<br>\nClient Name: @{outputs('Get_response_details')?['body/rc7c9a788dfb44fbf99eebceab729d1a1']}<br>\n<br>\nAutotask Opp ID: @{outputs('Get_response_details')?['body/r5ade85345cba4346b91c031735b515b6']}<br>\n<br>\nProject Name: @{outputs('Get_response_details')?['body/r19bfe3dbc06d4b58b3df07b769b0ca01']}<br>\n<br>\nDetails below:<br>\n@{outputs('Start_and_wait_for_an_approval_2')?['body/details']}</p>","emailMessage/From":"approvals@assureddigitaltech.com","emailMessage/Importance":"High"},"authentication":"@parameters('$authentication')"}}}},"expression":{"equals":["@outputs('Start_and_wait_for_an_approval_2')?['body/outcome']","Approve"]},"metadata":{"operationMetadataId":"02665d05-66c1-42a8-a1a3-20c87c1ff07a"},"type":"If"}}},"expression":{"equals":["@outputs('Get_response_details')?['body/re63b647e9b4846a38d24302d78da9e55']","Yes"]},"metadata":{"operationMetadataId":"afa6b2a1-460d-4d89-95c3-aba86942a4b1"},"type":"If"},"TopLevelClientProjectFolderName":{"runAfter":{"Get_response_details":["Succeeded"]},"metadata":{"operationMetadataId":"d983a1b0-d9e5-4302-81b9-3123559eb46f"},"type":"InitializeVariable","inputs":{"variables":[{"name":"TopLevelClientProjectFolderName","type":"string","value":"Projects & Statement of Works"}]}}}},"connectionReferences":{"shared_microsoftforms":{"connectionName":"shared-microsoftform-19eec5e3-e2f6-4e68-9976-9e648659f199","source":"Embedded","id":"/providers/Microsoft.PowerApps/apis/shared_microsoftforms","tier":"NotSpecified"},"shared_office365":{"connectionName":"shared-office365-76285799-5653-47ae-a89e-a73f309d6b6d","source":"Embedded","id":"/providers/Microsoft.PowerApps/apis/shared_office365","tier":"NotSpecified"},"shared_wordonlinebusiness":{"connectionName":"shared-wordonlinebus-647bf5cf-4bfa-4030-a6bd-a744244f0e75","source":"Embedded","id":"/providers/Microsoft.PowerApps/apis/shared_wordonlinebusiness","tier":"NotSpecified"},"shared_sharepointonline":{"connectionName":"shared-sharepointonl-eceac7d4-dffb-4774-a969-6deeb960fa0d","source":"Embedded","id":"/providers/Microsoft.PowerApps/apis/shared_sharepointonline","tier":"NotSpecified"},"shared_approvals":{"connectionName":"shared-approvals-67695f6a-1267-4ac7-9b81-97ff17564ba8","source":"Embedded","id":"/providers/Microsoft.PowerApps/apis/shared_approvals","tier":"NotSpecified"},"shared_office365_1":{"connectionName":"shared-office365-76285799-5653-47ae-a89e-a73f309d6b6d","source":"Embedded","id":"/providers/Microsoft.PowerApps/apis/shared_office365","tier":"NotSpecified"}},"flowFailureAlertSubscribed":false,"isManaged":false}}