{"name":"9871cee2-ae70-4292-ba16-75a0e01f82b8","id":"/providers/Microsoft.Flow/flows/9871cee2-ae70-4292-ba16-75a0e01f82b8","type":"Microsoft.Flow/flows","properties":{"apiId":"/providers/Microsoft.PowerApps/apis/shared_logicflows","displayName":"IS & Compliance - Create ADT Template - ADT Small Document Template","definition":{"metadata":{"workflowEntityId":null,"processAdvisorMetadata":null,"flowclientsuspensionreason":"None","flowclientsuspensiontime":null,"flowclientsuspensionreasondetails":null,"creator":{"id":"d80946cf-9971-4e62-a505-94a91fdf95b2","type":"User","tenantId":"eebf42f0-fb5a-460f-a80a-1b6593988a6e"},"provisioningMethod":"FromDefinition","failureAlertSubscription":true,"clientLastModifiedTime":"2022-07-12T10:39:12.12403Z","flowChargedByPaygo":null},"$schema":"https://schema.management.azure.com/providers/Microsoft.Logic/schemas/2016-06-01/workflowdefinition.json#","contentVersion":"1.0.0.0","parameters":{"$connections":{"defaultValue":{},"type":"Object"},"$authentication":{"defaultValue":{},"type":"SecureObject"}},"triggers":{"When_an_item_is_created":{"recurrence":{"frequency":"Minute","interval":1},"splitOn":"@triggerOutputs()?['body/value']","metadata":{"operationMetadataId":"bc384b13-7a5e-4f92-b9ae-051f9c6adcfc"},"type":"OpenApiConnection","inputs":{"host":{"apiId":"/providers/Microsoft.PowerApps/apis/shared_sharepointonline","connectionName":"shared_sharepointonline","operationId":"GetOnNewItems"},"parameters":{"dataset":"https://assureddt.sharepoint.com/sites/ISCompliance","table":"19473548-da20-4d60-81e4-77ca033f1391"},"authentication":"@parameters('$authentication')"}}},"actions":{"Condition":{"actions":{},"runAfter":{},"else":{"actions":{"Terminate":{"runAfter":{},"metadata":{"operationMetadataId":"72c641cb-905e-44c6-a6bc-dee0607b5676"},"type":"Terminate","inputs":{"runStatus":"Succeeded"}}}},"expression":{"and":[{"equals":["@triggerOutputs()?['body/Document_x0020_Type/Value']","Template"]},{"equals":["@triggerOutputs()?['body/Document_x0020_Template/Value']","ADT Document - Small"]}]},"metadata":{"operationMetadataId":"cb92d616-8441-4f37-a476-534e485cf238"},"type":"If"},"Get_item_-_Create_ADT_Compliance_Document":{"runAfter":{"Condition":["Succeeded"]},"metadata":{"operationMetadataId":"a17ebaa4-64a2-47cc-b3e5-b492be60971b"},"type":"OpenApiConnection","inputs":{"host":{"apiId":"/providers/Microsoft.PowerApps/apis/shared_sharepointonline","connectionName":"shared_sharepointonline","operationId":"GetItem"},"parameters":{"dataset":"https://assureddt.sharepoint.com/sites/ISCompliance","table":"19473548-da20-4d60-81e4-77ca033f1391","id":"@triggerOutputs()?['body/ID']"},"authentication":"@parameters('$authentication')"}},"Get_item_-_ADT_Core_Document_Types":{"runAfter":{"Get_item_-_Create_ADT_Compliance_Document":["Succeeded"]},"metadata":{"operationMetadataId":"fadd4919-a006-4990-8df8-029a040a13ab"},"type":"OpenApiConnection","inputs":{"host":{"apiId":"/providers/Microsoft.PowerApps/apis/shared_sharepointonline","connectionName":"shared_sharepointonline","operationId":"GetItem"},"parameters":{"dataset":"https://assureddt.sharepoint.com/sites/ISCompliance","table":"fb0e8929-f220-4051-9780-5af8e0cb46b4","id":1},"authentication":"@parameters('$authentication')"}},"Initialize_variable":{"runAfter":{"Get_item_-_ADT_Core_Document_Types":["Succeeded"]},"metadata":{"operationMetadataId":"2b72932b-7cd4-40c7-9f79-8293f450cf77"},"type":"InitializeVariable","inputs":{"variables":[{"name":"CounterIncrement","type":"float","value":"@outputs('Get_item_-_ADT_Core_Document_Types')?['body/LastNumber']"}]}},"Increment_variable":{"runAfter":{"Initialize_variable":["Succeeded"]},"metadata":{"operationMetadataId":"9d0de434-f2ac-4cb9-88e2-395f4d4a2f22"},"type":"IncrementVariable","inputs":{"name":"CounterIncrement","value":1}},"Last_Reviewed_Add_to_Time_For_Next_Review_Date":{"runAfter":{"Increment_variable":["Succeeded"]},"metadata":{"operationMetadataId":"dbbeed0d-3053-4160-8d3c-d358661d4117"},"type":"Expression","kind":"AddToTime","inputs":{"baseTime":"@outputs('Get_item_-_Create_ADT_Compliance_Document')?['body/Last_x0020_Reviewed_x0020_Date']","interval":12,"timeUnit":"Month"}},"Calculated_Time_Convert_time_zone":{"runAfter":{"Last_Reviewed_Add_to_Time_For_Next_Review_Date":["Succeeded"]},"metadata":{"operationMetadataId":"8c887e74-198b-4922-9929-fc22886f0e9f"},"type":"Expression","kind":"ConvertTimeZone","inputs":{"baseTime":"@body('Last_Reviewed_Add_to_Time_For_Next_Review_Date')","formatString":"dd/MM/yyyy","sourceTimeZone":"UTC-11","destinationTimeZone":"GMT Standard Time"}},"Last_Reviewed_Date_Convert_Time_Zone":{"runAfter":{"Calculated_Time_Convert_time_zone":["Succeeded"]},"metadata":{"operationMetadataId":"30c9e15f-519d-4a09-b9f3-031a66643ac5"},"type":"Expression","kind":"ConvertTimeZone","inputs":{"baseTime":"@outputs('Get_item_-_Create_ADT_Compliance_Document')?['body/Last_x0020_Reviewed_x0020_Date']","formatString":"dd/MM/yyyy","sourceTimeZone":"UTC-11","destinationTimeZone":"GMT Standard Time"}},"Apply_to_each":{"foreach":"@triggerOutputs()?['body/Document_x0020_Reviewer_x0028_s_']","actions":{"Populate_a_Microsoft_Word_template":{"runAfter":{},"metadata":{"operationMetadataId":"3cc99792-ede0-47e7-b912-4df9a8c25058"},"type":"OpenApiConnection","inputs":{"host":{"apiId":"/providers/Microsoft.PowerApps/apis/shared_wordonlinebusiness","connectionName":"shared_wordonlinebusiness","operationId":"CreateFileItem"},"parameters":{"source":"sites/assureddt.sharepoint.com,0e6762da-30a7-4b2a-aada-37eab1e16305,50b4359d-4c92-4182-bcdb-6d29736116bf","drive":"b!2mJnDqcwKkuq2jfqseFjBZ01tFCSTIJBvNttKXNhFr9kG0uSdNNhSJIpdYWxB22K","file":"/templates/ADT Small Document Template.docx","dynamicFileSchema/511423314":"@outputs('Get_item_-_ADT_Core_Document_Types')?['body/NextRef']","dynamicFileSchema/586358178":"@outputs('Get_item_-_Create_ADT_Compliance_Document')?['body/Document_x0020_Type/Value']","dynamicFileSchema/1262649192":"@outputs('Get_item_-_ADT_Core_Document_Types')?['body/NextRef']","dynamicFileSchema/1412884534":"@triggerOutputs()?['body/Title']","dynamicFileSchema/1693191932":"@triggerOutputs()?['body/Document_x0020_Classification/Value']","dynamicFileSchema/1759183204":"@triggerOutputs()?['body/Document_x0020_Classification/Value']","dynamicFileSchema/1804727909":"@body('Calculated_Time_Convert_time_zone')","dynamicFileSchema/2004543460":"@triggerOutputs()?['body/Document_x0020_Type/Value']","dynamicFileSchema/-117072064":"@{outputs('Get_item_-_ADT_Core_Document_Types')?['body/NextRef']}-@{triggerOutputs()?['body/Title']}","dynamicFileSchema/-1995242226":"@body('Last_Reviewed_Date_Convert_Time_Zone')","dynamicFileSchema/-523787386":"@triggerOutputs()?['body/Document_x0020_Owner/DisplayName']","dynamicFileSchema/-2144261841":"@items('Apply_to_each')?['DisplayName']","dynamicFileSchema/-1371447125":"@triggerOutputs()?['body/Document_x0020_Approver/DisplayName']"},"authentication":"@parameters('$authentication')"}},"Create_file":{"runAfter":{"Populate_a_Microsoft_Word_template":["Succeeded"]},"metadata":{"operationMetadataId":"c0e94227-d809-4c86-83ba-e9d01c1e21c8"},"type":"OpenApiConnection","inputs":{"host":{"apiId":"/providers/Microsoft.PowerApps/apis/shared_sharepointonline","connectionName":"shared_sharepointonline","operationId":"CreateFile"},"parameters":{"dataset":"https://assureddt.sharepoint.com/sites/ISCompliance","folderPath":"/ADT Compliance Documents","name":"@{outputs('Get_item_-_ADT_Core_Document_Types')?['body/NextRef']} @{triggerOutputs()?['body/Title']}.docx","body":"@outputs('Populate_a_Microsoft_Word_template')?['body']"},"authentication":"@parameters('$authentication')"},"runtimeConfiguration":{"contentTransfer":{"transferMode":"Chunked"}}},"Update_file_properties":{"runAfter":{"Create_file":["Succeeded"]},"metadata":{"operationMetadataId":"397c3379-581f-403e-a2ab-6eb099877484"},"type":"OpenApiConnection","inputs":{"host":{"apiId":"/providers/Microsoft.PowerApps/apis/shared_sharepointonline","connectionName":"shared_sharepointonline","operationId":"PatchFileItem"},"parameters":{"dataset":"https://assureddt.sharepoint.com/sites/ISCompliance","table":"119edc4b-aeae-4feb-8d22-890887d6c895","id":"@outputs('Create_file')?['body/ItemId']","item/Title":"@triggerOutputs()?['body/Title']","item/Document_x0020_Reference":"@outputs('Get_item_-_ADT_Core_Document_Types')?['body/NextRef']","item/Document_x0020_Type/Id":1,"item/Document_x0020_Owner/Claims":"@triggerOutputs()?['body/Document_x0020_Owner/DisplayName']","item/Document_x0020_Approver/Claims":"@triggerOutputs()?['body/Document_x0020_Approver/DisplayName']","item/Document_x0020_Reviewer_x0028_s_x0029_":[{"Claims":"@items('Apply_to_each')?['DisplayName']"}],"item/Last_x0020_Reviewed_x0020_Date":"@triggerOutputs()?['body/Last_x0020_Reviewed_x0020_Date']","item/Next_x0020_Review_x0020_Date":"@triggerOutputs()?['body/Next_x0020_Review_x0020_Date']","item/Document_x0020_Classification/Value":"@triggerOutputs()?['body/Document_x0020_Classification/Value']","item/{ContentType}/Id":"0x010100BAA3E5C7B812A14AA8C2045B5A0FBB30010009930A040C614D4F933051FE27278CC2"},"authentication":"@parameters('$authentication')"}}},"runAfter":{"Last_Reviewed_Date_Convert_Time_Zone":["Succeeded"]},"metadata":{"operationMetadataId":"ef12340f-b93d-4160-bf96-a99ee6454955"},"type":"Foreach"},"Update_item":{"runAfter":{"Apply_to_each":["Succeeded"]},"metadata":{"operationMetadataId":"c3a76e69-1b27-4762-9010-5300d960f4b1"},"type":"OpenApiConnection","inputs":{"host":{"apiId":"/providers/Microsoft.PowerApps/apis/shared_sharepointonline","connectionName":"shared_sharepointonline","operationId":"PatchItem"},"parameters":{"dataset":"https://assureddt.sharepoint.com/sites/ISCompliance","table":"fb0e8929-f220-4051-9780-5af8e0cb46b4","id":1,"item/Title":"@outputs('Get_item_-_ADT_Core_Document_Types')?['body/Title']","item/Counter":"@outputs('Get_item_-_ADT_Core_Document_Types')?['body/Counter']","item/LastNumber":"@variables('CounterIncrement')","item/Format":"@outputs('Get_item_-_ADT_Core_Document_Types')?['body/Format']"},"authentication":"@parameters('$authentication')"}}}},"connectionReferences":{"shared_sharepointonline":{"connectionName":"shared-sharepointonl-eceac7d4-dffb-4774-a969-6deeb960fa0d","source":"Embedded","id":"/providers/Microsoft.PowerApps/apis/shared_sharepointonline","tier":"NotSpecified"},"shared_wordonlinebusiness":{"connectionName":"shared-wordonlinebus-647bf5cf-4bfa-4030-a6bd-a744244f0e75","source":"Embedded","id":"/providers/Microsoft.PowerApps/apis/shared_wordonlinebusiness","tier":"NotSpecified"}},"flowFailureAlertSubscribed":false,"isManaged":false}}