{"name":"3e406958-31a9-4812-88a5-7353e271151c","id":"/providers/Microsoft.Flow/flows/3e406958-31a9-4812-88a5-7353e271151c","type":"Microsoft.Flow/flows","properties":{"apiId":"/providers/Microsoft.PowerApps/apis/shared_logicflows","displayName":"Request Service Transition Approval [Clients]","definition":{"metadata":{"workflowEntityId":null,"processAdvisorMetadata":null,"flowclientsuspensionreason":"None","flowclientsuspensiontime":null,"flowclientsuspensionreasondetails":null,"creator":{"id":"d80946cf-9971-4e62-a505-94a91fdf95b2","type":"User","tenantId":"eebf42f0-fb5a-460f-a80a-1b6593988a6e"},"provisioningMethod":"FromDefinition","failureAlertSubscription":true,"clientLastModifiedTime":"2023-02-17T12:44:13.3859734Z"},"$schema":"https://schema.management.azure.com/providers/Microsoft.Logic/schemas/2016-06-01/workflowdefinition.json#","contentVersion":"1.0.0.0","parameters":{"$connections":{"defaultValue":{},"type":"Object"},"$authentication":{"defaultValue":{},"type":"SecureObject"},"sharepoint.site":{"defaultValue":"","type":"String"},"sharepoint.list":{"defaultValue":"","type":"String"}},"triggers":{"manual":{"splitOn":"@triggerBody()['rows']","metadata":{"operationMetadataId":"aaaad14f-2e37-4598-bef0-85400c5640d5"},"type":"Request","kind":"ApiConnection","inputs":{"schema":{"type":"object","properties":{"rows":{"type":"array","items":{"type":"object","properties":{"text":{"title":"Customer Name","type":"string","x-ms-dynamically-added":true,"description":"Enter Customer Name","x-ms-content-hint":"TEXT"},"text_1":{"title":"Project Name","type":"string","x-ms-dynamically-added":true,"description":"Please enter your input","x-ms-content-hint":"TEXT"},"email":{"title":"Project Lead","type":"string","format":"email","x-ms-dynamically-added":true,"description":"Please enter an e-mail address","x-ms-content-hint":"EMAIL"},"entity":{"type":"object","properties":{"ID":{"title":"ID","type":"integer","format":"int64"},"itemUrl":{"title":"itemUrl","type":"string"}},"required":["ID","itemUrl"]}},"required":["text","text_1","email","entity"]}}},"required":["rows"]},"host":{"connection":{"name":"@parameters('$connections')['shared_sharepointonline']['connectionId']"},"api":{"runtimeUrl":"https://uk-001.azure-apim.net/apim/sharepointonline"}},"operationId":"ForASelectedFileHybridTrigger","parameters":{"dataset":"https://assureddt.sharepoint.com/sites/Clients","table":"272e06a2-ebab-419b-b585-78c7b1e9f318"},"headersSchema":{"x-ms-user-email-encoded":{"title":"User email","type":"string","format":"byte","x-ms-dynamically-added":false}}}}},"actions":{"Initialize_approval_done_variable":{"runAfter":{},"metadata":{"operationMetadataId":"0cfd7fe6-f331-44f1-a52e-378e184049f2"},"type":"InitializeVariable","inputs":{"variables":[{"name":"approvalDone","type":"boolean","value":"@false"}]}},"Set_variable":{"runAfter":{"Wait_for_an_approval":["Succeeded"]},"metadata":{"operationMetadataId":"1ada712c-fd37-46d1-9e65-07893b781885"},"type":"SetVariable","inputs":{"name":"approvalDone","value":"@true"}},"Initialize_approvers_list_variable":{"runAfter":{"Initialize_approval_done_variable":["Succeeded"]},"metadata":{"operationMetadataId":"80e49493-7fd8-4252-ab05-9fe54606cfba"},"type":"InitializeVariable","inputs":{"variables":[{"name":"approversList","type":"string"}]}},"Initialize_approval_respond_link_variable":{"runAfter":{"Initialize_approvers_list_variable":["Succeeded"]},"metadata":{"operationMetadataId":"363a21dd-d65e-4d52-a556-2af3a0e74fd6"},"type":"InitializeVariable","inputs":{"variables":[{"name":"approvalRespondLink","type":"string"}]}},"Set_respond_to_approval_link":{"runAfter":{"Create_an_approval":["Succeeded"]},"metadata":{"operationMetadataId":"b44e6ddc-0937-457e-82d5-79fee47b9e3c"},"type":"SetVariable","inputs":{"name":"approvalRespondLink","value":"@body('Create_an_approval')?['respondLink']"}},"Wait_for_an_approval":{"runAfter":{"Set_respond_to_approval_link":["Succeeded"]},"metadata":{"flowSystemMetadata":{"swaggerOperationId":"WaitForAnApproval"},"operationMetadataId":"1bddbb4f-993b-43a1-96ab-4177d44df0ba"},"type":"ApiConnectionWebhook","inputs":{"host":{"connection":{"name":"@json(decodeBase64(triggerOutputs().headers['X-MS-APIM-Tokens']))['$connections']['shared_approvals']['connectionId']"},"api":{"runtimeUrl":"https://uk-001.azure-apim.net/apim/approvals"}},"body":{"notificationUrl":"@{listCallbackUrl()}"},"path":"/approvals/@{encodeURIComponent(body('Create_an_approval')?['name'])}/subscriptions","authentication":{"type":"Raw","value":"@json(decodeBase64(triggerOutputs().headers['X-MS-APIM-Tokens']))['$ConnectionKey']"}}},"Select":{"runAfter":{"Set_variable":["Succeeded"]},"metadata":{"operationMetadataId":"f08a5307-15a6-4a70-8ebe-8ff3792a07b7"},"type":"Select","inputs":{"from":"@body('Wait_for_an_approval')?['responses']","select":{"Approver":"@item()?['responder']?['displayName']","Comments":"@if(empty(item()?['comments']),'No comments',item()['comments'])","Response":"@item()?['approverResponse']"}}},"Create_HTML_table":{"runAfter":{"Select":["Succeeded"]},"metadata":{"operationMetadataId":"89754c80-2a56-4f0c-ace2-a8327c277bd4"},"type":"Table","inputs":{"from":"@body('Select')","format":"HTML"}},"HTML_Table_with_Styles":{"runAfter":{"Create_HTML_table":["Succeeded"]},"metadata":{"operationMetadataId":"20ea22ee-e9c0-4901-a85f-679fcb992dcd"},"type":"Compose","inputs":"<style>\ntable {\n  width: 100%;\n  background-color: #FFFFFF;\n  border-collapse: collapse;\n  border-width: 2px;\n  border-color: #7EA8F8;\n  border-style: solid;\n  color: #000000;\n  text-align: left;\n}\n\ntable td, table th {\n  border-width: 2px;\n  border-color: #7EA8F8;\n  border-style: solid;\n  padding: 5px;\n}\n\ntable thead {\n  background-color: #DEDEDE;\n}\n</style>\n@{body('Create_HTML_table')}"},"Check_if_request_is_approved":{"actions":{"Item_approved":{"runAfter":{},"metadata":{"flowSystemMetadata":{"swaggerOperationId":"SendEmailV2"},"operationMetadataId":"d688a720-b82e-48f1-876e-6d4cc37eec43"},"type":"ApiConnection","inputs":{"host":{"connection":{"name":"@json(decodeBase64(triggerOutputs().headers['X-MS-APIM-Tokens']))['$connections']['shared_office365']['connectionId']"},"api":{"runtimeUrl":"https://uk-001.azure-apim.net/apim/office365"}},"method":"post","body":{"To":"@base64ToString(triggerOutputs()['headers']['x-ms-user-email-encoded'])","Subject":"Approved: Service Transition Document - @{triggerBody()['text']} - @{triggerBody()['text_1']}","Body":"<p>Your request for approval on Service Transition Document:@{triggerBody()['text']} - @{triggerBody()['text_1']} has been reviewed.<br>\n<br>\nDetails below:<br>\n<br>\n@{outputs('HTML_Table_with_Styles')}</p>","From":"approvals@assureddigitaltech.com","Cc":"@{triggerBody()['email']};Mel.Jady@assureddigitaltech.com;ben.squires@assureddigitaltech.com","Importance":"High"},"path":"/v2/Mail","authentication":{"type":"Raw","value":"@json(decodeBase64(triggerOutputs().headers['X-MS-APIM-Tokens']))['$ConnectionKey']"}}},"Send_an_email_(V2)_2":{"runAfter":{"Item_approved":["Succeeded"]},"metadata":{"flowSystemMetadata":{"swaggerOperationId":"SendEmailV2"},"operationMetadataId":"746b281d-4343-419c-b268-eec0a991e5d9"},"type":"ApiConnection","inputs":{"host":{"connection":{"name":"@json(decodeBase64(triggerOutputs().headers['X-MS-APIM-Tokens']))['$connections']['shared_office365_1']['connectionId']"},"api":{"runtimeUrl":"https://uk-001.azure-apim.net/apim/office365"}},"method":"post","body":{"To":"ServiceOperations@assureddigitaltech.com","Subject":"@{triggerBody()['text']}- Transition into Service Documentation - @{triggerBody()['text_1']}","Body":"<p>Please read this Service Transition Document:<br>\n<br>\nCustomer Name: @{triggerBody()['text']}<br>\n<br>\nProject Name: @{triggerBody()['text_1']}<br>\n<br>\nLink: @{triggerBody()?['entity']?['itemUrl']}</p>","From":"no.reply@assureddigitaltech.com","Cc":"Mel.Jady@assureddigitaltech.com","Importance":"High"},"path":"/v2/Mail","authentication":{"type":"Raw","value":"@json(decodeBase64(triggerOutputs().headers['X-MS-APIM-Tokens']))['$ConnectionKey']"}}},"Post_message_in_a_chat_or_channel":{"runAfter":{"Send_an_email_(V2)_2":["Succeeded"]},"metadata":{"operationMetadataId":"b18e3149-f92f-4186-ad44-35ba556fb899","flowSystemMetadata":{"swaggerOperationId":"PostMessageToConversation"}},"type":"ApiConnection","inputs":{"host":{"connection":{"name":"@json(decodeBase64(triggerOutputs().headers['X-MS-APIM-Tokens']))['$connections']['shared_teams']['connectionId']"},"api":{"runtimeUrl":"https://uk-001.azure-apim.net/apim/teams"}},"method":"post","body":{"recipient":{"groupId":"d9050933-b0b0-49a4-bce4-2d45a3e39c5b","channelId":"19:ce0fbf40d60b4c2395ed17abc7acc3a6@thread.tacv2"},"messageBody":"<p>Please read this Service Transition Document:<br>\n<br>\nCustomer Name: @{triggerBody()['text']} <br>\n<br>\nProject Name: @{triggerBody()['text_1']}<br>\n<br>\nLink: @{triggerBody()?['entity']?['itemUrl']}</p>"},"path":"/beta/teams/conversation/message/poster/Flow bot/location/@{encodeURIComponent('Channel')}","authentication":{"type":"Raw","value":"@json(decodeBase64(triggerOutputs().headers['X-MS-APIM-Tokens']))['$ConnectionKey']"}}}},"runAfter":{"HTML_Table_with_Styles":["Succeeded"]},"else":{"actions":{"Send_an_email_(V2)":{"runAfter":{},"metadata":{"flowSystemMetadata":{"swaggerOperationId":"SendEmailV2"},"operationMetadataId":"b4d07559-6277-4ce3-8a9c-6a4407dc921a"},"type":"ApiConnection","inputs":{"host":{"connection":{"name":"@json(decodeBase64(triggerOutputs().headers['X-MS-APIM-Tokens']))['$connections']['shared_office365_1']['connectionId']"},"api":{"runtimeUrl":"https://uk-001.azure-apim.net/apim/office365"}},"method":"post","body":{"To":"@base64ToString(triggerOutputs()['headers']['x-ms-user-email-encoded'])","Subject":"Rejected: Service Transition Document - @{triggerBody()['text']} - @{triggerBody()['text_1']}","Body":"<p>Your request for approval on Service Transition Document:@{triggerBody()['text']} - @{triggerBody()['text_1']} has been reviewed.<br>\n<br>\nDetails below:<br>\n<br>\n@{outputs('HTML_Table_with_Styles')}</p>","From":"approvals@assureddigitaltech.com","Cc":"@{triggerBody()['email']};Mel.Jady@assureddigitaltech.com;ben.squires@assureddigitaltech.com","Importance":"High"},"path":"/v2/Mail","authentication":{"type":"Raw","value":"@json(decodeBase64(triggerOutputs().headers['X-MS-APIM-Tokens']))['$ConnectionKey']"}}}}},"expression":"@equals(body('Wait_for_an_approval')?['outcome'], 'Approve')","metadata":{"operationMetadataId":"fc6fad20-57aa-48fe-b48d-da1da95c242c"},"type":"If"},"Create_an_approval":{"runAfter":{"Initialize_approval_respond_link_variable":["Succeeded"]},"metadata":{"flowSystemMetadata":{"swaggerOperationId":"CreateAnApproval"},"operationMetadataId":"8ca5fb7b-ffc1-4dcb-b06c-246cb197b104"},"type":"ApiConnection","inputs":{"host":{"connection":{"name":"@json(decodeBase64(triggerOutputs().headers['X-MS-APIM-Tokens']))['$connections']['shared_approvals']['connectionId']"},"api":{"runtimeUrl":"https://uk-001.azure-apim.net/apim/approvals"}},"method":"post","body":{"title":"Please Approve Service Transition Document - @{triggerBody()['text']} - @{triggerBody()['text_1']}","assignedTo":"James.Wade@bristolitcompany.com;","details":"Service Transition Document to be approved:\n\nCustomer Name: @{triggerBody()['text']}\n\nProject Name: @{triggerBody()['text_1']}\n\nLink: @{triggerBody()?['entity']?['itemUrl']}\n\nPlease review, and then approve once you've reviewed successfully","enableNotifications":true,"enableReassignment":true},"path":"/types/@{encodeURIComponent('Basic')}","authentication":{"type":"Raw","value":"@json(decodeBase64(triggerOutputs().headers['X-MS-APIM-Tokens']))['$ConnectionKey']"}}}},"description":"Request approval (first to respond) for a selected file in a SharePoint library, along with approval reminder options."},"connectionReferences":{"shared_approvals":{"connectionName":"shared-approvals-67695f6a-1267-4ac7-9b81-97ff17564ba8","source":"Invoker","id":"/providers/Microsoft.PowerApps/apis/shared_approvals","tier":"NotSpecified"},"shared_office365":{"connectionName":"shared-office365-9d2e5c99-c849-4336-98c7-9fae1d132a43","source":"Embedded","id":"/providers/Microsoft.PowerApps/apis/shared_office365","tier":"NotSpecified"},"shared_office365_1":{"connectionName":"shared-office365-76285799-5653-47ae-a89e-a73f309d6b6d","source":"Invoker","id":"/providers/Microsoft.PowerApps/apis/shared_office365","tier":"NotSpecified"},"shared_teams":{"connectionName":"shared-teams-b8f35eb8-b633-493b-acc6-d72e563558d6","source":"Invoker","id":"/providers/Microsoft.PowerApps/apis/shared_teams","tier":"NotSpecified"},"shared_sharepointonline":{"connectionName":"shared-sharepointonl-eceac7d4-dffb-4774-a969-6deeb960fa0d","source":"Embedded","id":"/providers/Microsoft.PowerApps/apis/shared_sharepointonline","tier":"NotSpecified"}},"flowFailureAlertSubscribed":false,"isManaged":false}}