{"name":"45e2b195-1eb0-4eb5-8573-a555a56c159b","id":"/providers/Microsoft.Flow/flows/45e2b195-1eb0-4eb5-8573-a555a56c159b","type":"Microsoft.Flow/flows","properties":{"apiId":"/providers/Microsoft.PowerApps/apis/shared_logicflows","displayName":"IS & Compliance - Create Risk Assessment Spreadsheet","definition":{"metadata":{"workflowEntityId":null,"processAdvisorMetadata":null,"flowclientsuspensionreason":"None","flowclientsuspensiontime":null,"flowclientsuspensionreasondetails":null,"creator":{"id":"d80946cf-9971-4e62-a505-94a91fdf95b2","type":"User","tenantId":"eebf42f0-fb5a-460f-a80a-1b6593988a6e"},"provisioningMethod":"FromDefinition","failureAlertSubscription":true,"clientLastModifiedTime":"2022-09-12T18:35:55.86223Z","flowChargedByPaygo":null},"$schema":"https://schema.management.azure.com/providers/Microsoft.Logic/schemas/2016-06-01/workflowdefinition.json#","contentVersion":"1.0.0.0","parameters":{"$connections":{"defaultValue":{},"type":"Object"},"$authentication":{"defaultValue":{},"type":"SecureObject"}},"triggers":{"When_an_item_is_created":{"recurrence":{"frequency":"Minute","interval":1},"splitOn":"@triggerOutputs()?['body/value']","metadata":{"operationMetadataId":"30006a06-24c5-4afd-ad26-3ac910246a0b"},"type":"OpenApiConnection","inputs":{"host":{"apiId":"/providers/Microsoft.PowerApps/apis/shared_sharepointonline","connectionName":"shared_sharepointonline","operationId":"GetOnNewItems"},"parameters":{"dataset":"https://assureddt.sharepoint.com/sites/ISCompliance","table":"19473548-da20-4d60-81e4-77ca033f1391"},"authentication":"@parameters('$authentication')"}}},"actions":{"Condition":{"actions":{},"runAfter":{},"else":{"actions":{"Terminate":{"runAfter":{},"metadata":{"operationMetadataId":"9d716f38-db77-4edc-92cc-62c89e97407e"},"type":"Terminate","inputs":{"runStatus":"Succeeded"}}}},"expression":{"equals":["@triggerOutputs()?['body/Document_x0020_Type/Value']","Risk Assessment"]},"metadata":{"operationMetadataId":"5fb6c02f-441c-45c7-9609-91b6093b3905"},"type":"If"},"Get_item_-_Create_ADT_Compliance_Document":{"runAfter":{"Condition":["Succeeded"]},"metadata":{"operationMetadataId":"328e2915-e8f3-41b2-bfd9-fffa490dd036"},"type":"OpenApiConnection","inputs":{"host":{"apiId":"/providers/Microsoft.PowerApps/apis/shared_sharepointonline","connectionName":"shared_sharepointonline","operationId":"GetItem"},"parameters":{"dataset":"https://assureddt.sharepoint.com/sites/ISCompliance","table":"19473548-da20-4d60-81e4-77ca033f1391","id":"@triggerOutputs()?['body/ID']"},"authentication":"@parameters('$authentication')"}},"Get_item_-_ADT_Core_Document_Types":{"runAfter":{"Get_item_-_Create_ADT_Compliance_Document":["Succeeded"]},"metadata":{"operationMetadataId":"4b01e0e3-445f-44f3-a1a0-e8af7e109aca"},"type":"OpenApiConnection","inputs":{"host":{"apiId":"/providers/Microsoft.PowerApps/apis/shared_sharepointonline","connectionName":"shared_sharepointonline","operationId":"GetItem"},"parameters":{"dataset":"https://assureddt.sharepoint.com/sites/ISCompliance","table":"fb0e8929-f220-4051-9780-5af8e0cb46b4","id":8},"authentication":"@parameters('$authentication')"}},"Initialize_variable":{"runAfter":{"Get_item_-_ADT_Core_Document_Types":["Succeeded"]},"metadata":{"operationMetadataId":"6000b87d-6723-4dbb-9c72-af3af060513f"},"type":"InitializeVariable","inputs":{"variables":[{"name":"CounterIncrement","type":"float","value":"@outputs('Get_item_-_ADT_Core_Document_Types')?['body/LastNumber']"}]}},"Increment_variable":{"runAfter":{"Initialize_variable":["Succeeded"]},"metadata":{"operationMetadataId":"3b2664cd-0935-45cc-9671-c1e7d9754e6b"},"type":"IncrementVariable","inputs":{"name":"CounterIncrement","value":1}},"Last_Reviewed_Add_to_Time_For_Next_Review_Date":{"runAfter":{"Increment_variable":["Succeeded"]},"metadata":{"operationMetadataId":"36c90b78-40ae-42d6-972c-bb8e1c7e8eb4"},"type":"Expression","kind":"AddToTime","inputs":{"baseTime":"@outputs('Get_item_-_Create_ADT_Compliance_Document')?['body/Last_x0020_Reviewed_x0020_Date']","interval":12,"timeUnit":"Month"}},"Last_Reviewed_Date_Convert_Time_Zone":{"runAfter":{"Next_Review_Date_Calculated_Time_Convert_time_zone":["Succeeded"]},"metadata":{"operationMetadataId":"570e92a1-f5e5-43d3-8399-37d12453ac67"},"type":"Expression","kind":"ConvertTimeZone","inputs":{"baseTime":"@outputs('Get_item_-_Create_ADT_Compliance_Document')?['body/Last_x0020_Reviewed_x0020_Date']","formatString":"dd/MM/yyyy","sourceTimeZone":"UTC-11","destinationTimeZone":"GMT Standard Time"}},"Apply_to_each":{"foreach":"@triggerOutputs()?['body/Document_x0020_Reviewer_x0028_s_']","actions":{"Update_file_properties":{"runAfter":{"Get_file_properties":["Succeeded"]},"metadata":{"operationMetadataId":"998fa631-fc2f-494c-be59-640adc5c37b1"},"type":"OpenApiConnection","inputs":{"host":{"apiId":"/providers/Microsoft.PowerApps/apis/shared_sharepointonline","connectionName":"shared_sharepointonline","operationId":"PatchFileItem"},"parameters":{"dataset":"https://assureddt.sharepoint.com/sites/ISCompliance","table":"119edc4b-aeae-4feb-8d22-890887d6c895","id":"@outputs('Get_file_properties')?['body/ID']","item/Title":"@triggerOutputs()?['body/Title']","item/Document_x0020_Reference":"@outputs('Get_item_-_ADT_Core_Document_Types')?['body/NextRef']","item/Document_x0020_Type/Id":8,"item/Document_x0020_Owner/Claims":"@triggerOutputs()?['body/Document_x0020_Owner/DisplayName']","item/Last_x0020_Reviewed_x0020_Date":"@triggerOutputs()?['body/Last_x0020_Reviewed_x0020_Date']","item/Next_x0020_Review_x0020_Date":"@variables('NextReviewSharePointFormat')","item/Document_x0020_Classification/Value":"@triggerOutputs()?['body/Document_x0020_Classification/Value']","item/Document_x0020_Approver/Claims":"@triggerOutputs()?['body/Document_x0020_Approver/DisplayName']","item/Document_x0020_Reviewer_x0028_s_x0029_":[{"Claims":"@items('Apply_to_each')?['DisplayName']"}],"item/{ContentType}/Id":"0x010100BAA3E5C7B812A14AA8C2045B5A0FBB30010009930A040C614D4F933051FE27278CC2"},"authentication":"@parameters('$authentication')"}},"Get_file_metadata":{"runAfter":{},"metadata":{"%252fShared%2bDocuments%252fTemplates%252fRA%2bTemplate%2bTesting.xlsx":"/Shared Documents/Templates/RA Template Testing.xlsx","%252fShared%2bDocuments%252fTemplates%252fRA%2bMaster.xlsx":"/Shared Documents/Templates/RA Master.xlsx","operationMetadataId":"be68c017-350e-4a55-9c73-679d98eac30b"},"type":"OpenApiConnection","inputs":{"host":{"apiId":"/providers/Microsoft.PowerApps/apis/shared_sharepointonline","connectionName":"shared_sharepointonline","operationId":"GetFileMetadata"},"parameters":{"dataset":"https://assureddt.sharepoint.com/sites/ISCompliance","id":"%252fShared%2bDocuments%252fTemplates%252fRA%2bMaster.xlsx"},"authentication":"@parameters('$authentication')"}},"Get_file_properties":{"runAfter":{"Create_file":["Succeeded"]},"metadata":{"operationMetadataId":"4ca1a40e-939b-46e2-9ab1-cd7a303d02c9"},"type":"OpenApiConnection","inputs":{"host":{"apiId":"/providers/Microsoft.PowerApps/apis/shared_sharepointonline","connectionName":"shared_sharepointonline","operationId":"GetFileItem"},"parameters":{"dataset":"https://assureddt.sharepoint.com/sites/ISCompliance","table":"119edc4b-aeae-4feb-8d22-890887d6c895","id":"@outputs('Create_file')?['body/ItemId']"},"authentication":"@parameters('$authentication')"}},"Get_file_content":{"runAfter":{"Get_file_metadata":["Succeeded"]},"metadata":{"operationMetadataId":"e7d94129-5c27-4a66-b617-ac0c15934d16"},"type":"OpenApiConnection","inputs":{"host":{"apiId":"/providers/Microsoft.PowerApps/apis/shared_sharepointonline","connectionName":"shared_sharepointonline","operationId":"GetFileContent"},"parameters":{"dataset":"https://assureddt.sharepoint.com/sites/ISCompliance","id":"@outputs('Get_file_metadata')?['body/Id']","inferContentType":true},"authentication":"@parameters('$authentication')"}},"Create_file":{"runAfter":{"Get_file_content":["Succeeded"]},"metadata":{"operationMetadataId":"59bf1d4d-2bde-46b5-b078-ea475596cd06"},"type":"OpenApiConnection","inputs":{"host":{"apiId":"/providers/Microsoft.PowerApps/apis/shared_sharepointonline","connectionName":"shared_sharepointonline","operationId":"CreateFile"},"parameters":{"dataset":"https://assureddt.sharepoint.com/sites/ISCompliance","folderPath":"/ADT Compliance Documents","name":"@{outputs('Get_item_-_ADT_Core_Document_Types')?['body/NextRef']} @{triggerOutputs()?['body/Title']}.xlsx","body":"@outputs('Get_file_content')?['body']"},"authentication":"@parameters('$authentication')"},"runtimeConfiguration":{"contentTransfer":{"transferMode":"Chunked"}}}},"runAfter":{"Last_Reviewed_Date_Convert_Time_Zone":["Succeeded"]},"metadata":{"operationMetadataId":"2d44660b-36bd-4515-a8ca-524d404a1730"},"type":"Foreach"},"Update_item":{"runAfter":{"Apply_to_each":["Succeeded"]},"metadata":{"operationMetadataId":"78625b0d-e6e8-4c05-a1e9-cb1682c9e1bf"},"type":"OpenApiConnection","inputs":{"host":{"apiId":"/providers/Microsoft.PowerApps/apis/shared_sharepointonline","connectionName":"shared_sharepointonline","operationId":"PatchItem"},"parameters":{"dataset":"https://assureddt.sharepoint.com/sites/ISCompliance","table":"fb0e8929-f220-4051-9780-5af8e0cb46b4","id":8,"item/Title":"@outputs('Get_item_-_ADT_Core_Document_Types')?['body/Title']","item/Counter":"@outputs('Get_item_-_ADT_Core_Document_Types')?['body/Counter']","item/LastNumber":"@variables('CounterIncrement')","item/Format":"@outputs('Get_item_-_ADT_Core_Document_Types')?['body/Format']"},"authentication":"@parameters('$authentication')"}},"Next_Review_Date_Calculated_Time_Convert_time_zone":{"runAfter":{"NextReviewSharePointFormat":["Succeeded"]},"metadata":{"operationMetadataId":"153ab085-915e-4f96-b726-2b53ca9f3728"},"type":"Expression","kind":"ConvertTimeZone","inputs":{"baseTime":"@body('Last_Reviewed_Add_to_Time_For_Next_Review_Date')","formatString":"dd/MM/yyyy","sourceTimeZone":"UTC-11","destinationTimeZone":"GMT Standard Time"}},"NextReviewSharePointFormat":{"runAfter":{"Last_Reviewed_Add_to_Time_For_Next_Review_Date":["Succeeded"]},"metadata":{"operationMetadataId":"cab96481-443e-46c1-901e-dfe9e3517e57"},"type":"InitializeVariable","inputs":{"variables":[{"name":"NextReviewSharePointFormat","type":"string","value":"@body('Last_Reviewed_Add_to_Time_For_Next_Review_Date')"}]}}}},"connectionReferences":{"shared_sharepointonline":{"connectionName":"shared-sharepointonl-eceac7d4-dffb-4774-a969-6deeb960fa0d","source":"Embedded","id":"/providers/Microsoft.PowerApps/apis/shared_sharepointonline","tier":"NotSpecified"}},"flowFailureAlertSubscribed":false,"isManaged":false}}