{"name":"1e5b5aed-5fab-4da6-85cb-987fd9c82b04","id":"/providers/Microsoft.Flow/flows/1e5b5aed-5fab-4da6-85cb-987fd9c82b04","type":"Microsoft.Flow/flows","properties":{"apiId":"/providers/Microsoft.PowerApps/apis/shared_logicflows","displayName":"Request Estimate Creation","definition":{"metadata":{"workflowEntityId":null,"processAdvisorMetadata":null,"flowclientsuspensionreason":"None","flowclientsuspensiontime":null,"flowclientsuspensionreasondetails":null,"creator":{"id":"d80946cf-9971-4e62-a505-94a91fdf95b2","type":"User","tenantId":"eebf42f0-fb5a-460f-a80a-1b6593988a6e"},"provisioningMethod":"FromDefinition","failureAlertSubscription":true,"clientLastModifiedTime":"2023-03-07T13:35:43.4467034Z"},"$schema":"https://schema.management.azure.com/providers/Microsoft.Logic/schemas/2016-06-01/workflowdefinition.json#","contentVersion":"1.0.0.0","parameters":{"$connections":{"defaultValue":{},"type":"Object"},"$authentication":{"defaultValue":{},"type":"SecureObject"}},"triggers":{"manual":{"metadata":{"operationMetadataId":"62baf22c-1b35-4dbb-9b89-4e7f2d654e11"},"type":"Request","kind":"Button","inputs":{"schema":{"type":"object","properties":{"text":{"title":"OpportunityID","type":"string","x-ms-dynamically-added":true,"description":"Please enter the Autotask Opportunity ID","x-ms-content-hint":"TEXT"},"email":{"title":"Document Owner","type":"string","format":"email","x-ms-dynamically-added":true,"description":"Please enter document owner","x-ms-content-hint":"EMAIL"},"email_1":{"title":"Document Reviewer","type":"string","format":"email","x-ms-dynamically-added":true,"description":"Please enter document reviewer","x-ms-content-hint":"EMAIL"},"email_2":{"title":"Document Approver","type":"string","format":"email","x-ms-dynamically-added":true,"description":"Please enter document approver","x-ms-content-hint":"EMAIL"}},"required":["text","email","email_1","email_2"]}}}},"actions":{"Get_Autotask_Opportunity_ID":{"runAfter":{"Initialize_SubFolders_Variable":["Succeeded"]},"metadata":{"operationMetadataId":"69beb12e-8c0f-40c0-a861-24b079ce986c"},"type":"Http","inputs":{"method":"GET","uri":"https://webservices16.autotask.net/ATServicesRest/V1.0/Opportunities/@{triggerBody()['text']}","headers":{"ApiIntegrationCode":"@variables('ApiIntegrationCode')","UserName":"@variables('UserName')","Secret":"@variables('Secret')"}}},"ApiIntegrationCode":{"runAfter":{"Get_user_profile_-_Document_Approver":["Succeeded"]},"metadata":{"operationMetadataId":"de4eacee-8813-4f89-ba31-db7e9ad5531f"},"type":"InitializeVariable","inputs":{"variables":[{"name":"ApiIntegrationCode","type":"string","value":"DJRSAGFMC35RJWRBU2BIY6EEDMW"}]}},"UserName":{"runAfter":{"ApiIntegrationCode":["Succeeded"]},"metadata":{"operationMetadataId":"c8f6f989-12a9-41e2-8741-ce369db27e90"},"type":"InitializeVariable","inputs":{"variables":[{"name":"UserName","type":"string","value":"datto_powerautomate_api@assureddigitaltech.com"}]}},"Secret":{"runAfter":{"UserName":["Succeeded"]},"metadata":{"operationMetadataId":"f6b2ab12-8ef4-44ef-825d-ea0115530ce6"},"type":"InitializeVariable","inputs":{"variables":[{"name":"Secret","type":"string","value":"J#x2$g3NX5*t~d0GoA@8B$1jm"}]}},"Apply_to_each":{"foreach":"@body('List_folder')","actions":{"Condition":{"actions":{"Set_variable":{"runAfter":{},"metadata":{"operationMetadataId":"fbc057e2-0293-4117-9fcc-f07a2ea33c8e"},"type":"SetVariable","inputs":{"name":"IsFolderExists","value":true}}},"runAfter":{},"expression":{"equals":["@item()?['DisplayName']","@variables('CustomerFolderName')"]},"metadata":{"operationMetadataId":"0c070c4e-125b-44bf-ab2f-7cf58392ef84"},"type":"If"}},"runAfter":{"List_folder":["Succeeded"]},"metadata":{"operationMetadataId":"6dde885d-6af8-40f1-a50e-ba5526c29491"},"type":"Foreach"},"TopLevelClientProjectFolderName":{"runAfter":{"Secret":["Succeeded"]},"metadata":{"operationMetadataId":"d983a1b0-d9e5-4302-81b9-3123559eb46f"},"type":"InitializeVariable","inputs":{"variables":[{"name":"TopLevelClientProjectFolderName","type":"string","value":"Projectrs & Statement of Works"}]}},"CustomerFolderName":{"runAfter":{"Parse_JSON_3":["Succeeded"]},"metadata":{"operationMetadataId":"90d5fec9-528c-41cf-87cf-fefd3df65e4a"},"type":"InitializeVariable","inputs":{"variables":[{"name":"CustomerFolderName","type":"string","value":"@body('Parse_JSON_3')?['item']?['companyName']"}]}},"IsFolderExists":{"runAfter":{"Get_item_-_ADT_Core_Document_Types":["Succeeded"]},"metadata":{"operationMetadataId":"44d85c2d-1a58-45ef-ba88-bec78c1e8aee"},"type":"InitializeVariable","inputs":{"variables":[{"name":"IsFolderExists","type":"boolean","value":false}]}},"List_folder":{"runAfter":{"Increment_variable":["Succeeded"]},"metadata":{"%252fAutomation%2bTesting":"/Automation Testing","operationMetadataId":"6030d9bf-06cf-4b39-a93f-9fc3a782e731"},"type":"OpenApiConnection","inputs":{"host":{"apiId":"/providers/Microsoft.PowerApps/apis/shared_sharepointonline","connectionName":"shared_sharepointonline","operationId":"ListFolder"},"parameters":{"dataset":"https://assureddt.sharepoint.com/sites/Testing","id":"%252fAutomation%2bTesting"},"authentication":"@parameters('$authentication')"}},"Condition_2":{"actions":{"Set_variable_2":{"runAfter":{},"metadata":{"operationMetadataId":"56730ece-9b65-45f5-9c9b-ad97c9b90489"},"type":"SetVariable","inputs":{"name":"IsFolderExists","value":true}}},"runAfter":{"Apply_to_each":["Succeeded"]},"else":{"actions":{"Create_Top_Level_Client_Folder":{"runAfter":{},"metadata":{"operationMetadataId":"8ff92f1e-a0b7-4cd6-892c-335eade4fda9"},"type":"OpenApiConnection","inputs":{"host":{"apiId":"/providers/Microsoft.PowerApps/apis/shared_sharepointonline","connectionName":"shared_sharepointonline","operationId":"CreateNewFolder"},"parameters":{"dataset":"https://assureddt.sharepoint.com/sites/Testing","table":"35f24cee-a727-4ae5-b7fc-718bf41ec6fb","parameters/path":"@variables('CustomerFolderName')"},"authentication":"@parameters('$authentication')"}},"Send_an_HTTP_request_to_SharePoint_-_Break_Inheritance":{"runAfter":{"Create_Top_Level_Client_Folder":["Succeeded"]},"metadata":{"operationMetadataId":"dc6ae8ec-4eb7-4a2d-b65c-9ba6aef7f64d"},"type":"OpenApiConnection","inputs":{"host":{"apiId":"/providers/Microsoft.PowerApps/apis/shared_sharepointonline","connectionName":"shared_sharepointonline_1","operationId":"HttpRequest"},"parameters":{"dataset":"https://assureddt.sharepoint.com/sites/Testing","parameters/method":"POST","parameters/uri":"_api/lists/getByTitle('Automation Testing')/items(@{outputs('Create_Top_Level_Client_Folder')?['body/ID']})/breakroleinheritance(copyRoleAssignments=false,clearSubscopes=true)"},"authentication":"@parameters('$authentication')"}},"Set_variable_-_varSPClientsCreateFolderPermission":{"runAfter":{"Send_an_HTTP_request_to_SharePoint_Ensure_User":["Succeeded"]},"metadata":{"operationMetadataId":"246f1989-2b4e-49ff-9b01-d247b40b7fd5"},"type":"SetVariable","inputs":{"name":"varSPClientsCreateFolderPermission","value":"@body('Send_an_HTTP_request_to_SharePoint_Ensure_User')?['d']?['id']"}},"Send_an_HTTP_request_to_SharePoint_Ensure_User":{"runAfter":{"Send_an_HTTP_request_to_SharePoint_-_Break_Inheritance":["Succeeded"]},"metadata":{"operationMetadataId":"3893d109-9094-4c82-95b8-e9a51a22b4b5"},"type":"OpenApiConnection","inputs":{"host":{"apiId":"/providers/Microsoft.PowerApps/apis/shared_sharepointonline","connectionName":"shared_sharepointonline_1","operationId":"HttpRequest"},"parameters":{"dataset":"https://assureddt.sharepoint.com/sites/Testing","parameters/method":"POST","parameters/uri":"_api/web/EnsureUser('SP - Clients - Create Folder Permission')","parameters/headers":{"Accept":"application/json;odata=verbose","Content-Type":"application/json;odata=verbose"}},"authentication":"@parameters('$authentication')"}},"Send_an_HTTP_request_to_SharePoint":{"runAfter":{"Set_variable_-_varSPClientsCreateFolderPermission":["Succeeded"]},"metadata":{"operationMetadataId":"27f514e4-a74a-4747-b6e3-f59fd0aa8de4"},"type":"OpenApiConnection","inputs":{"host":{"apiId":"/providers/Microsoft.PowerApps/apis/shared_sharepointonline","connectionName":"shared_sharepointonline_1","operationId":"HttpRequest"},"parameters":{"dataset":"https://assureddt.sharepoint.com/sites/Testing","parameters/method":"POST","parameters/uri":"_api/lists/getByTitle('Automation Testing')/items(@{outputs('Create_Top_Level_Client_Folder')?['body/ID']})/roleassignments/addroleassignment(principalid=@{variables('varSPClientsCreateFolderPermission')},roledefid=1073741829)"},"authentication":"@parameters('$authentication')"}},"Send_an_HTTP_request_to_SharePoint_Ensure_User_ADT_All_Read":{"runAfter":{"Send_an_HTTP_request_to_SharePoint":["Succeeded"]},"metadata":{"operationMetadataId":"418eff17-1c06-4157-b5b0-f1e7ca29ad92"},"type":"OpenApiConnection","inputs":{"host":{"apiId":"/providers/Microsoft.PowerApps/apis/shared_sharepointonline","connectionName":"shared_sharepointonline","operationId":"HttpRequest"},"parameters":{"dataset":"https://assureddt.sharepoint.com/sites/Testing","parameters/method":"POST","parameters/uri":"_api/web/EnsureUser('SP - ADT All')","parameters/headers":{"Accept":"application/json;odata=verbose","Content-Type":"application/json;odata=verbose"}},"authentication":"@parameters('$authentication')"}},"Set_variable_-_SPADTALLRead":{"runAfter":{"Send_an_HTTP_request_to_SharePoint_Ensure_User_ADT_All_Read":["Succeeded"]},"metadata":{"operationMetadataId":"3634b8d2-87ec-4c16-bdb2-64b57d6d9c52"},"type":"SetVariable","inputs":{"name":"varSPADTAllRead","value":"@body('Send_an_HTTP_request_to_SharePoint_Ensure_User_ADT_All_Read')?['d']?['id']"}},"Send_an_HTTP_request_to_SharePoint_Read":{"runAfter":{"Set_variable_-_SPADTALLRead":["Succeeded"]},"metadata":{"operationMetadataId":"791e242a-0afb-403c-87b4-77e2c435831b"},"type":"OpenApiConnection","inputs":{"host":{"apiId":"/providers/Microsoft.PowerApps/apis/shared_sharepointonline","connectionName":"shared_sharepointonline","operationId":"HttpRequest"},"parameters":{"dataset":"https://assureddt.sharepoint.com/sites/Testing","parameters/method":"POST","parameters/uri":"_api/lists/getByTitle('Automation Testing')/items(@{outputs('Create_Top_Level_Client_Folder')?['body/ID']})/roleassignments/addroleassignment(principalid=@{variables('varSPADTAllRead')},roledefid=1073741826)"},"authentication":"@parameters('$authentication')"}},"Parse_JSON":{"runAfter":{"Send_an_HTTP_request_to_SharePoint_Read":["Succeeded"]},"metadata":{"operationMetadataId":"95c4e065-fd0a-4b02-9a67-fce23071b63f"},"type":"ParseJson","inputs":{"content":"@variables('SubFolderArray')","schema":{"type":"array","items":{"type":"object","properties":{"SubFolder":{"type":"string"}},"required":["SubFolder"]}}}},"Top_Level_Client_Folder_Metadata":{"runAfter":{"Parse_JSON":["Succeeded"]},"metadata":{"operationMetadataId":"1ee65f6f-42e9-4839-b8d4-dae4a56ba244"},"type":"OpenApiConnection","inputs":{"host":{"apiId":"/providers/Microsoft.PowerApps/apis/shared_sharepointonline","connectionName":"shared_sharepointonline","operationId":"GetFolderMetadata"},"parameters":{"dataset":"https://assureddt.sharepoint.com/sites/Testing","id":"@outputs('Create_Top_Level_Client_Folder')?['body/{Identifier}']"},"authentication":"@parameters('$authentication')"}},"Apply_to_each_2":{"foreach":"@body('Parse_JSON')","actions":{"Create_new_folder":{"runAfter":{},"metadata":{"operationMetadataId":"5567f664-5f83-413c-ade5-9ff6b1edefbc"},"type":"OpenApiConnection","inputs":{"host":{"apiId":"/providers/Microsoft.PowerApps/apis/shared_sharepointonline","connectionName":"shared_sharepointonline","operationId":"CreateNewFolder"},"parameters":{"dataset":"https://assureddt.sharepoint.com/sites/Testing","table":"35f24cee-a727-4ae5-b7fc-718bf41ec6fb","parameters/path":"@{outputs('Top_Level_Client_Folder_Metadata')?['body/Name']}/@{items('Apply_to_each_2')['SubFolder']}"},"authentication":"@parameters('$authentication')"}},"Send_an_HTTP_request_to_SharePoint_3":{"runAfter":{"Create_new_folder":["Succeeded"]},"metadata":{"operationMetadataId":"1e924af1-c102-4c5e-963b-5e01b595e875"},"type":"OpenApiConnection","inputs":{"host":{"apiId":"/providers/Microsoft.PowerApps/apis/shared_sharepointonline","connectionName":"shared_sharepointonline","operationId":"HttpRequest"},"parameters":{"dataset":"https://assureddt.sharepoint.com/sites/Testing","parameters/method":"POST","parameters/uri":"_api/lists/getByTitle('Automation Testing')/items(@{outputs('Create_new_folder')?['body/ID']})/breakroleinheritance(copyRoleAssignments=false,clearSubscopes=true)"},"authentication":"@parameters('$authentication')"}},"Send_an_HTTP_request_to_SharePoint_2":{"runAfter":{"Send_an_HTTP_request_to_SharePoint_Ensure_User_ADT_All_Edit":["Succeeded"]},"metadata":{"operationMetadataId":"40668529-30d0-484d-adb5-b817455ad18f"},"type":"OpenApiConnection","inputs":{"host":{"apiId":"/providers/Microsoft.PowerApps/apis/shared_sharepointonline","connectionName":"shared_sharepointonline","operationId":"HttpRequest"},"parameters":{"dataset":"https://assureddt.sharepoint.com/sites/Testing","parameters/method":"POST","parameters/uri":"_api/lists/getByTitle('Automation Testing')/items(@{outputs('Create_new_folder')?['body/ID']})/roleassignments/addroleassignment(principalid=@{body('Send_an_HTTP_request_to_SharePoint_Ensure_User_ADT_All_Edit')?['d']?['id']},roledefid=1073741830)"},"authentication":"@parameters('$authentication')"}},"Send_an_HTTP_request_to_SharePoint_Ensure_User_ADT_All_Edit":{"runAfter":{"Send_an_HTTP_request_to_SharePoint_3":["Succeeded"]},"metadata":{"operationMetadataId":"f6194b9a-474c-4910-9de1-5c078be84bf8"},"type":"OpenApiConnection","inputs":{"host":{"apiId":"/providers/Microsoft.PowerApps/apis/shared_sharepointonline","connectionName":"shared_sharepointonline","operationId":"HttpRequest"},"parameters":{"dataset":"https://assureddt.sharepoint.com/sites/Testing","parameters/method":"POST","parameters/uri":"_api/web/EnsureUser('SP - ADT All')","parameters/headers":{"Accept":"application/json;odata=verbose","Content-Type":"application/json;odata=verbose"}},"authentication":"@parameters('$authentication')"}}},"runAfter":{"Top_Level_Client_Folder_Metadata":["Succeeded"]},"metadata":{"operationMetadataId":"18e0f686-93d4-4791-81c1-c897e698f352"},"type":"Foreach"},"Create_a_channel":{"runAfter":{"Apply_to_each_2":["Succeeded"]},"metadata":{"operationMetadataId":"82ae02e5-b413-46c7-9392-1584ef17fe8a"},"type":"OpenApiConnection","inputs":{"host":{"apiId":"/providers/Microsoft.PowerApps/apis/shared_teams","connectionName":"shared_teams","operationId":"CreateChannel"},"parameters":{"groupId":"361c8c33-4e08-42cc-8dc3-007d28748e53","body/displayName":"@variables('CustomerFolderName')"},"authentication":"@parameters('$authentication')"}}}},"expression":{"equals":["@variables('IsFolderExists')",true]},"metadata":{"operationMetadataId":"0c070c4e-125b-44bf-ab2f-7cf58392ef84"},"type":"If"},"Initialize_variable_varSPClientsCreateFolderPermission":{"runAfter":{"TopLevelClientProjectFolderName":["Succeeded"]},"metadata":{"operationMetadataId":"2529f54e-6401-45b7-be91-4ab9de7a6748"},"type":"InitializeVariable","inputs":{"variables":[{"name":"varSPClientsCreateFolderPermission","type":"integer"}]}},"Initialize_variable_-_SPADTAllRead":{"runAfter":{"Initialize_variable_varSPClientsCreateFolderPermission":["Succeeded"]},"metadata":{"operationMetadataId":"6c60dcb0-6403-43d9-baf4-c666fde3c4fc"},"type":"InitializeVariable","inputs":{"variables":[{"name":"varSPADTAllRead","type":"integer"}]}},"Initialize_SubFolders_Variable":{"runAfter":{"Initialize_variable_-_SPADTAllRead":["Succeeded"]},"metadata":{"operationMetadataId":"f09f5bc4-1d71-4704-a5d8-ce5f2e28a6e1"},"type":"InitializeVariable","inputs":{"variables":[{"name":"SubFolderArray","type":"array","value":[{"SubFolder":"Customer Contracts"},{"SubFolder":"Supplier Contracts"},{"SubFolder":"Sales"},{"SubFolder":"Documentation"},{"SubFolder":"Projects & Statement of Works"},{"SubFolder":"Service Account Management"},{"SubFolder":"IT Strategies"},{"SubFolder":"Sales/Proposals & Tenders"},{"SubFolder":"Sales/Quotes"},{"SubFolder":"Sales/Invoices"},{"SubFolder":"Documentation/Photos"},{"SubFolder":"Service Account Management/Review Meetings"},{"SubFolder":"Service Account Management/Review Meetings/Archive"},{"SubFolder":"Sales/Quotes/2023"},{"SubFolder":"Sales/Invoices/2023"}]}]}},"Get_Autotask_Customer_Name_from_ID":{"runAfter":{"Parse_JSON_2":["Succeeded"]},"metadata":{"operationMetadataId":"69beb12e-8c0f-40c0-a861-24b079ce986c"},"type":"Http","inputs":{"method":"GET","uri":"https://webservices16.autotask.net/ATServicesRest/V1.0/Companies/@{body('Parse_JSON_2')?['item']?['companyID']}","headers":{"ApiIntegrationCode":"@variables('ApiIntegrationCode')","UserName":"@variables('UserName')","Secret":"@variables('Secret')"}}},"Parse_JSON_2":{"runAfter":{"Get_Autotask_Opportunity_ID":["Succeeded"]},"metadata":{"operationMetadataId":"172fc3ff-f1cf-4ae9-87e6-9df29fd29ab3"},"type":"ParseJson","inputs":{"content":"@body('Get_Autotask_Opportunity_ID')","schema":{"type":"object","properties":{"item":{"type":"object","properties":{"id":{"type":"integer"},"advancedField1":{"type":"integer"},"advancedField2":{"type":"integer"},"advancedField3":{"type":"integer"},"advancedField4":{"type":"integer"},"advancedField5":{"type":"integer"},"amount":{"type":"integer"},"assessmentScore":{},"barriers":{"type":"string"},"closedDate":{},"companyID":{"type":"integer"},"contactID":{"type":"integer"},"cost":{"type":"integer"},"createDate":{"type":"string"},"creatorResourceID":{"type":"integer"},"description":{"type":"string"},"helpNeeded":{"type":"string"},"impersonatorCreatorResourceID":{},"lastActivity":{"type":"string"},"leadSource":{"type":"integer"},"lossReason":{},"lossReasonDetail":{"type":"string"},"lostDate":{},"market":{"type":"string"},"monthlyCost":{"type":"integer"},"monthlyRevenue":{"type":"integer"},"nextStep":{"type":"string"},"onetimeCost":{"type":"integer"},"onetimeRevenue":{"type":"integer"},"opportunityCategoryID":{"type":"integer"},"organizationalLevelAssociationID":{},"ownerResourceID":{"type":"integer"},"primaryCompetitor":{},"probability":{"type":"integer"},"productID":{"type":"integer"},"projectedCloseDate":{"type":"string"},"promisedFulfillmentDate":{},"promotionName":{"type":"string"},"quarterlyCost":{"type":"integer"},"quarterlyRevenue":{"type":"integer"},"rating":{"type":"integer"},"relationshipAssessmentScore":{},"revenueSpread":{"type":"integer"},"revenueSpreadUnit":{"type":"string"},"salesOrderID":{},"salesProcessPercentComplete":{},"semiannualCost":{"type":"integer"},"semiannualRevenue":{"type":"integer"},"stage":{"type":"integer"},"startDate":{"type":"string"},"status":{"type":"integer"},"technicalAssessmentScore":{},"throughDate":{},"title":{"type":"string"},"totalAmountMonths":{"type":"integer"},"useQuoteTotals":{"type":"boolean"},"winReason":{},"winReasonDetail":{"type":"string"},"yearlyCost":{"type":"integer"},"yearlyRevenue":{"type":"integer"},"userDefinedFields":{"type":"array","items":{"type":"object","properties":{"name":{"type":"string"},"value":{"type":"string"}},"required":["name","value"]}}}}}}}},"Parse_JSON_3":{"runAfter":{"Get_Autotask_Customer_Name_from_ID":["Succeeded"]},"metadata":{"operationMetadataId":"21105ff8-18ef-41cb-a15b-1d00af77ef75"},"type":"ParseJson","inputs":{"content":"@body('Get_Autotask_Customer_Name_from_ID')","schema":{"type":"object","properties":{"item":{"type":"object","properties":{"id":{"type":"integer"},"additionalAddressInformation":{"type":"string"},"address1":{},"address2":{},"alternatePhone1":{"type":"string"},"alternatePhone2":{"type":"string"},"apiVendorID":{},"assetValue":{},"billToCompanyLocationID":{},"billToAdditionalAddressInformation":{"type":"string"},"billingAddress1":{"type":"string"},"billingAddress2":{"type":"string"},"billToAddressToUse":{"type":"integer"},"billToAttention":{"type":"string"},"billToCity":{"type":"string"},"billToCountryID":{"type":"integer"},"billToState":{"type":"string"},"billToZipCode":{"type":"string"},"city":{"type":"string"},"classification":{"type":"integer"},"companyCategoryID":{"type":"integer"},"companyName":{"type":"string"},"companyNumber":{"type":"string"},"companyType":{"type":"integer"},"competitorID":{},"countryID":{"type":"integer"},"createDate":{"type":"string"},"createdByResourceID":{"type":"integer"},"currencyID":{"type":"integer"},"fax":{"type":"string"},"impersonatorCreatorResourceID":{},"invoiceEmailMessageID":{"type":"integer"},"invoiceMethod":{},"invoiceNonContractItemsToParentCompany":{},"invoiceTemplateID":{"type":"integer"},"isActive":{"type":"boolean"},"isClientPortalActive":{"type":"boolean"},"isEnabledForComanaged":{"type":"boolean"},"isTaskFireActive":{"type":"boolean"},"isTaxExempt":{"type":"boolean"},"lastActivityDate":{"type":"string"},"lastTrackedModifiedDateTime":{"type":"string"},"marketSegmentID":{},"ownerResourceID":{"type":"integer"},"parentCompanyID":{},"phone":{"type":"string"},"postalCode":{"type":"string"},"purchaseOrderTemplateID":{},"quoteEmailMessageID":{"type":"integer"},"quoteTemplateID":{"type":"integer"},"sicCode":{"type":"string"},"state":{"type":"string"},"stockMarket":{"type":"string"},"stockSymbol":{"type":"string"},"surveyCompanyRating":{},"taxID":{"type":"string"},"taxRegionID":{"type":"integer"},"territoryID":{"type":"integer"},"webAddress":{},"userDefinedFields":{"type":"array","items":{"type":"object","properties":{"name":{"type":"string"},"value":{"type":"string"}},"required":["name","value"]}}}}}}}},"Get_item_-_ADT_Core_Document_Types":{"runAfter":{"ProjectFolderName":["Succeeded"]},"metadata":{"operationMetadataId":"d0f1ca41-b78b-4313-bfc4-9fd055c50b9d"},"type":"OpenApiConnection","inputs":{"host":{"apiId":"/providers/Microsoft.PowerApps/apis/shared_sharepointonline","connectionName":"shared_sharepointonline","operationId":"GetItem"},"parameters":{"dataset":"https://assureddt.sharepoint.com/sites/Clients","table":"b4ea5ce3-38d8-46b2-a13f-469f169c48bb","id":16},"authentication":"@parameters('$authentication')"}},"CounterIncrement":{"runAfter":{"IsFolderExists":["Succeeded"]},"metadata":{"operationMetadataId":"94c1d173-2fd7-4ea3-87e2-ca50b0ad44b1"},"type":"InitializeVariable","inputs":{"variables":[{"name":"CounterIncrement","type":"float","value":"@outputs('Get_item_-_ADT_Core_Document_Types')?['body/LastNumber']"}]}},"Increment_variable":{"runAfter":{"CounterIncrement":["Succeeded"]},"metadata":{"operationMetadataId":"0f8758ec-49c7-4292-a549-b3f16c3a943a"},"type":"IncrementVariable","inputs":{"name":"CounterIncrement","value":1}},"ProjectFolderName":{"runAfter":{"CustomerFolderName":["Succeeded"]},"metadata":{"operationMetadataId":"db18bca1-e139-49ae-87d4-ed01c4914684"},"type":"InitializeVariable","inputs":{"variables":[{"name":"ProjectFolderName","type":"string","value":"ADT-@{triggerBody()['text']}-@{body('Parse_JSON_2')?['item']?['title']}"}]}},"List_folder_2":{"runAfter":{"Condition_2":["Succeeded"]},"metadata":{"%252fAutomation%2bTesting":"/Automation Testing","operationMetadataId":"6030d9bf-06cf-4b39-a93f-9fc3a782e731"},"type":"OpenApiConnection","inputs":{"host":{"apiId":"/providers/Microsoft.PowerApps/apis/shared_sharepointonline","connectionName":"shared_sharepointonline","operationId":"ListFolder"},"parameters":{"dataset":"https://assureddt.sharepoint.com/sites/Testing","id":"/Automation Testing@{variables('CustomerFolderName')}/@{variables('TopLevelClientProjectFolderName')}"},"authentication":"@parameters('$authentication')"}},"Apply_to_each_3":{"foreach":"@body('List_folder')","actions":{"Condition_3":{"actions":{"Set_variable_3":{"runAfter":{},"metadata":{"operationMetadataId":"fbc057e2-0293-4117-9fcc-f07a2ea33c8e"},"type":"SetVariable","inputs":{"name":"IsFolderExists","value":true}}},"runAfter":{},"expression":{"equals":["@item()?['DisplayName']","@variables('ProjectFolderName')"]},"metadata":{"operationMetadataId":"0c070c4e-125b-44bf-ab2f-7cf58392ef84"},"type":"If"}},"runAfter":{"List_folder_2":["Succeeded"]},"metadata":{"operationMetadataId":"6dde885d-6af8-40f1-a50e-ba5526c29491"},"type":"Foreach"},"Condition_4":{"actions":{"Set_variable_4":{"runAfter":{},"metadata":{"operationMetadataId":"fbc057e2-0293-4117-9fcc-f07a2ea33c8e"},"type":"SetVariable","inputs":{"name":"IsFolderExists","value":true}},"Populate_a_Microsoft_Word_template_2":{"runAfter":{"Set_variable_4":["Succeeded"]},"metadata":{"0132MKOWMHJKOMOPDT2ND24E2UI5SPI53N":"/Testing - Pre-Sales Request Form.docx","operationMetadataId":"828113bd-27c0-4199-b06b-63baaf7dd68e"},"type":"OpenApiConnection","inputs":{"host":{"apiId":"/providers/Microsoft.PowerApps/apis/shared_wordonlinebusiness","connectionName":"shared_wordonlinebusiness","operationId":"CreateFileItem"},"parameters":{"source":"sites/assureddt.sharepoint.com,00436fb0-eb76-4475-97d1-f04032b02f93,3775ad6b-389a-46b5-bcb9-c5c66ea4b394","drive":"b!sG9DAHbrdUSX0fBAMrAvk2utdTeaOLVGvLnFxm6ks5Rxt8U7DBcxTrhqzHKD7qzv","file":"0132MKOWMHJKOMOPDT2ND24E2UI5SPI53N","dynamicFileSchema/511423314":"ADT -- - Pre-Sales Request Form","dynamicFileSchema/1412884534":"ADT -- - Pre-Sales Request Form","dynamicFileSchema/-523787386":"@outputs('Get_user_profile_-_Document_Owner')?['body/displayName']","dynamicFileSchema/-2144261841":"@outputs('Get_user_profile_-_Document_Reviewer')?['body/displayName']","dynamicFileSchema/-1371447125":"@outputs('Get_user_profile_-_Document_Approver')?['body/displayName']"},"authentication":"@parameters('$authentication')"}},"Create_file":{"runAfter":{"Populate_a_Microsoft_Word_template_2":["Succeeded"]},"metadata":{"operationMetadataId":"e803449b-fbad-44fe-b5e2-19afecc1f1a2"},"type":"OpenApiConnection","inputs":{"host":{"apiId":"/providers/Microsoft.PowerApps/apis/shared_sharepointonline","connectionName":"shared_sharepointonline","operationId":"CreateFile"},"parameters":{"dataset":"https://assureddt.sharepoint.com/sites/Testing","folderPath":"/Automation Testing/@{variables('CustomerFolderName')}/@{variables('TopLevelClientProjectFolderName')}/@{variables('ProjectFolderName')}","name":"ADT-@{triggerBody()['text']}-@{outputs('Get_item_-_ADT_Core_Document_Types')?['body/Counter']}-@{outputs('Get_item_-_ADT_Core_Document_Types')?['body/NextNumber']}.docx","body":"@body('Populate_a_Microsoft_Word_template_2')"},"authentication":"@parameters('$authentication')"},"runtimeConfiguration":{"contentTransfer":{"transferMode":"Chunked"}}},"Get_file_metadata":{"runAfter":{"Update_file_properties":["Succeeded"]},"metadata":{"%252fShared%2bDocuments%252fTemplates%252fRA%2bTemplate%2bTesting.xlsx":"/Shared Documents/Templates/RA Template Testing.xlsx","%252fShared%2bDocuments%252fTemplates%252fRA%2bMaster.xlsx":"/Shared Documents/Templates/RA Master.xlsx","operationMetadataId":"be68c017-350e-4a55-9c73-679d98eac30b","%252fShared%2bDocuments%252fTesting%2b-%2bProject%2bCostbook.xlsx":"/Shared Documents/Testing - Project Costbook.xlsx"},"type":"OpenApiConnection","inputs":{"host":{"apiId":"/providers/Microsoft.PowerApps/apis/shared_sharepointonline","connectionName":"shared_sharepointonline","operationId":"GetFileMetadata"},"parameters":{"dataset":"https://assureddt.sharepoint.com/sites/Testing","id":"%252fShared%2bDocuments%252fTesting%2b-%2bProject%2bCostbook.xlsx"},"authentication":"@parameters('$authentication')"}},"Get_file_content":{"runAfter":{"Get_file_metadata":["Succeeded"]},"metadata":{"operationMetadataId":"e7d94129-5c27-4a66-b617-ac0c15934d16"},"type":"OpenApiConnection","inputs":{"host":{"apiId":"/providers/Microsoft.PowerApps/apis/shared_sharepointonline","connectionName":"shared_sharepointonline","operationId":"GetFileContent"},"parameters":{"dataset":"https://assureddt.sharepoint.com/sites/Testing","id":"@outputs('Get_file_metadata')?['body/Id']","inferContentType":true},"authentication":"@parameters('$authentication')"}},"Create_file_3":{"runAfter":{"Get_file_content":["Succeeded"]},"metadata":{"operationMetadataId":"59bf1d4d-2bde-46b5-b078-ea475596cd06"},"type":"OpenApiConnection","inputs":{"host":{"apiId":"/providers/Microsoft.PowerApps/apis/shared_sharepointonline","connectionName":"shared_sharepointonline","operationId":"CreateFile"},"parameters":{"dataset":"https://assureddt.sharepoint.com/sites/Testing","folderPath":"/Automation Testing/@{variables('CustomerFolderName')}/@{variables('TopLevelClientProjectFolderName')}/@{variables('ProjectFolderName')}","name":"ADT-@{triggerBody()['text']}- Costbook.xlsx","body":"@body('Get_file_content')"},"authentication":"@parameters('$authentication')"},"runtimeConfiguration":{"contentTransfer":{"transferMode":"Chunked"}}},"Get_file_properties":{"runAfter":{"Create_file_3":["Succeeded"]},"metadata":{"operationMetadataId":"4ca1a40e-939b-46e2-9ab1-cd7a303d02c9"},"type":"OpenApiConnection","inputs":{"host":{"apiId":"/providers/Microsoft.PowerApps/apis/shared_sharepointonline","connectionName":"shared_sharepointonline","operationId":"GetFileItem"},"parameters":{"dataset":"https://assureddt.sharepoint.com/sites/Testing","table":"35f24cee-a727-4ae5-b7fc-718bf41ec6fb","id":"@outputs('Create_file')?['body/ItemId']"},"authentication":"@parameters('$authentication')"}},"Update_file_properties":{"runAfter":{"Create_file":["Succeeded"]},"metadata":{"operationMetadataId":"998fa631-fc2f-494c-be59-640adc5c37b1"},"type":"OpenApiConnection","inputs":{"host":{"apiId":"/providers/Microsoft.PowerApps/apis/shared_sharepointonline","connectionName":"shared_sharepointonline","operationId":"PatchFileItem"},"parameters":{"dataset":"https://assureddt.sharepoint.com/sites/Testing","table":"35f24cee-a727-4ae5-b7fc-718bf41ec6fb","id":"@outputs('Create_file')?['body/ItemId']","item/Tag/Value":""},"authentication":"@parameters('$authentication')"}}},"runAfter":{"Apply_to_each_3":["Succeeded"]},"else":{"actions":{"Create_new_folder_3":{"runAfter":{},"metadata":{"operationMetadataId":"afaf31a9-2a0c-4a06-a73d-f9e25bd3ef34"},"type":"OpenApiConnection","inputs":{"host":{"apiId":"/providers/Microsoft.PowerApps/apis/shared_sharepointonline","connectionName":"shared_sharepointonline","operationId":"CreateNewFolder"},"parameters":{"dataset":"https://assureddt.sharepoint.com/sites/Testing","table":"35f24cee-a727-4ae5-b7fc-718bf41ec6fb","parameters/path":"@{variables('CustomerFolderName')}/@{variables('TopLevelClientProjectFolderName')}/@{variables('ProjectFolderName')}"},"authentication":"@parameters('$authentication')"}},"Populate_a_Microsoft_Word_template":{"runAfter":{"Create_new_folder_3":["Succeeded"]},"metadata":{"0132MKOWMHJKOMOPDT2ND24E2UI5SPI53N":"/Testing - Pre-Sales Request Form.docx","operationMetadataId":"828113bd-27c0-4199-b06b-63baaf7dd68e"},"type":"OpenApiConnection","inputs":{"host":{"apiId":"/providers/Microsoft.PowerApps/apis/shared_wordonlinebusiness","connectionName":"shared_wordonlinebusiness","operationId":"CreateFileItem"},"parameters":{"source":"sites/assureddt.sharepoint.com,00436fb0-eb76-4475-97d1-f04032b02f93,3775ad6b-389a-46b5-bcb9-c5c66ea4b394","drive":"b!sG9DAHbrdUSX0fBAMrAvk2utdTeaOLVGvLnFxm6ks5Rxt8U7DBcxTrhqzHKD7qzv","file":"0132MKOWMHJKOMOPDT2ND24E2UI5SPI53N","dynamicFileSchema/511423314":"ADT -- - Pre-Sales Request Form","dynamicFileSchema/1412884534":"ADT -- - Pre-Sales Request Form","dynamicFileSchema/-523787386":"@outputs('Get_user_profile_-_Document_Owner')?['body/displayName']","dynamicFileSchema/-2144261841":"@outputs('Get_user_profile_-_Document_Reviewer')?['body/displayName']","dynamicFileSchema/-1371447125":"@outputs('Get_user_profile_-_Document_Approver')?['body/displayName']"},"authentication":"@parameters('$authentication')"}},"Create_file_2":{"runAfter":{"Populate_a_Microsoft_Word_template":["Succeeded"]},"metadata":{"operationMetadataId":"e803449b-fbad-44fe-b5e2-19afecc1f1a2"},"type":"OpenApiConnection","inputs":{"host":{"apiId":"/providers/Microsoft.PowerApps/apis/shared_sharepointonline","connectionName":"shared_sharepointonline","operationId":"CreateFile"},"parameters":{"dataset":"https://assureddt.sharepoint.com/sites/Testing","folderPath":"/Automation Testing@{variables('CustomerFolderName')}/@{variables('TopLevelClientProjectFolderName')}/@{variables('ProjectFolderName')}","name":"ADT-@{triggerBody()['text']}-@{outputs('Get_item_-_ADT_Core_Document_Types')?['body/Counter']}-@{outputs('Get_item_-_ADT_Core_Document_Types')?['body/NextNumber']}.docx","body":"@body('Populate_a_Microsoft_Word_template')"},"authentication":"@parameters('$authentication')"},"runtimeConfiguration":{"contentTransfer":{"transferMode":"Chunked"}}},"Get_file_metadata_2":{"runAfter":{"Update_file_properties_2":["Succeeded"]},"metadata":{"%252fShared%2bDocuments%252fTemplates%252fRA%2bTemplate%2bTesting.xlsx":"/Shared Documents/Templates/RA Template Testing.xlsx","%252fShared%2bDocuments%252fTemplates%252fRA%2bMaster.xlsx":"/Shared Documents/Templates/RA Master.xlsx","operationMetadataId":"be68c017-350e-4a55-9c73-679d98eac30b","%252fShared%2bDocuments%252fTesting%2b-%2bProject%2bCostbook.xlsx":"/Shared Documents/Testing - Project Costbook.xlsx"},"type":"OpenApiConnection","inputs":{"host":{"apiId":"/providers/Microsoft.PowerApps/apis/shared_sharepointonline","connectionName":"shared_sharepointonline","operationId":"GetFileMetadata"},"parameters":{"dataset":"https://assureddt.sharepoint.com/sites/Testing","id":"%252fShared%2bDocuments%252fTesting%2b-%2bProject%2bCostbook.xlsx"},"authentication":"@parameters('$authentication')"}},"Get_file_content_2":{"runAfter":{"Get_file_metadata_2":["Succeeded"]},"metadata":{"operationMetadataId":"e7d94129-5c27-4a66-b617-ac0c15934d16"},"type":"OpenApiConnection","inputs":{"host":{"apiId":"/providers/Microsoft.PowerApps/apis/shared_sharepointonline","connectionName":"shared_sharepointonline","operationId":"GetFileContent"},"parameters":{"dataset":"https://assureddt.sharepoint.com/sites/Testing","id":"@outputs('Get_file_metadata_2')?['body/Id']","inferContentType":true},"authentication":"@parameters('$authentication')"}},"Create_file_4":{"runAfter":{"Get_file_content_2":["Succeeded"]},"metadata":{"operationMetadataId":"59bf1d4d-2bde-46b5-b078-ea475596cd06"},"type":"OpenApiConnection","inputs":{"host":{"apiId":"/providers/Microsoft.PowerApps/apis/shared_sharepointonline","connectionName":"shared_sharepointonline","operationId":"CreateFile"},"parameters":{"dataset":"https://assureddt.sharepoint.com/sites/Testing","folderPath":"/Automation Testing/@{variables('CustomerFolderName')}/@{variables('TopLevelClientProjectFolderName')}/@{variables('ProjectFolderName')}","name":"ADT-@{triggerBody()['text']}- Costbook.xlsx","body":"@body('Get_file_content_2')"},"authentication":"@parameters('$authentication')"},"runtimeConfiguration":{"contentTransfer":{"transferMode":"Chunked"}}},"Get_file_properties_2":{"runAfter":{"Create_file_4":["Succeeded"]},"metadata":{"operationMetadataId":"4ca1a40e-939b-46e2-9ab1-cd7a303d02c9"},"type":"OpenApiConnection","inputs":{"host":{"apiId":"/providers/Microsoft.PowerApps/apis/shared_sharepointonline","connectionName":"shared_sharepointonline","operationId":"GetFileItem"},"parameters":{"dataset":"https://assureddt.sharepoint.com/sites/Testing","table":"35f24cee-a727-4ae5-b7fc-718bf41ec6fb","id":"@outputs('Create_file_4')?['body/ItemId']"},"authentication":"@parameters('$authentication')"}},"Update_file_properties_2":{"runAfter":{"Create_file_2":["Succeeded"]},"metadata":{"operationMetadataId":"998fa631-fc2f-494c-be59-640adc5c37b1"},"type":"OpenApiConnection","inputs":{"host":{"apiId":"/providers/Microsoft.PowerApps/apis/shared_sharepointonline","connectionName":"shared_sharepointonline","operationId":"PatchFileItem"},"parameters":{"dataset":"https://assureddt.sharepoint.com/sites/Testing","table":"35f24cee-a727-4ae5-b7fc-718bf41ec6fb","id":"@outputs('Create_file_2')?['body/ItemId']","item/Tag/Value":""},"authentication":"@parameters('$authentication')"}}}},"expression":{"equals":["@variables('IsFolderExists')",true]},"metadata":{"operationMetadataId":"1aec1ba1-b292-49aa-ac32-5d6c3365b4a4"},"type":"If"},"Update_item":{"runAfter":{"Condition_4":["Succeeded"]},"metadata":{"operationMetadataId":"78625b0d-e6e8-4c05-a1e9-cb1682c9e1bf"},"type":"OpenApiConnection","inputs":{"host":{"apiId":"/providers/Microsoft.PowerApps/apis/shared_sharepointonline","connectionName":"shared_sharepointonline","operationId":"PatchItem"},"parameters":{"dataset":"https://assureddt.sharepoint.com/sites/Testing","table":"6d05bead-53d2-41be-9a5c-16342c0d0530","id":16,"item/Title":"@outputs('Get_item_-_ADT_Core_Document_Types')?['body/Title']","item/Counter":"@outputs('Get_item_-_ADT_Core_Document_Types')?['body/Counter']","item/LastNumber":"@variables('CounterIncrement')","item/Format":"@outputs('Get_item_-_ADT_Core_Document_Types')?['body/Format']"},"authentication":"@parameters('$authentication')"}},"Get_user_profile_-_Document_Owner":{"runAfter":{},"metadata":{"operationMetadataId":"64d94358-fb53-4bda-a217-b3c94ba9d69b"},"type":"OpenApiConnection","inputs":{"host":{"apiId":"/providers/Microsoft.PowerApps/apis/shared_office365users","connectionName":"shared_office365users","operationId":"UserProfile_V2"},"parameters":{"id":"@triggerBody()['email']"},"authentication":{"value":"@json(decodeBase64(triggerOutputs().headers['X-MS-APIM-Tokens']))['$ConnectionKey']","type":"Raw"}}},"Get_user_profile_-_Document_Reviewer":{"runAfter":{"Get_user_profile_-_Document_Owner":["Succeeded"]},"metadata":{"operationMetadataId":"d10b7980-1872-461c-8481-c7e2f4d03761"},"type":"OpenApiConnection","inputs":{"host":{"apiId":"/providers/Microsoft.PowerApps/apis/shared_office365users","connectionName":"shared_office365users","operationId":"UserProfile_V2"},"parameters":{"id":"@triggerBody()['email_1']"},"authentication":{"value":"@json(decodeBase64(triggerOutputs().headers['X-MS-APIM-Tokens']))['$ConnectionKey']","type":"Raw"}}},"Get_user_profile_-_Document_Approver":{"runAfter":{"Get_user_profile_-_Document_Reviewer":["Succeeded"]},"metadata":{"operationMetadataId":"082b99b2-da0d-460c-bbb2-9cb0b172128b"},"type":"OpenApiConnection","inputs":{"host":{"apiId":"/providers/Microsoft.PowerApps/apis/shared_office365users","connectionName":"shared_office365users","operationId":"UserProfile_V2"},"parameters":{"id":"@triggerBody()['email_2']"},"authentication":{"value":"@json(decodeBase64(triggerOutputs().headers['X-MS-APIM-Tokens']))['$ConnectionKey']","type":"Raw"}}}}},"connectionReferences":{"shared_sharepointonline":{"connectionName":"shared-sharepointonl-eceac7d4-dffb-4774-a969-6deeb960fa0d","source":"Embedded","id":"/providers/Microsoft.PowerApps/apis/shared_sharepointonline","tier":"NotSpecified"},"shared_sharepointonline_1":{"connectionName":"shared-sharepointonl-eceac7d4-dffb-4774-a969-6deeb960fa0d","source":"Embedded","id":"/providers/Microsoft.PowerApps/apis/shared_sharepointonline","tier":"NotSpecified"},"shared_teams":{"connectionName":"shared-teams-b8f35eb8-b633-493b-acc6-d72e563558d6","source":"Embedded","id":"/providers/Microsoft.PowerApps/apis/shared_teams","tier":"NotSpecified"},"shared_wordonlinebusiness":{"connectionName":"shared-wordonlinebus-647bf5cf-4bfa-4030-a6bd-a744244f0e75","source":"Embedded","id":"/providers/Microsoft.PowerApps/apis/shared_wordonlinebusiness","tier":"NotSpecified"},"shared_office365users":{"connectionName":"shared-office365user-904e8658-d0e0-42ab-a01e-c34734e5e60f","source":"Invoker","id":"/providers/Microsoft.PowerApps/apis/shared_office365users","tier":"NotSpecified"}},"flowFailureAlertSubscribed":false,"isManaged":false}}