{"name":"7492b132-f5c2-4439-9f76-568ef9445763","id":"/providers/Microsoft.Flow/flows/7492b132-f5c2-4439-9f76-568ef9445763","type":"Microsoft.Flow/flows","properties":{"apiId":"/providers/Microsoft.PowerApps/apis/shared_logicflows","displayName":"Copy - Archiver","definition":{"metadata":{"workflowEntityId":null,"processAdvisorMetadata":null,"flowclientsuspensionreason":"None","flowclientsuspensiontime":null,"flowclientsuspensionreasondetails":null,"creator":{"id":"15563203-5c19-42b6-bb6e-bae52ebc4c29","type":"User","tenantId":"6827a2de-92bb-421b-9f69-90ae9935ec0b"},"provisioningMethod":"FromDefinition","failureAlertSubscription":true,"clientLastModifiedTime":"2023-03-10T16:21:30.2687307Z"},"$schema":"https://schema.management.azure.com/providers/Microsoft.Logic/schemas/2016-06-01/workflowdefinition.json#","contentVersion":"1.0.0.0","parameters":{"$connections":{"defaultValue":{},"type":"Object"},"$authentication":{"defaultValue":{},"type":"SecureObject"}},"triggers":{"Recurrence":{"recurrence":{"frequency":"Month","interval":1,"timeZone":"GMT Standard Time"},"metadata":{"operationMetadataId":"ae30d0a8-f0f8-48b2-8e76-f76a82b6ec67"},"type":"Recurrence"}},"actions":{"Apply_to_each":{"foreach":"@outputs('Get_files_(properties_only)')?['body/value']","actions":{"Get_file_metadata":{"runAfter":{},"metadata":{"operationMetadataId":"7600b3e5-60ba-4c82-bf4c-cb39fadd362b"},"type":"OpenApiConnection","inputs":{"host":{"apiId":"/providers/Microsoft.PowerApps/apis/shared_sharepointonline","connectionName":"shared_sharepointonline","operationId":"GetFileMetadata"},"parameters":{"dataset":"https://mcadamlloyd.sharepoint.com/sites/ITSupport","id":"@items('Apply_to_each')?['{Identifier}']"},"authentication":"@parameters('$authentication')"}},"Copy_file":{"runAfter":{"Get_file_metadata":["Succeeded"]},"metadata":{"operationMetadataId":"51a6f13e-5fd4-41de-ab84-dc4f8e2e76c8"},"type":"OpenApiConnection","inputs":{"host":{"apiId":"/providers/Microsoft.PowerApps/apis/shared_sharepointonline","connectionName":"shared_sharepointonline","operationId":"CopyFileAsync"},"parameters":{"dataset":"https://mcadamlloyd.sharepoint.com/sites/ITSupport","parameters/sourceFileId":"@outputs('Get_file_metadata')?['body/Path']","parameters/destinationDataset":"https://mcadamlloyd.sharepoint.com/sites/ITSupport","parameters/destinationFolderPath":"/Archive","parameters/nameConflictBehavior":2},"authentication":"@parameters('$authentication')"}}},"runAfter":{"Get_files_(properties_only)":["Succeeded"]},"metadata":{"operationMetadataId":"a7bf2d8d-7457-439c-adf6-0f9a279ab8a0"},"type":"Foreach"},"Get_files_(properties_only)":{"runAfter":{"Convert_time_zone":["Succeeded"]},"metadata":{"operationMetadataId":"6bf9c02f-1a4a-4108-9820-db8a89eb05a6"},"type":"OpenApiConnection","inputs":{"host":{"apiId":"/providers/Microsoft.PowerApps/apis/shared_sharepointonline","connectionName":"shared_sharepointonline","operationId":"GetFileItems"},"parameters":{"dataset":"https://mcadamlloyd.sharepoint.com/sites/ITSupport","table":"32f373d7-63b7-4cf3-aa9c-7aae543abf0f","$filter":"FSObjType eq 0 and Modified le'@{body('Get_past_time')}'"},"authentication":"@parameters('$authentication')"}},"Get_past_time":{"runAfter":{},"metadata":{"operationMetadataId":"11f12329-d883-4000-aea3-45f83c89c363"},"type":"Expression","kind":"GetPastTime","inputs":{"interval":1,"timeUnit":"Month"}},"Convert_time_zone":{"runAfter":{"Get_past_time":["Succeeded"]},"metadata":{"operationMetadataId":"2fd2169c-8a55-48ef-a793-df0cfa9154a4"},"type":"Expression","kind":"ConvertTimeZone","inputs":{"baseTime":"@body('Get_past_time')","formatString":"dd/MM/yyyy","sourceTimeZone":"GMT Standard Time","destinationTimeZone":"GMT Standard Time"}}},"outputs":{}},"connectionReferences":{"shared_sharepointonline":{"connectionName":"shared-sharepointonl-306d942c-83df-471c-ae53-f48b52ff194d","source":"Embedded","id":"/providers/Microsoft.PowerApps/apis/shared_sharepointonline","tier":"NotSpecified"}},"flowFailureAlertSubscribed":false,"isManaged":false}}