{"name":"8eaea352-8711-4619-b447-bb789aa8abc9","id":"/providers/Microsoft.Flow/flows/8eaea352-8711-4619-b447-bb789aa8abc9","type":"Microsoft.Flow/flows","properties":{"apiId":"/providers/Microsoft.PowerApps/apis/shared_logicflows","displayName":"ADTCAB- Create CAB Document (Change Request Form)","definition":{"metadata":{"workflowEntityId":null,"processAdvisorMetadata":null,"flowclientsuspensionreason":"AllActionsFailingDetected","flowclientsuspensionreasondetails":null,"flowclientsuspensiontime":"2023-02-10T09:30:53.3227743Z","creator":{"id":"d80946cf-9971-4e62-a505-94a91fdf95b2","type":"User","tenantId":"eebf42f0-fb5a-460f-a80a-1b6593988a6e"},"provisioningMethod":"FromDefinition","failureAlertSubscription":true,"clientLastModifiedTime":"2023-02-10T09:30:53.3227743Z"},"$schema":"https://schema.management.azure.com/providers/Microsoft.Logic/schemas/2016-06-01/workflowdefinition.json#","contentVersion":"1.0.0.0","parameters":{"$connections":{"defaultValue":{},"type":"Object"},"$authentication":{"defaultValue":{},"type":"SecureObject"}},"triggers":{"When_an_item_is_created":{"recurrence":{"frequency":"Minute","interval":1},"splitOn":"@triggerOutputs()?['body/value']","metadata":{"operationMetadataId":"835f16cb-c04b-4007-a211-86a7c101f358"},"type":"OpenApiConnection","inputs":{"host":{"apiId":"/providers/Microsoft.PowerApps/apis/shared_sharepointonline","connectionName":"shared_sharepointonline","operationId":"GetOnNewItems"},"parameters":{"dataset":"https://assureddt.sharepoint.com/sites/ADTCAB","table":"f3349f77-386e-449a-8c9b-a9938a5e9d92"},"authentication":"@parameters('$authentication')"}}},"actions":{"Initialize_variable":{"runAfter":{"Get_item_-_ADT_CAB_Document_Types":["Succeeded"]},"metadata":{"operationMetadataId":"aa0a789b-6c49-4337-bc98-ea5905a29454"},"type":"InitializeVariable","inputs":{"variables":[{"name":"CounterIncrement","type":"float","value":"@outputs('Get_item_-_ADT_CAB_Document_Types')?['body/LastNumber']"}]}},"Increment_variable":{"runAfter":{"Initialize_variable":["Succeeded"]},"metadata":{"operationMetadataId":"bec864b0-a73f-44cd-9781-2d94ed82e95c"},"type":"IncrementVariable","inputs":{"name":"CounterIncrement","value":1}},"Update_item":{"runAfter":{"Update_file_properties":["Succeeded"]},"metadata":{"operationMetadataId":"38a1e278-c647-4a1d-ae67-194ed2060e05"},"type":"OpenApiConnection","inputs":{"host":{"apiId":"/providers/Microsoft.PowerApps/apis/shared_sharepointonline","connectionName":"shared_sharepointonline","operationId":"PatchItem"},"parameters":{"dataset":"https://assureddt.sharepoint.com/sites/ADTCAB","table":"3acaca20-12bd-492a-abf3-2f7e633a01db","id":1,"item/Counter":"@outputs('Get_item_-_ADT_CAB_Document_Types')?['body/Counter']","item/LastNumber":"@variables('CounterIncrement')","item/Format":"@outputs('Get_item_-_ADT_CAB_Document_Types')?['body/Format']","item/Title":"@outputs('Get_item_-_ADT_CAB_Document_Types')?['body/Title']"},"authentication":"@parameters('$authentication')"}},"Get_item_-_ADT_CAB":{"runAfter":{},"metadata":{"operationMetadataId":"0a5ba40d-5259-4b24-ac9a-e1065899276f"},"type":"OpenApiConnection","inputs":{"host":{"apiId":"/providers/Microsoft.PowerApps/apis/shared_sharepointonline","connectionName":"shared_sharepointonline","operationId":"GetItem"},"parameters":{"dataset":"https://assureddt.sharepoint.com/sites/ADTCAB","table":"f3349f77-386e-449a-8c9b-a9938a5e9d92","id":"@triggerOutputs()?['body/ID']"},"authentication":"@parameters('$authentication')"}},"Get_item_-_ADT_CAB_Document_Types":{"runAfter":{"Get_item_-_ADT_CAB":["Succeeded"]},"metadata":{"operationMetadataId":"3567db0b-436f-4eba-9bfc-4ddfc1d5e640"},"type":"OpenApiConnection","inputs":{"host":{"apiId":"/providers/Microsoft.PowerApps/apis/shared_sharepointonline","connectionName":"shared_sharepointonline","operationId":"GetItem"},"parameters":{"dataset":"https://assureddt.sharepoint.com/sites/ADTCAB","table":"3acaca20-12bd-492a-abf3-2f7e633a01db","id":1},"authentication":"@parameters('$authentication')"}},"Populate_a_Microsoft_Word_template":{"runAfter":{"Convert_time_zone_-_Date_of_Evaulation":["Succeeded"]},"metadata":{"015CDQQNANLVQHLIZP4ZH2ZZVNRLKCAHMC":"/ADT Change Request Template 07-07-21.docx","operationMetadataId":"19dbaa45-844e-4f9b-9179-a26570177bb4","015CDQQNDJCJ3MLTQMLJA3GRXYZRTZIQ3V":"/ADT-TPT-053 Change Request - 10-02-23.docx"},"type":"OpenApiConnection","inputs":{"host":{"apiId":"/providers/Microsoft.PowerApps/apis/shared_wordonlinebusiness","connectionName":"shared_wordonlinebusiness","operationId":"CreateFileItem"},"parameters":{"source":"sites/assureddt.sharepoint.com,348a1726-ec85-41cc-841a-e08476f107d1,82779bd5-4e9d-4071-8e23-662e528ddd41","drive":"b!JheKNIXszEGEGuCEdvEH0dWbd4KdTnFAjiNmLlKN3UGUQLd7e5jXQarHprmA_aJd","file":"015CDQQNDJCJ3MLTQMLJA3GRXYZRTZIQ3V","dynamicFileSchema/1412884534":"@outputs('Get_item_-_ADT_CAB')?['body/Title']","dynamicFileSchema/1774434382":"@body('Convert_time_zone_-_Date_of_Evaulation')","dynamicFileSchema/1815210029":"@outputs('Get_item_-_ADT_CAB')?['body/Requester_x0020_Name']","dynamicFileSchema/-807926990":"@outputs('Get_item_-_ADT_CAB')?['body/Ticket_x0020_Reference']","dynamicFileSchema/-1822963923":"@outputs('Get_item_-_ADT_CAB_Document_Types')?['body/NextRef']","dynamicFileSchema/-1573498546":"@outputs('Get_item_-_ADT_CAB')?['body/Change_x0020_Type/Value']","dynamicFileSchema/-1170481010":"@body('Convert_time_zone_-_Date_of_Request')","dynamicFileSchema/-2058921590":"@outputs('Get_item_-_ADT_CAB')?['body/Requester_x0020_Email']","dynamicFileSchema/-817343856":"@outputs('Get_item_-_ADT_CAB')?['body/Environment/Value']","dynamicFileSchema/-819189937":"@outputs('Get_item_-_ADT_CAB')?['body/Client']","dynamicFileSchema/-600727455":"@outputs('Get_item_-_ADT_CAB')?['body/Owner/DisplayName']","dynamicFileSchema/-22100837":"@body('Convert_time_zone_-_Date_of_Change')","dynamicFileSchema/-935208870":"@outputs('Get_item_-_ADT_CAB')?['body/Estimated_x0020_Costs']","dynamicFileSchema/-251355992":"@outputs('Get_item_-_ADT_CAB')?['body/Evaluator_x0020_Name/DisplayName']","dynamicFileSchema/-1399981705":"@outputs('Get_item_-_ADT_CAB')?['body/Title']"},"authentication":"@parameters('$authentication')"}},"Create_file":{"runAfter":{"Populate_a_Microsoft_Word_template":["Succeeded"]},"metadata":{"operationMetadataId":"312d445f-4a90-455a-bc15-64004fe8a088"},"type":"OpenApiConnection","inputs":{"host":{"apiId":"/providers/Microsoft.PowerApps/apis/shared_sharepointonline","connectionName":"shared_sharepointonline","operationId":"CreateFile"},"parameters":{"dataset":"https://assureddt.sharepoint.com/sites/ADTCAB","folderPath":"/CAB Documents","name":"@{outputs('Get_item_-_ADT_CAB')?['body/Title']}.docx","body":"@outputs('Populate_a_Microsoft_Word_template')?['body']"},"authentication":"@parameters('$authentication')"},"runtimeConfiguration":{"contentTransfer":{"transferMode":"Chunked"}}},"Update_file_properties":{"runAfter":{"Create_file":["Succeeded"]},"metadata":{"operationMetadataId":"ffd6a470-46cf-46e1-92f3-cd96e9c5ae13"},"type":"OpenApiConnection","inputs":{"host":{"apiId":"/providers/Microsoft.PowerApps/apis/shared_sharepointonline","connectionName":"shared_sharepointonline","operationId":"PatchFileItem"},"parameters":{"dataset":"https://assureddt.sharepoint.com/sites/ADTCAB","table":"16c3fe37-7daf-4135-9741-02e35da1a9a6","id":"@outputs('Create_file')?['body/ItemId']","item/Title":"@outputs('Get_item_-_ADT_CAB_Document_Types')?['body/Title']","item/Change_x0020_Ref":"@outputs('Get_item_-_ADT_CAB_Document_Types')?['body/NextRef']","item/Change_x0020_Status/Value":"New","item/Change_x0020_Type/Value":"@outputs('Get_item_-_ADT_CAB')?['body/Change_x0020_Type/Value']","item/Customer_x0020_Name":"@outputs('Get_item_-_ADT_CAB')?['body/Client']","item/Change_x0020_Owner":"@outputs('Get_item_-_ADT_CAB')?['body/Owner/DisplayName']","item/Date_x0020__x0026__x0020_Time_x0020_Change":"@outputs('Get_item_-_ADT_CAB')?['body/DateofRequest']","item/Ticket_x0020_Number":"@outputs('Get_item_-_ADT_CAB')?['body/Ticket_x0020_Reference']","item/Estimated_x0020_Costs":"@outputs('Get_item_-_ADT_CAB')?['body/Estimated_x0020_Costs']","item/Requester_x0020_Name":"@outputs('Get_item_-_ADT_CAB')?['body/Requester_x0020_Name']","item/Evaluator_x0020_Name/Claims":"@outputs('Get_item_-_ADT_CAB')?['body/Evaluator_x0020_Name/DisplayName']","item/Requester_x0020_Email":"@outputs('Get_item_-_ADT_CAB')?['body/Requester_x0020_Email']","item/Date_x0020_of_x0020_Evaulation":"@outputs('Get_item_-_ADT_CAB')?['body/Date_x0020_of_x0020_Evaluation']","item/{ContentType}/Id":"0x01010052190C5A44EE8F45BF4B315BD4A9F6A600F3347FFAC9305548BF7586701AD1C11C"},"authentication":"@parameters('$authentication')"}},"Convert_time_zone_-_Date_of_Request":{"runAfter":{"Increment_variable":["Succeeded"]},"metadata":{"operationMetadataId":"e73db44b-b991-446e-acb9-b29498e367a4"},"type":"Expression","kind":"ConvertTimeZone","inputs":{"baseTime":"@outputs('Get_item_-_ADT_CAB')?['body/DateofRequest']","formatString":"D","sourceTimeZone":"Pacific Standard Time","destinationTimeZone":"GMT Standard Time"}},"Convert_time_zone_-_Date_of_Change":{"runAfter":{"Convert_time_zone_-_Date_of_Request":["Succeeded"]},"metadata":{"operationMetadataId":"ce345d1d-67af-4ff3-9785-b0875c18a953"},"type":"Expression","kind":"ConvertTimeZone","inputs":{"baseTime":"@outputs('Get_item_-_ADT_CAB')?['body/Date_x0020_of_x0020_Request']","formatString":"D","sourceTimeZone":"Pacific Standard Time","destinationTimeZone":"GMT Standard Time"}},"Convert_time_zone_-_Date_of_Evaulation":{"runAfter":{"Convert_time_zone_-_Date_of_Change":["Succeeded"]},"metadata":{"operationMetadataId":"1c34cf40-bdb8-4c64-a8bb-268a8e98b757"},"type":"Expression","kind":"ConvertTimeZone","inputs":{"baseTime":"@outputs('Get_item_-_ADT_CAB')?['body/Date_x0020_of_x0020_Evaluation']","formatString":"D","sourceTimeZone":"Pacific Standard Time","destinationTimeZone":"GMT Standard Time"}},"Send_an_email_(V2)":{"runAfter":{"Update_item":["Succeeded"]},"metadata":{"operationMetadataId":"e32bebef-2aba-4dfc-9782-9dc704d7be2e"},"type":"OpenApiConnection","inputs":{"host":{"apiId":"/providers/Microsoft.PowerApps/apis/shared_office365","connectionName":"shared_office365_1","operationId":"SendEmailV2"},"parameters":{"emailMessage/To":"@triggerOutputs()?['body/Author/Email']","emailMessage/Subject":"Your change request: @{outputs('Update_file_properties')?['body/Change_x0020_Ref']} has been created","emailMessage/Body":"<p>Your change request has been created. Change name: @{outputs('Update_file_properties')?['body/Title']} with this reference: @{outputs('Update_file_properties')?['body/Change_x0020_Ref']} . You can view it on Sharepoint here: @{outputs('Update_file_properties')?['body/{Link}']}</p>","emailMessage/From":"no.reply@assureddigitaltech.com"},"authentication":"@parameters('$authentication')"}}}},"connectionReferences":{"shared_sharepointonline":{"connectionName":"shared-sharepointonl-eceac7d4-dffb-4774-a969-6deeb960fa0d","source":"Embedded","id":"/providers/Microsoft.PowerApps/apis/shared_sharepointonline","tier":"NotSpecified"},"shared_wordonlinebusiness":{"connectionName":"shared-wordonlinebus-647bf5cf-4bfa-4030-a6bd-a744244f0e75","source":"Embedded","id":"/providers/Microsoft.PowerApps/apis/shared_wordonlinebusiness","tier":"NotSpecified"},"shared_office365_1":{"connectionName":"shared-office365-76285799-5653-47ae-a89e-a73f309d6b6d","source":"Embedded","id":"/providers/Microsoft.PowerApps/apis/shared_office365","tier":"NotSpecified"}},"flowFailureAlertSubscribed":false,"isManaged":false}}