{"name":"e91e8de3-a429-4fd8-b2f7-9da8a53851c9","id":"/providers/Microsoft.Flow/flows/e91e8de3-a429-4fd8-b2f7-9da8a53851c9","type":"Microsoft.Flow/flows","properties":{"apiId":"/providers/Microsoft.PowerApps/apis/shared_logicflows","displayName":"HR - Save Completed Tracker to Employee Folder","definition":{"metadata":{"workflowEntityId":null,"processAdvisorMetadata":null,"flowChargedByPaygo":null,"flowclientsuspensionreason":"None","flowclientsuspensiontime":null,"flowclientsuspensionreasondetails":null,"creator":{"id":"15563203-5c19-42b6-bb6e-bae52ebc4c29","type":"User","tenantId":"6827a2de-92bb-421b-9f69-90ae9935ec0b"},"provisioningMethod":"FromDefinition","failureAlertSubscription":true,"clientLastModifiedTime":"2023-07-27T20:47:45.9689001Z"},"$schema":"https://schema.management.azure.com/providers/Microsoft.Logic/schemas/2016-06-01/workflowdefinition.json#","contentVersion":"1.0.0.0","parameters":{"$connections":{"defaultValue":{},"type":"Object"},"$authentication":{"defaultValue":{},"type":"SecureObject"}},"triggers":{"When_an_item_is_created_or_modified":{"recurrence":{"frequency":"Minute","interval":3},"splitOn":"@triggerOutputs()?['body/value']","metadata":{"operationMetadataId":"a6046a51-5508-41ca-99ed-6db64ec520aa"},"type":"OpenApiConnection","inputs":{"host":{"apiId":"/providers/Microsoft.PowerApps/apis/shared_sharepointonline","connectionName":"shared_sharepointonline","operationId":"GetOnUpdatedItems"},"parameters":{"dataset":"https://mcadamlloyd.sharepoint.com/sites/HR","table":"c38b426d-71b1-47e5-b046-9f86a0968828"},"authentication":"@parameters('$authentication')"}}},"actions":{"Condition":{"actions":{"Switch":{"runAfter":{},"cases":{"PDM":{"case":"PDM","actions":{"Populate_a_Microsoft_Word_template":{"runAfter":{},"metadata":{"01GEQ2M2OLFLZSMQA3K5F2OI76LFCOVUHD":"/PDM-TPT-006 PDM Employee Onboarding Record.docx","operationMetadataId":"d569e8f9-294d-494a-8429-a47b211c3beb"},"type":"OpenApiConnection","inputs":{"host":{"apiId":"/providers/Microsoft.PowerApps/apis/shared_wordonlinebusiness","connectionName":"shared_wordonlinebusiness","operationId":"CreateFileItem"},"parameters":{"source":"sites/mcadamlloyd.sharepoint.com,9c7dc291-2d0b-4919-8662-b23d491b7d5a,881c1b0a-4a2d-49f3-ad5c-e459f936077c","drive":"b!kcJ9nAstGUmGYrI9SRt9WgobHIgtSvNJrVzkWfk2B3yBHcMRXKDSS52X1gXQKKsS","file":"01GEQ2M2OLFLZSMQA3K5F2OI76LFCOVUHD","dynamicFileSchema/69318224":"@triggerOutputs()?['body/LocationofFirstaidequipment']","dynamicFileSchema/74633206":"@triggerOutputs()?['body/AdddetailstoSageHR']","dynamicFileSchema/291332473":"@triggerOutputs()?['body/References/Value']","dynamicFileSchema/774830949":"@triggerOutputs()?['body/ContractIssued']","dynamicFileSchema/786007885":"@triggerOutputs()?['body/Briefintroductiontohistoryandpro']","dynamicFileSchema/998705781":"@triggerOutputs()?['body/NationalInsuranceNumberDocumentR']","dynamicFileSchema/1366015254":"@triggerOutputs()?['body/Agreementtooptoutof48hourweekCom']","dynamicFileSchema/1469701959":"@triggerOutputs()?['body/HealthQuestionnaireCompleted']","dynamicFileSchema/1565679010":"@triggerOutputs()?['body/Placeofwork_x003a_Canteen_x002f_']","dynamicFileSchema/1812823416":"@triggerOutputs()?['body/ClockcardIssued']","dynamicFileSchema/1884983027":"@triggerOutputs()?['body/Hazardsandrisksinownparticularwo']","dynamicFileSchema/1975716575":"@triggerOutputs()?['body/Locationanduseoffireextinguisher']","dynamicFileSchema/2124039682":"@triggerOutputs()?['body/Placeofwork_x003a_TourofPremises']","dynamicFileSchema/-1782719220":"@triggerOutputs()?['body/Title']","dynamicFileSchema/-355575941":"@triggerOutputs()?['body/DateofStart']","dynamicFileSchema/-704631821":"@triggerOutputs()?['body/ApplicationFormCompleted']","dynamicFileSchema/-1459482968":"@triggerOutputs()?['body/BankDetailsFormCompleted']","dynamicFileSchema/-1140339347":"@triggerOutputs()?['body/HMRCStarterForm_x0028_PDF_x0029_']","dynamicFileSchema/-1775467957":"@triggerOutputs()?['body/Companyemailaddresssetupinfosent']","dynamicFileSchema/-870453914":"@triggerOutputs()?['body/Linktonewcompanyemailaddress/Email']","dynamicFileSchema/-2036568444":"@triggerOutputs()?['body/AddedtoPayroll']","dynamicFileSchema/-1209414521":"@triggerOutputs()?['body/IDDocumentReceived']","dynamicFileSchema/-2045744776":"@triggerOutputs()?['body/HomeAddressDocumentReceived']","dynamicFileSchema/-1921553614":"@triggerOutputs()?['body/OnboardingComplete']","dynamicFileSchema/-1529487381":"@triggerOutputs()?['body/Manager_x002f_supervisortomeetne']","dynamicFileSchema/-1220437063":"@triggerOutputs()?['body/Introductiontoworkcolleagues']","dynamicFileSchema/-884012045":"@triggerOutputs()?['body/Placeofwork_x003a_TourofPremises']","dynamicFileSchema/-804853777":"@triggerOutputs()?['body/Introductiontoresponsibilitiesan']","dynamicFileSchema/-232325992":"@triggerOutputs()?['body/Fireexitsandevacuationprocedures']","dynamicFileSchema/-471605209":"@triggerOutputs()?['body/IssueofPPE']"},"authentication":"@parameters('$authentication')"}},"Delete_item":{"runAfter":{"Create_file":["Succeeded"]},"metadata":{"operationMetadataId":"623de307-2ede-41c2-bc6a-e464b3d91f1e"},"type":"OpenApiConnection","inputs":{"host":{"apiId":"/providers/Microsoft.PowerApps/apis/shared_sharepointonline","connectionName":"shared_sharepointonline","operationId":"DeleteItem"},"parameters":{"dataset":"https://mcadamlloyd.sharepoint.com/sites/HR","table":"c38b426d-71b1-47e5-b046-9f86a0968828","id":"@triggerOutputs()?['body/ID']"},"authentication":"@parameters('$authentication')"}},"Create_file":{"runAfter":{"Populate_a_Microsoft_Word_template":["Succeeded"]},"metadata":{"operationMetadataId":"7c17933d-f4ad-42d4-b3d2-a3046f16320b"},"type":"OpenApiConnection","inputs":{"host":{"apiId":"/providers/Microsoft.PowerApps/apis/shared_sharepointonline","connectionName":"shared_sharepointonline","operationId":"CreateFile"},"parameters":{"dataset":"https://mcadamlloyd.sharepoint.com/sites/HR","folderPath":"Shared Documents/Employee Files/PDM Employees/@{triggerOutputs()?['body/Title']}/Employee Confidential/","name":"Employee Onboarding Record - @{triggerOutputs()?['body/Title']}.docx","body":"@body('Populate_a_Microsoft_Word_template')"},"authentication":"@parameters('$authentication')"},"runtimeConfiguration":{"contentTransfer":{"transferMode":"Chunked"}}}}},"PEK":{"case":"PEK","actions":{"Populate_a_Microsoft_Word_template_2":{"runAfter":{},"metadata":{"01GEQ2M2LVJ4VKGKDVYZHLBHFSURAND57P":"/PEK-TPT-009 Peak Employee Onboarding Record.docx","operationMetadataId":"10498b61-d391-4139-9a95-c6e9912a8969"},"type":"OpenApiConnection","inputs":{"host":{"apiId":"/providers/Microsoft.PowerApps/apis/shared_wordonlinebusiness","connectionName":"shared_wordonlinebusiness","operationId":"CreateFileItem"},"parameters":{"source":"sites/mcadamlloyd.sharepoint.com,9c7dc291-2d0b-4919-8662-b23d491b7d5a,881c1b0a-4a2d-49f3-ad5c-e459f936077c","drive":"b!kcJ9nAstGUmGYrI9SRt9WgobHIgtSvNJrVzkWfk2B3yaBXL8JgMERLukc6xwwUFa","file":"01GEQ2M2LVJ4VKGKDVYZHLBHFSURAND57P","dynamicFileSchema/69318224":"@triggerOutputs()?['body/LocationofFirstaidequipment']","dynamicFileSchema/74633206":"@triggerOutputs()?['body/AdddetailstoSageHR']","dynamicFileSchema/291332473":"@triggerOutputs()?['body/References/Value']","dynamicFileSchema/774830949":"@triggerOutputs()?['body/ContractIssued']","dynamicFileSchema/786007885":"@triggerOutputs()?['body/Briefintroductiontohistoryandpro']","dynamicFileSchema/998705781":"@triggerOutputs()?['body/NationalInsuranceNumberDocumentR']","dynamicFileSchema/1366015254":"@triggerOutputs()?['body/Agreementtooptoutof48hourweekCom']","dynamicFileSchema/1469701959":"@triggerOutputs()?['body/HealthQuestionnaireCompleted']","dynamicFileSchema/1565679010":"@triggerOutputs()?['body/Placeofwork_x003a_Canteen_x002f_']","dynamicFileSchema/1812823416":"@triggerOutputs()?['body/ClockcardIssued']","dynamicFileSchema/1884983027":"@triggerOutputs()?['body/Hazardsandrisksinownparticularwo']","dynamicFileSchema/1975716575":"@triggerOutputs()?['body/Locationanduseoffireextinguisher']","dynamicFileSchema/2082873116":"@triggerOutputs()?['body/TermsofEngagementforAgencyWorker/Value']","dynamicFileSchema/2124039682":"@triggerOutputs()?['body/Placeofwork_x003a_TourofPremises']","dynamicFileSchema/-1782719220":"@triggerOutputs()?['body/Title']","dynamicFileSchema/-355575941":"@triggerOutputs()?['body/DateofStart']","dynamicFileSchema/-704631821":"@triggerOutputs()?['body/ApplicationFormCompleted']","dynamicFileSchema/-1459482968":"@triggerOutputs()?['body/BankDetailsFormCompleted']","dynamicFileSchema/-1140339347":"@triggerOutputs()?['body/HMRCStarterForm_x0028_PDF_x0029_']","dynamicFileSchema/-1362348985":"@triggerOutputs()?['body/RegistrationFormCompleted/Value']","dynamicFileSchema/-1775467957":"@triggerOutputs()?['body/Companyemailaddresssetupinfosent']","dynamicFileSchema/-870453914":"@triggerOutputs()?['body/Linktonewcompanyemailaddress/Email']","dynamicFileSchema/-2036568444":"@triggerOutputs()?['body/AddedtoPayroll']","dynamicFileSchema/-1209414521":"@triggerOutputs()?['body/IDDocumentReceived']","dynamicFileSchema/-2045744776":"@triggerOutputs()?['body/HomeAddressDocumentReceived']","dynamicFileSchema/-1921553614":"@triggerOutputs()?['body/OnboardingComplete']","dynamicFileSchema/-1529487381":"@triggerOutputs()?['body/Manager_x002f_supervisortomeetne']","dynamicFileSchema/-1220437063":"@triggerOutputs()?['body/Introductiontoworkcolleagues']","dynamicFileSchema/-884012045":"@triggerOutputs()?['body/Placeofwork_x003a_TourofPremises']","dynamicFileSchema/-804853777":"@triggerOutputs()?['body/Introductiontoresponsibilitiesan']","dynamicFileSchema/-232325992":"@triggerOutputs()?['body/Fireexitsandevacuationprocedures']","dynamicFileSchema/-471605209":"@triggerOutputs()?['body/IssueofPPE']"},"authentication":"@parameters('$authentication')"}},"Create_file_2":{"runAfter":{"Populate_a_Microsoft_Word_template_2":["Succeeded"]},"metadata":{"operationMetadataId":"32fac25e-fe38-4b44-ae91-63a51696fc58"},"type":"OpenApiConnection","inputs":{"host":{"apiId":"/providers/Microsoft.PowerApps/apis/shared_sharepointonline","connectionName":"shared_sharepointonline","operationId":"CreateFile"},"parameters":{"dataset":"https://mcadamlloyd.sharepoint.com/sites/HR","folderPath":"Shared Documents/Employee Files/Peak Temporary Workers/@{triggerOutputs()?['body/Title']}/Employee Confidential/","name":"Employee Onboarding Record - @{triggerOutputs()?['body/Title']}.docx","body":"@body('Populate_a_Microsoft_Word_template_2')"},"authentication":"@parameters('$authentication')"},"runtimeConfiguration":{"contentTransfer":{"transferMode":"Chunked"}}},"Delete_item_2":{"runAfter":{"Create_file_2":["Succeeded"]},"metadata":{"operationMetadataId":"da52a775-34bb-4006-bb8a-f2402180f5f0"},"type":"OpenApiConnection","inputs":{"host":{"apiId":"/providers/Microsoft.PowerApps/apis/shared_sharepointonline","connectionName":"shared_sharepointonline","operationId":"DeleteItem"},"parameters":{"dataset":"https://mcadamlloyd.sharepoint.com/sites/HR","table":"c38b426d-71b1-47e5-b046-9f86a0968828","id":"@triggerOutputs()?['body/ID']"},"authentication":"@parameters('$authentication')"}}}}},"default":{"actions":{}},"expression":"@triggerOutputs()?['body/OfferType/Value']","metadata":{"operationMetadataId":"7543862f-7c23-47db-820d-f0aab217d3c5"},"type":"Switch"}},"runAfter":{},"else":{"actions":{"Terminate":{"runAfter":{},"metadata":{"operationMetadataId":"93f488fe-3b25-4692-869e-c0eb9868718b"},"type":"Terminate","inputs":{"runStatus":"Succeeded"}}}},"expression":{"equals":["@triggerOutputs()?['body/OnboardingComplete']",true]},"metadata":{"operationMetadataId":"2e2ab5ba-929c-48af-91ea-279a839e9f39"},"type":"If"}}},"connectionReferences":{"shared_wordonlinebusiness":{"connectionName":"8fba4252686849e288c2e794cefb4991","source":"Embedded","id":"/providers/Microsoft.PowerApps/apis/shared_wordonlinebusiness","tier":"NotSpecified"},"shared_sharepointonline":{"connectionName":"6b8841c510124e29929ca4cbf098ca2e","source":"Embedded","id":"/providers/Microsoft.PowerApps/apis/shared_sharepointonline","tier":"NotSpecified"}},"flowFailureAlertSubscribed":false,"isManaged":false}}