{"name":"8e40e7ef-0b40-4154-a1f7-4e0ddfc276e0","id":"/providers/Microsoft.Flow/flows/8e40e7ef-0b40-4154-a1f7-4e0ddfc276e0","type":"Microsoft.Flow/flows","properties":{"apiId":"/providers/Microsoft.PowerApps/apis/shared_logicflows","displayName":"ADTCAB Post Changes into Slack & Teams","definition":{"metadata":{"workflowEntityId":null,"processAdvisorMetadata":null,"flowclientsuspensionreason":"None","flowclientsuspensiontime":null,"flowclientsuspensionreasondetails":null,"creator":{"id":"d80946cf-9971-4e62-a505-94a91fdf95b2","type":"User","tenantId":"eebf42f0-fb5a-460f-a80a-1b6593988a6e"},"provisioningMethod":"FromDefinition","failureAlertSubscription":true,"clientLastModifiedTime":"2022-08-16T06:35:28.165733Z","flowChargedByPaygo":null},"$schema":"https://schema.management.azure.com/providers/Microsoft.Logic/schemas/2016-06-01/workflowdefinition.json#","contentVersion":"1.0.0.0","parameters":{"$connections":{"defaultValue":{},"type":"Object"},"$authentication":{"defaultValue":{},"type":"SecureObject"}},"triggers":{"When_a_file_is_created_or_modified_(properties_only)":{"recurrence":{"frequency":"Minute","interval":1},"splitOn":"@triggerOutputs()?['body/value']","metadata":{"operationMetadataId":"3fed4260-3368-442e-9691-f9c563228b5e"},"type":"OpenApiConnection","inputs":{"host":{"apiId":"/providers/Microsoft.PowerApps/apis/shared_sharepointonline","connectionName":"shared_sharepointonline","operationId":"GetOnUpdatedFileItems"},"parameters":{"dataset":"https://assureddt.sharepoint.com/sites/ADTCAB","table":"16c3fe37-7daf-4135-9741-02e35da1a9a6"},"authentication":"@parameters('$authentication')"}}},"actions":{"Condition":{"actions":{"Post_message_in_a_chat_or_channel":{"runAfter":{},"metadata":{"operationMetadataId":"a8632fa3-3837-44ad-9dce-c197a685698d"},"type":"OpenApiConnection","inputs":{"host":{"apiId":"/providers/Microsoft.PowerApps/apis/shared_teams","connectionName":"shared_teams","operationId":"PostMessageToConversation"},"parameters":{"poster":"Flow bot","location":"Channel","body/recipient/groupId":"8dd368c7-a33d-4a55-9048-314cb87f154b","body/recipient/channelId":"19:GeeM9cf6fyINeqX38VP6QWupiNUKhmpSMRUpsOyXcjs1@thread.tacv2","body/messageBody":"<p>Status Has Been Changed to @{triggerOutputs()?['body/Change_x0020_Status/Value']}:<br>\n<br>\nChange Request Number: @{triggerOutputs()?['body/Change_x0020_Ref']}<br>\n<br>\nChange Name: @{triggerOutputs()?['body/{Name}']}<br>\n<br>\nChange Owner: @{triggerOutputs()?['body/Change_x0020_Owner']}<br>\n<br>\nLink to Change: @{triggerOutputs()?['body/{Link}']}</p>"},"authentication":"@parameters('$authentication')"}}},"runAfter":{},"else":{"actions":{"Terminate":{"runAfter":{},"metadata":{"operationMetadataId":"7e348e70-e1e9-4f4d-8392-7b5d4a25ffa7"},"type":"Terminate","inputs":{"runStatus":"Succeeded"}}}},"expression":{"or":[{"equals":["@triggerOutputs()?['body/Change_x0020_Status/Value']","Implemented Successfully"]},{"equals":["@triggerOutputs()?['body/Change_x0020_Status/Value']","Backout Applied"]}]},"metadata":{"operationMetadataId":"cc6a97b1-5784-4c7e-989f-e46a56f8e23e"},"type":"If"}},"outputs":{}},"connectionReferences":{"shared_teams":{"connectionName":"shared-teams-b8f35eb8-b633-493b-acc6-d72e563558d6","source":"Embedded","id":"/providers/Microsoft.PowerApps/apis/shared_teams","tier":"NotSpecified"},"shared_sharepointonline":{"connectionName":"shared-sharepointonl-eceac7d4-dffb-4774-a969-6deeb960fa0d","source":"Embedded","id":"/providers/Microsoft.PowerApps/apis/shared_sharepointonline","tier":"NotSpecified"}},"flowFailureAlertSubscribed":false,"isManaged":false}}